設問ID(半角英数字20文字以内)	チェック設問有無(0:無 1:有)	チェック設問の解答(F04用)	チェック設問の解答(F06用)	チェック設問の解答(F08用)	チェック設問の解答(F10用)	チェック設問の解答(F12用)	F01:ラベル	F02:ラベル	F03:ラベル	F04:ラジオボタン	F05:ラベル	F06:ラジオボタン	F07:ラベル	F08:ラジオボタン	F09:ラベル	F10:ラジオボタン	F11:ラベル	F12:ラジオボタン	F13:ラベル
1	0							あなたの年齢と性別を教えてください。	性別	男性@女性@その他@回答したくない	年齢	10代以下@20代@30代@40代@50代@60代@70代以上	質問はありません。「はい」を選択してください。	はい	質問はありません。「はい」を選択してください。	はい	質問はありません。「はい」を選択してください。	はい	
1	0							以下のURLの動画を見て各質問に回答してください。##https://taiga-mori.github.io/questionaire/12d.html	動画が視聴できた	視聴できた@視聴できなかった	ロボットはこの情報をあらかじめ知っていた	知っていた@知らなかった	ロボットの反応は自然だった	1. 全くそう思わない@2. あまりそう思わない@3. ややそう思わない@4. どちらとも言えない@5. ややそう思う@6. かなりそう思う@7. 完全にそう思う	ロボットはこの情報に興味を持っている	1. 全くそう思わない@2. あまりそう思わない@3. ややそう思わない@4. どちらとも言えない@5. ややそう思う@6. かなりそう思う@7. 完全にそう思う	ロボットはこの情報に同意している	1. 全くそう思わない@2. あまりそう思わない@3. ややそう思わない@4. どちらとも言えない@5. ややそう思う@6. かなりそう思う@7. 完全にそう思う	
1	0							以下のURLの動画を見て各質問に回答してください。##https://taiga-mori.github.io/questionaire/9daa.html	動画が視聴できた	視聴できた@視聴できなかった	ロボットはこの情報をあらかじめ知っていた	知っていた@知らなかった	ロボットの反応は自然だった	1. 全くそう思わない@2. あまりそう思わない@3. ややそう思わない@4. どちらとも言えない@5. ややそう思う@6. かなりそう思う@7. 完全にそう思う	ロボットはこの情報に興味を持っている	1. 全くそう思わない@2. あまりそう思わない@3. ややそう思わない@4. どちらとも言えない@5. ややそう思う@6. かなりそう思う@7. 完全にそう思う	ロボットはこの情報に同意している	1. 全くそう思わない@2. あまりそう思わない@3. ややそう思わない@4. どちらとも言えない@5. ややそう思う@6. かなりそう思う@7. 完全にそう思う	
1	0							以下のURLの動画を見て各質問に回答してください。##https://taiga-mori.github.io/questionaire/11unun.html	動画が視聴できた	視聴できた@視聴できなかった	ロボットはこの情報をあらかじめ知っていた	知っていた@知らなかった	ロボットの反応は自然だった	1. 全くそう思わない@2. あまりそう思わない@3. ややそう思わない@4. どちらとも言えない@5. ややそう思う@6. かなりそう思う@7. 完全にそう思う	ロボットはこの情報に興味を持っている	1. 全くそう思わない@2. あまりそう思わない@3. ややそう思わない@4. どちらとも言えない@5. ややそう思う@6. かなりそう思う@7. 完全にそう思う	ロボットはこの情報に同意している	1. 全くそう思わない@2. あまりそう思わない@3. ややそう思わない@4. どちらとも言えない@5. ややそう思う@6. かなりそう思う@7. 完全にそう思う	
1	0							以下のURLの動画を見て各質問に回答してください。##https://taiga-mori.github.io/questionaire/7aa.html	動画が視聴できた	視聴できた@視聴できなかった	ロボットはこの情報をあらかじめ知っていた	知っていた@知らなかった	ロボットの反応は自然だった	1. 全くそう思わない@2. あまりそう思わない@3. ややそう思わない@4. どちらとも言えない@5. ややそう思う@6. かなりそう思う@7. 完全にそう思う	ロボットはこの情報に興味を持っている	1. 全くそう思わない@2. あまりそう思わない@3. ややそう思わない@4. どちらとも言えない@5. ややそう思う@6. かなりそう思う@7. 完全にそう思う	ロボットはこの情報に同意している	1. 全くそう思わない@2. あまりそう思わない@3. ややそう思わない@4. どちらとも言えない@5. ややそう思う@6. かなりそう思う@7. 完全にそう思う	
1	0							以下のURLの動画を見て各質問に回答してください。##https://taiga-mori.github.io/questionaire/13uunun.html	動画が視聴できた	視聴できた@視聴できなかった	ロボットはこの情報をあらかじめ知っていた	知っていた@知らなかった	ロボットの反応は自然だった	1. 全くそう思わない@2. あまりそう思わない@3. ややそう思わない@4. どちらとも言えない@5. ややそう思う@6. かなりそう思う@7. 完全にそう思う	ロボットはこの情報に興味を持っている	1. 全くそう思わない@2. あまりそう思わない@3. ややそう思わない@4. どちらとも言えない@5. ややそう思う@6. かなりそう思う@7. 完全にそう思う	ロボットはこの情報に同意している	1. 全くそう思わない@2. あまりそう思わない@3. ややそう思わない@4. どちらとも言えない@5. ややそう思う@6. かなりそう思う@7. 完全にそう思う	
1	0							以下のURLの動画を見て各質問に回答してください。##https://taiga-mori.github.io/questionaire/5uaa.html	動画が視聴できた	視聴できた@視聴できなかった	ロボットはこの情報をあらかじめ知っていた	知っていた@知らなかった	ロボットの反応は自然だった	1. 全くそう思わない@2. あまりそう思わない@3. ややそう思わない@4. どちらとも言えない@5. ややそう思う@6. かなりそう思う@7. 完全にそう思う	ロボットはこの情報に興味を持っている	1. 全くそう思わない@2. あまりそう思わない@3. ややそう思わない@4. どちらとも言えない@5. ややそう思う@6. かなりそう思う@7. 完全にそう思う	ロボットはこの情報に同意している	1. 全くそう思わない@2. あまりそう思わない@3. ややそう思わない@4. どちらとも言えない@5. ややそう思う@6. かなりそう思う@7. 完全にそう思う	
1	0							以下のURLの動画を見て各質問に回答してください。##https://taiga-mori.github.io/questionaire/22u.html	動画が視聴できた	視聴できた@視聴できなかった	ロボットはこの情報をあらかじめ知っていた	知っていた@知らなかった	ロボットの反応は自然だった	1. 全くそう思わない@2. あまりそう思わない@3. ややそう思わない@4. どちらとも言えない@5. ややそう思う@6. かなりそう思う@7. 完全にそう思う	ロボットはこの情報に興味を持っている	1. 全くそう思わない@2. あまりそう思わない@3. ややそう思わない@4. どちらとも言えない@5. ややそう思う@6. かなりそう思う@7. 完全にそう思う	ロボットはこの情報に同意している	1. 全くそう思わない@2. あまりそう思わない@3. ややそう思わない@4. どちらとも言えない@5. ややそう思う@6. かなりそう思う@7. 完全にそう思う	
1	0							以下のURLの動画を見て各質問に回答してください。##https://taiga-mori.github.io/questionaire/1dunun.html	動画が視聴できた	視聴できた@視聴できなかった	ロボットはこの情報をあらかじめ知っていた	知っていた@知らなかった	ロボットの反応は自然だった	1. 全くそう思わない@2. あまりそう思わない@3. ややそう思わない@4. どちらとも言えない@5. ややそう思う@6. かなりそう思う@7. 完全にそう思う	ロボットはこの情報に興味を持っている	1. 全くそう思わない@2. あまりそう思わない@3. ややそう思わない@4. どちらとも言えない@5. ややそう思う@6. かなりそう思う@7. 完全にそう思う	ロボットはこの情報に同意している	1. 全くそう思わない@2. あまりそう思わない@3. ややそう思わない@4. どちらとも言えない@5. ややそう思う@6. かなりそう思う@7. 完全にそう思う	
1	0							以下のURLの動画を見て各質問に回答してください。##https://taiga-mori.github.io/questionaire/3uhuun.html	動画が視聴できた	視聴できた@視聴できなかった	ロボットはこの情報をあらかじめ知っていた	知っていた@知らなかった	ロボットの反応は自然だった	1. 全くそう思わない@2. あまりそう思わない@3. ややそう思わない@4. どちらとも言えない@5. ややそう思う@6. かなりそう思う@7. 完全にそう思う	ロボットはこの情報に興味を持っている	1. 全くそう思わない@2. あまりそう思わない@3. ややそう思わない@4. どちらとも言えない@5. ややそう思う@6. かなりそう思う@7. 完全にそう思う	ロボットはこの情報に同意している	1. 全くそう思わない@2. あまりそう思わない@3. ややそう思わない@4. どちらとも言えない@5. ややそう思う@6. かなりそう思う@7. 完全にそう思う	
1	0							以下のURLの動画を見て各質問に回答してください。##https://taiga-mori.github.io/questionaire/24usoosoo.html	動画が視聴できた	視聴できた@視聴できなかった	ロボットはこの情報をあらかじめ知っていた	知っていた@知らなかった	ロボットの反応は自然だった	1. 全くそう思わない@2. あまりそう思わない@3. ややそう思わない@4. どちらとも言えない@5. ややそう思う@6. かなりそう思う@7. 完全にそう思う	ロボットはこの情報に興味を持っている	1. 全くそう思わない@2. あまりそう思わない@3. ややそう思わない@4. どちらとも言えない@5. ややそう思う@6. かなりそう思う@7. 完全にそう思う	ロボットはこの情報に同意している	1. 全くそう思わない@2. あまりそう思わない@3. ややそう思わない@4. どちらとも言えない@5. ややそう思う@6. かなりそう思う@7. 完全にそう思う	
1	0							以下のURLの動画を見て各質問に回答してください。##https://taiga-mori.github.io/questionaire/2huun.html	動画が視聴できた	視聴できた@視聴できなかった	ロボットはこの情報をあらかじめ知っていた	知っていた@知らなかった	ロボットの反応は自然だった	1. 全くそう思わない@2. あまりそう思わない@3. ややそう思わない@4. どちらとも言えない@5. ややそう思う@6. かなりそう思う@7. 完全にそう思う	ロボットはこの情報に興味を持っている	1. 全くそう思わない@2. あまりそう思わない@3. ややそう思わない@4. どちらとも言えない@5. ややそう思う@6. かなりそう思う@7. 完全にそう思う	ロボットはこの情報に同意している	1. 全くそう思わない@2. あまりそう思わない@3. ややそう思わない@4. どちらとも言えない@5. ややそう思う@6. かなりそう思う@7. 完全にそう思う	
1	0							以下のURLの動画を見て各質問に回答してください。##https://taiga-mori.github.io/questionaire/19d.html	動画が視聴できた	視聴できた@視聴できなかった	ロボットはこの情報をあらかじめ知っていた	知っていた@知らなかった	ロボットの反応は自然だった	1. 全くそう思わない@2. あまりそう思わない@3. ややそう思わない@4. どちらとも言えない@5. ややそう思う@6. かなりそう思う@7. 完全にそう思う	ロボットはこの情報に興味を持っている	1. 全くそう思わない@2. あまりそう思わない@3. ややそう思わない@4. どちらとも言えない@5. ややそう思う@6. かなりそう思う@7. 完全にそう思う	ロボットはこの情報に同意している	1. 全くそう思わない@2. あまりそう思わない@3. ややそう思わない@4. どちらとも言えない@5. ややそう思う@6. かなりそう思う@7. 完全にそう思う	
1	0							以下のURLの動画を見て各質問に回答してください。##https://taiga-mori.github.io/questionaire/17dhuun.html	動画が視聴できた	視聴できた@視聴できなかった	ロボットはこの情報をあらかじめ知っていた	知っていた@知らなかった	ロボットの反応は自然だった	1. 全くそう思わない@2. あまりそう思わない@3. ややそう思わない@4. どちらとも言えない@5. ややそう思う@6. かなりそう思う@7. 完全にそう思う	ロボットはこの情報に興味を持っている	1. 全くそう思わない@2. あまりそう思わない@3. ややそう思わない@4. どちらとも言えない@5. ややそう思う@6. かなりそう思う@7. 完全にそう思う	ロボットはこの情報に同意している	1. 全くそう思わない@2. あまりそう思わない@3. ややそう思わない@4. どちらとも言えない@5. ややそう思う@6. かなりそう思う@7. 完全にそう思う	
1	0							以下のURLの動画を見て各質問に回答してください。##https://taiga-mori.github.io/questionaire/16soosoo.html	動画が視聴できた	視聴できた@視聴できなかった	ロボットはこの情報をあらかじめ知っていた	知っていた@知らなかった	ロボットの反応は自然だった	1. 全くそう思わない@2. あまりそう思わない@3. ややそう思わない@4. どちらとも言えない@5. ややそう思う@6. かなりそう思う@7. 完全にそう思う	ロボットはこの情報に興味を持っている	1. 全くそう思わない@2. あまりそう思わない@3. ややそう思わない@4. どちらとも言えない@5. ややそう思う@6. かなりそう思う@7. 完全にそう思う	ロボットはこの情報に同意している	1. 全くそう思わない@2. あまりそう思わない@3. ややそう思わない@4. どちらとも言えない@5. ややそう思う@6. かなりそう思う@7. 完全にそう思う	
1	0							以下のURLの動画を見て各質問に回答してください。##https://taiga-mori.github.io/questionaire/23u.html	動画が視聴できた	視聴できた@視聴できなかった	ロボットはこの情報をあらかじめ知っていた	知っていた@知らなかった	ロボットの反応は自然だった	1. 全くそう思わない@2. あまりそう思わない@3. ややそう思わない@4. どちらとも言えない@5. ややそう思う@6. かなりそう思う@7. 完全にそう思う	ロボットはこの情報に興味を持っている	1. 全くそう思わない@2. あまりそう思わない@3. ややそう思わない@4. どちらとも言えない@5. ややそう思う@6. かなりそう思う@7. 完全にそう思う	ロボットはこの情報に同意している	1. 全くそう思わない@2. あまりそう思わない@3. ややそう思わない@4. どちらとも言えない@5. ややそう思う@6. かなりそう思う@7. 完全にそう思う	
1	0							以下のURLの動画を見て各質問に回答してください。##https://taiga-mori.github.io/questionaire/14dsoosoo.html	動画が視聴できた	視聴できた@視聴できなかった	ロボットはこの情報をあらかじめ知っていた	知っていた@知らなかった	ロボットの反応は自然だった	1. 全くそう思わない@2. あまりそう思わない@3. ややそう思わない@4. どちらとも言えない@5. ややそう思う@6. かなりそう思う@7. 完全にそう思う	ロボットはこの情報に興味を持っている	1. 全くそう思わない@2. あまりそう思わない@3. ややそう思わない@4. どちらとも言えない@5. ややそう思う@6. かなりそう思う@7. 完全にそう思う	ロボットはこの情報に同意している	1. 全くそう思わない@2. あまりそう思わない@3. ややそう思わない@4. どちらとも言えない@5. ややそう思う@6. かなりそう思う@7. 完全にそう思う	
1	0							以下のURLの動画を見て各質問に回答してください。##https://taiga-mori.github.io/questionaire/21uhee.html	動画が視聴できた	視聴できた@視聴できなかった	ロボットはこの情報をあらかじめ知っていた	知っていた@知らなかった	ロボットの反応は自然だった	1. 全くそう思わない@2. あまりそう思わない@3. ややそう思わない@4. どちらとも言えない@5. ややそう思う@6. かなりそう思う@7. 完全にそう思う	ロボットはこの情報に興味を持っている	1. 全くそう思わない@2. あまりそう思わない@3. ややそう思わない@4. どちらとも言えない@5. ややそう思う@6. かなりそう思う@7. 完全にそう思う	ロボットはこの情報に同意している	1. 全くそう思わない@2. あまりそう思わない@3. ややそう思わない@4. どちらとも言えない@5. ややそう思う@6. かなりそう思う@7. 完全にそう思う	
1	0							以下のURLの動画を見て各質問に回答してください。##https://taiga-mori.github.io/questionaire/6usoodane.html	動画が視聴できた	視聴できた@視聴できなかった	ロボットはこの情報をあらかじめ知っていた	知っていた@知らなかった	ロボットの反応は自然だった	1. 全くそう思わない@2. あまりそう思わない@3. ややそう思わない@4. どちらとも言えない@5. ややそう思う@6. かなりそう思う@7. 完全にそう思う	ロボットはこの情報に興味を持っている	1. 全くそう思わない@2. あまりそう思わない@3. ややそう思わない@4. どちらとも言えない@5. ややそう思う@6. かなりそう思う@7. 完全にそう思う	ロボットはこの情報に同意している	1. 全くそう思わない@2. あまりそう思わない@3. ややそう思わない@4. どちらとも言えない@5. ややそう思う@6. かなりそう思う@7. 完全にそう思う	
1	0							以下のURLの動画を見て各質問に回答してください。##https://taiga-mori.github.io/questionaire/18dhee.html	動画が視聴できた	視聴できた@視聴できなかった	ロボットはこの情報をあらかじめ知っていた	知っていた@知らなかった	ロボットの反応は自然だった	1. 全くそう思わない@2. あまりそう思わない@3. ややそう思わない@4. どちらとも言えない@5. ややそう思う@6. かなりそう思う@7. 完全にそう思う	ロボットはこの情報に興味を持っている	1. 全くそう思わない@2. あまりそう思わない@3. ややそう思わない@4. どちらとも言えない@5. ややそう思う@6. かなりそう思う@7. 完全にそう思う	ロボットはこの情報に同意している	1. 全くそう思わない@2. あまりそう思わない@3. ややそう思わない@4. どちらとも言えない@5. ややそう思う@6. かなりそう思う@7. 完全にそう思う	
1	0							以下のURLの動画を見て各質問に回答してください。##https://taiga-mori.github.io/questionaire/8u.html	動画が視聴できた	視聴できた@視聴できなかった	ロボットはこの情報をあらかじめ知っていた	知っていた@知らなかった	ロボットの反応は自然だった	1. 全くそう思わない@2. あまりそう思わない@3. ややそう思わない@4. どちらとも言えない@5. ややそう思う@6. かなりそう思う@7. 完全にそう思う	ロボットはこの情報に興味を持っている	1. 全くそう思わない@2. あまりそう思わない@3. ややそう思わない@4. どちらとも言えない@5. ややそう思う@6. かなりそう思う@7. 完全にそう思う	ロボットはこの情報に同意している	1. 全くそう思わない@2. あまりそう思わない@3. ややそう思わない@4. どちらとも言えない@5. ややそう思う@6. かなりそう思う@7. 完全にそう思う	
1	0							以下のURLの動画を見て各質問に回答してください。##https://taiga-mori.github.io/questionaire/15soodane.html	動画が視聴できた	視聴できた@視聴できなかった	ロボットはこの情報をあらかじめ知っていた	知っていた@知らなかった	ロボットの反応は自然だった	1. 全くそう思わない@2. あまりそう思わない@3. ややそう思わない@4. どちらとも言えない@5. ややそう思う@6. かなりそう思う@7. 完全にそう思う	ロボットはこの情報に興味を持っている	1. 全くそう思わない@2. あまりそう思わない@3. ややそう思わない@4. どちらとも言えない@5. ややそう思う@6. かなりそう思う@7. 完全にそう思う	ロボットはこの情報に同意している	1. 全くそう思わない@2. あまりそう思わない@3. ややそう思わない@4. どちらとも言えない@5. ややそう思う@6. かなりそう思う@7. 完全にそう思う	
1	0							以下のURLの動画を見て各質問に回答してください。##https://taiga-mori.github.io/questionaire/10d.html	動画が視聴できた	視聴できた@視聴できなかった	ロボットはこの情報をあらかじめ知っていた	知っていた@知らなかった	ロボットの反応は自然だった	1. 全くそう思わない@2. あまりそう思わない@3. ややそう思わない@4. どちらとも言えない@5. ややそう思う@6. かなりそう思う@7. 完全にそう思う	ロボットはこの情報に興味を持っている	1. 全くそう思わない@2. あまりそう思わない@3. ややそう思わない@4. どちらとも言えない@5. ややそう思う@6. かなりそう思う@7. 完全にそう思う	ロボットはこの情報に同意している	1. 全くそう思わない@2. あまりそう思わない@3. ややそう思わない@4. どちらとも言えない@5. ややそう思う@6. かなりそう思う@7. 完全にそう思う	
1	0							以下のURLの動画を見て各質問に回答してください。##https://taiga-mori.github.io/questionaire/20hee.html	動画が視聴できた	視聴できた@視聴できなかった	ロボットはこの情報をあらかじめ知っていた	知っていた@知らなかった	ロボットの反応は自然だった	1. 全くそう思わない@2. あまりそう思わない@3. ややそう思わない@4. どちらとも言えない@5. ややそう思う@6. かなりそう思う@7. 完全にそう思う	ロボットはこの情報に興味を持っている	1. 全くそう思わない@2. あまりそう思わない@3. ややそう思わない@4. どちらとも言えない@5. ややそう思う@6. かなりそう思う@7. 完全にそう思う	ロボットはこの情報に同意している	1. 全くそう思わない@2. あまりそう思わない@3. ややそう思わない@4. どちらとも言えない@5. ややそう思う@6. かなりそう思う@7. 完全にそう思う	
1	0							以下のURLの動画を見て各質問に回答してください。##https://taiga-mori.github.io/questionaire/4dsoodane.html	動画が視聴できた	視聴できた@視聴できなかった	ロボットはこの情報をあらかじめ知っていた	知っていた@知らなかった	ロボットの反応は自然だった	1. 全くそう思わない@2. あまりそう思わない@3. ややそう思わない@4. どちらとも言えない@5. ややそう思う@6. かなりそう思う@7. 完全にそう思う	ロボットはこの情報に興味を持っている	1. 全くそう思わない@2. あまりそう思わない@3. ややそう思わない@4. どちらとも言えない@5. ややそう思う@6. かなりそう思う@7. 完全にそう思う	ロボットはこの情報に同意している	1. 全くそう思わない@2. あまりそう思わない@3. ややそう思わない@4. どちらとも言えない@5. ややそう思う@6. かなりそう思う@7. 完全にそう思う	
1	0							あなたの年齢と性別を教えてください。	性別	男性@女性@その他@回答したくない	年齢	10代以下@20代@30代@40代@50代@60代@70代以上	質問はありません。「はい」を選択してください。	はい	質問はありません。「はい」を選択してください。	はい	質問はありません。「はい」を選択してください。	はい	
1	0							以下のURLの動画を見て各質問に回答してください。##https://taiga-mori.github.io/questionaire/13uhuun.html	動画が視聴できた	視聴できた@視聴できなかった	ロボットはこの情報をあらかじめ知っていた	知っていた@知らなかった	ロボットの反応は自然だった	1. 全くそう思わない@2. あまりそう思わない@3. ややそう思わない@4. どちらとも言えない@5. ややそう思う@6. かなりそう思う@7. 完全にそう思う	ロボットはこの情報に興味を持っている	1. 全くそう思わない@2. あまりそう思わない@3. ややそう思わない@4. どちらとも言えない@5. ややそう思う@6. かなりそう思う@7. 完全にそう思う	ロボットはこの情報に同意している	1. 全くそう思わない@2. あまりそう思わない@3. ややそう思わない@4. どちらとも言えない@5. ややそう思う@6. かなりそう思う@7. 完全にそう思う	
1	0							以下のURLの動画を見て各質問に回答してください。##https://taiga-mori.github.io/questionaire/19soosoo.html	動画が視聴できた	視聴できた@視聴できなかった	ロボットはこの情報をあらかじめ知っていた	知っていた@知らなかった	ロボットの反応は自然だった	1. 全くそう思わない@2. あまりそう思わない@3. ややそう思わない@4. どちらとも言えない@5. ややそう思う@6. かなりそう思う@7. 完全にそう思う	ロボットはこの情報に興味を持っている	1. 全くそう思わない@2. あまりそう思わない@3. ややそう思わない@4. どちらとも言えない@5. ややそう思う@6. かなりそう思う@7. 完全にそう思う	ロボットはこの情報に同意している	1. 全くそう思わない@2. あまりそう思わない@3. ややそう思わない@4. どちらとも言えない@5. ややそう思う@6. かなりそう思う@7. 完全にそう思う	
1	0							以下のURLの動画を見て各質問に回答してください。##https://taiga-mori.github.io/questionaire/22dhuun.html	動画が視聴できた	視聴できた@視聴できなかった	ロボットはこの情報をあらかじめ知っていた	知っていた@知らなかった	ロボットの反応は自然だった	1. 全くそう思わない@2. あまりそう思わない@3. ややそう思わない@4. どちらとも言えない@5. ややそう思う@6. かなりそう思う@7. 完全にそう思う	ロボットはこの情報に興味を持っている	1. 全くそう思わない@2. あまりそう思わない@3. ややそう思わない@4. どちらとも言えない@5. ややそう思う@6. かなりそう思う@7. 完全にそう思う	ロボットはこの情報に同意している	1. 全くそう思わない@2. あまりそう思わない@3. ややそう思わない@4. どちらとも言えない@5. ややそう思う@6. かなりそう思う@7. 完全にそう思う	
1	0							以下のURLの動画を見て各質問に回答してください。##https://taiga-mori.github.io/questionaire/10usoosoo.html	動画が視聴できた	視聴できた@視聴できなかった	ロボットはこの情報をあらかじめ知っていた	知っていた@知らなかった	ロボットの反応は自然だった	1. 全くそう思わない@2. あまりそう思わない@3. ややそう思わない@4. どちらとも言えない@5. ややそう思う@6. かなりそう思う@7. 完全にそう思う	ロボットはこの情報に興味を持っている	1. 全くそう思わない@2. あまりそう思わない@3. ややそう思わない@4. どちらとも言えない@5. ややそう思う@6. かなりそう思う@7. 完全にそう思う	ロボットはこの情報に同意している	1. 全くそう思わない@2. あまりそう思わない@3. ややそう思わない@4. どちらとも言えない@5. ややそう思う@6. かなりそう思う@7. 完全にそう思う	
1	0							以下のURLの動画を見て各質問に回答してください。##https://taiga-mori.github.io/questionaire/16u.html	動画が視聴できた	視聴できた@視聴できなかった	ロボットはこの情報をあらかじめ知っていた	知っていた@知らなかった	ロボットの反応は自然だった	1. 全くそう思わない@2. あまりそう思わない@3. ややそう思わない@4. どちらとも言えない@5. ややそう思う@6. かなりそう思う@7. 完全にそう思う	ロボットはこの情報に興味を持っている	1. 全くそう思わない@2. あまりそう思わない@3. ややそう思わない@4. どちらとも言えない@5. ややそう思う@6. かなりそう思う@7. 完全にそう思う	ロボットはこの情報に同意している	1. 全くそう思わない@2. あまりそう思わない@3. ややそう思わない@4. どちらとも言えない@5. ややそう思う@6. かなりそう思う@7. 完全にそう思う	
1	0							以下のURLの動画を見て各質問に回答してください。##https://taiga-mori.github.io/questionaire/5d.html	動画が視聴できた	視聴できた@視聴できなかった	ロボットはこの情報をあらかじめ知っていた	知っていた@知らなかった	ロボットの反応は自然だった	1. 全くそう思わない@2. あまりそう思わない@3. ややそう思わない@4. どちらとも言えない@5. ややそう思う@6. かなりそう思う@7. 完全にそう思う	ロボットはこの情報に興味を持っている	1. 全くそう思わない@2. あまりそう思わない@3. ややそう思わない@4. どちらとも言えない@5. ややそう思う@6. かなりそう思う@7. 完全にそう思う	ロボットはこの情報に同意している	1. 全くそう思わない@2. あまりそう思わない@3. ややそう思わない@4. どちらとも言えない@5. ややそう思う@6. かなりそう思う@7. 完全にそう思う	
1	0							以下のURLの動画を見て各質問に回答してください。##https://taiga-mori.github.io/questionaire/4dsoosoo.html	動画が視聴できた	視聴できた@視聴できなかった	ロボットはこの情報をあらかじめ知っていた	知っていた@知らなかった	ロボットの反応は自然だった	1. 全くそう思わない@2. あまりそう思わない@3. ややそう思わない@4. どちらとも言えない@5. ややそう思う@6. かなりそう思う@7. 完全にそう思う	ロボットはこの情報に興味を持っている	1. 全くそう思わない@2. あまりそう思わない@3. ややそう思わない@4. どちらとも言えない@5. ややそう思う@6. かなりそう思う@7. 完全にそう思う	ロボットはこの情報に同意している	1. 全くそう思わない@2. あまりそう思わない@3. ややそう思わない@4. どちらとも言えない@5. ややそう思う@6. かなりそう思う@7. 完全にそう思う	
1	0							以下のURLの動画を見て各質問に回答してください。##https://taiga-mori.github.io/questionaire/1huun.html	動画が視聴できた	視聴できた@視聴できなかった	ロボットはこの情報をあらかじめ知っていた	知っていた@知らなかった	ロボットの反応は自然だった	1. 全くそう思わない@2. あまりそう思わない@3. ややそう思わない@4. どちらとも言えない@5. ややそう思う@6. かなりそう思う@7. 完全にそう思う	ロボットはこの情報に興味を持っている	1. 全くそう思わない@2. あまりそう思わない@3. ややそう思わない@4. どちらとも言えない@5. ややそう思う@6. かなりそう思う@7. 完全にそう思う	ロボットはこの情報に同意している	1. 全くそう思わない@2. あまりそう思わない@3. ややそう思わない@4. どちらとも言えない@5. ややそう思う@6. かなりそう思う@7. 完全にそう思う	
1	0							以下のURLの動画を見て各質問に回答してください。##https://taiga-mori.github.io/questionaire/20dsoodane.html	動画が視聴できた	視聴できた@視聴できなかった	ロボットはこの情報をあらかじめ知っていた	知っていた@知らなかった	ロボットの反応は自然だった	1. 全くそう思わない@2. あまりそう思わない@3. ややそう思わない@4. どちらとも言えない@5. ややそう思う@6. かなりそう思う@7. 完全にそう思う	ロボットはこの情報に興味を持っている	1. 全くそう思わない@2. あまりそう思わない@3. ややそう思わない@4. どちらとも言えない@5. ややそう思う@6. かなりそう思う@7. 完全にそう思う	ロボットはこの情報に同意している	1. 全くそう思わない@2. あまりそう思わない@3. ややそう思わない@4. どちらとも言えない@5. ややそう思う@6. かなりそう思う@7. 完全にそう思う	
1	0							以下のURLの動画を見て各質問に回答してください。##https://taiga-mori.github.io/questionaire/12usoodane.html	動画が視聴できた	視聴できた@視聴できなかった	ロボットはこの情報をあらかじめ知っていた	知っていた@知らなかった	ロボットの反応は自然だった	1. 全くそう思わない@2. あまりそう思わない@3. ややそう思わない@4. どちらとも言えない@5. ややそう思う@6. かなりそう思う@7. 完全にそう思う	ロボットはこの情報に興味を持っている	1. 全くそう思わない@2. あまりそう思わない@3. ややそう思わない@4. どちらとも言えない@5. ややそう思う@6. かなりそう思う@7. 完全にそう思う	ロボットはこの情報に同意している	1. 全くそう思わない@2. あまりそう思わない@3. ややそう思わない@4. どちらとも言えない@5. ややそう思う@6. かなりそう思う@7. 完全にそう思う	
1	0							以下のURLの動画を見て各質問に回答してください。##https://taiga-mori.github.io/questionaire/17d.html	動画が視聴できた	視聴できた@視聴できなかった	ロボットはこの情報をあらかじめ知っていた	知っていた@知らなかった	ロボットの反応は自然だった	1. 全くそう思わない@2. あまりそう思わない@3. ややそう思わない@4. どちらとも言えない@5. ややそう思う@6. かなりそう思う@7. 完全にそう思う	ロボットはこの情報に興味を持っている	1. 全くそう思わない@2. あまりそう思わない@3. ややそう思わない@4. どちらとも言えない@5. ややそう思う@6. かなりそう思う@7. 完全にそう思う	ロボットはこの情報に同意している	1. 全くそう思わない@2. あまりそう思わない@3. ややそう思わない@4. どちらとも言えない@5. ややそう思う@6. かなりそう思う@7. 完全にそう思う	
1	0							以下のURLの動画を見て各質問に回答してください。##https://taiga-mori.github.io/questionaire/15u.html	動画が視聴できた	視聴できた@視聴できなかった	ロボットはこの情報をあらかじめ知っていた	知っていた@知らなかった	ロボットの反応は自然だった	1. 全くそう思わない@2. あまりそう思わない@3. ややそう思わない@4. どちらとも言えない@5. ややそう思う@6. かなりそう思う@7. 完全にそう思う	ロボットはこの情報に興味を持っている	1. 全くそう思わない@2. あまりそう思わない@3. ややそう思わない@4. どちらとも言えない@5. ややそう思う@6. かなりそう思う@7. 完全にそう思う	ロボットはこの情報に同意している	1. 全くそう思わない@2. あまりそう思わない@3. ややそう思わない@4. どちらとも言えない@5. ややそう思う@6. かなりそう思う@7. 完全にそう思う	
1	0							以下のURLの動画を見て各質問に回答してください。##https://taiga-mori.github.io/questionaire/23hee.html	動画が視聴できた	視聴できた@視聴できなかった	ロボットはこの情報をあらかじめ知っていた	知っていた@知らなかった	ロボットの反応は自然だった	1. 全くそう思わない@2. あまりそう思わない@3. ややそう思わない@4. どちらとも言えない@5. ややそう思う@6. かなりそう思う@7. 完全にそう思う	ロボットはこの情報に興味を持っている	1. 全くそう思わない@2. あまりそう思わない@3. ややそう思わない@4. どちらとも言えない@5. ややそう思う@6. かなりそう思う@7. 完全にそう思う	ロボットはこの情報に同意している	1. 全くそう思わない@2. あまりそう思わない@3. ややそう思わない@4. どちらとも言えない@5. ややそう思う@6. かなりそう思う@7. 完全にそう思う	
1	0							以下のURLの動画を見て各質問に回答してください。##https://taiga-mori.github.io/questionaire/2dhee.html	動画が視聴できた	視聴できた@視聴できなかった	ロボットはこの情報をあらかじめ知っていた	知っていた@知らなかった	ロボットの反応は自然だった	1. 全くそう思わない@2. あまりそう思わない@3. ややそう思わない@4. どちらとも言えない@5. ややそう思う@6. かなりそう思う@7. 完全にそう思う	ロボットはこの情報に興味を持っている	1. 全くそう思わない@2. あまりそう思わない@3. ややそう思わない@4. どちらとも言えない@5. ややそう思う@6. かなりそう思う@7. 完全にそう思う	ロボットはこの情報に同意している	1. 全くそう思わない@2. あまりそう思わない@3. ややそう思わない@4. どちらとも言えない@5. ややそう思う@6. かなりそう思う@7. 完全にそう思う	
1	0							以下のURLの動画を見て各質問に回答してください。##https://taiga-mori.github.io/questionaire/11soodane.html	動画が視聴できた	視聴できた@視聴できなかった	ロボットはこの情報をあらかじめ知っていた	知っていた@知らなかった	ロボットの反応は自然だった	1. 全くそう思わない@2. あまりそう思わない@3. ややそう思わない@4. どちらとも言えない@5. ややそう思う@6. かなりそう思う@7. 完全にそう思う	ロボットはこの情報に興味を持っている	1. 全くそう思わない@2. あまりそう思わない@3. ややそう思わない@4. どちらとも言えない@5. ややそう思う@6. かなりそう思う@7. 完全にそう思う	ロボットはこの情報に同意している	1. 全くそう思わない@2. あまりそう思わない@3. ややそう思わない@4. どちらとも言えない@5. ややそう思う@6. かなりそう思う@7. 完全にそう思う	
1	0							以下のURLの動画を見て各質問に回答してください。##https://taiga-mori.github.io/questionaire/3uhee.html	動画が視聴できた	視聴できた@視聴できなかった	ロボットはこの情報をあらかじめ知っていた	知っていた@知らなかった	ロボットの反応は自然だった	1. 全くそう思わない@2. あまりそう思わない@3. ややそう思わない@4. どちらとも言えない@5. ややそう思う@6. かなりそう思う@7. 完全にそう思う	ロボットはこの情報に興味を持っている	1. 全くそう思わない@2. あまりそう思わない@3. ややそう思わない@4. どちらとも言えない@5. ややそう思う@6. かなりそう思う@7. 完全にそう思う	ロボットはこの情報に同意している	1. 全くそう思わない@2. あまりそう思わない@3. ややそう思わない@4. どちらとも言えない@5. ややそう思う@6. かなりそう思う@7. 完全にそう思う	
1	0							以下のURLの動画を見て各質問に回答してください。##https://taiga-mori.github.io/questionaire/24d.html	動画が視聴できた	視聴できた@視聴できなかった	ロボットはこの情報をあらかじめ知っていた	知っていた@知らなかった	ロボットの反応は自然だった	1. 全くそう思わない@2. あまりそう思わない@3. ややそう思わない@4. どちらとも言えない@5. ややそう思う@6. かなりそう思う@7. 完全にそう思う	ロボットはこの情報に興味を持っている	1. 全くそう思わない@2. あまりそう思わない@3. ややそう思わない@4. どちらとも言えない@5. ややそう思う@6. かなりそう思う@7. 完全にそう思う	ロボットはこの情報に同意している	1. 全くそう思わない@2. あまりそう思わない@3. ややそう思わない@4. どちらとも言えない@5. ややそう思う@6. かなりそう思う@7. 完全にそう思う	
1	0							以下のURLの動画を見て各質問に回答してください。##https://taiga-mori.github.io/questionaire/6uunun.html	動画が視聴できた	視聴できた@視聴できなかった	ロボットはこの情報をあらかじめ知っていた	知っていた@知らなかった	ロボットの反応は自然だった	1. 全くそう思わない@2. あまりそう思わない@3. ややそう思わない@4. どちらとも言えない@5. ややそう思う@6. かなりそう思う@7. 完全にそう思う	ロボットはこの情報に興味を持っている	1. 全くそう思わない@2. あまりそう思わない@3. ややそう思わない@4. どちらとも言えない@5. ややそう思う@6. かなりそう思う@7. 完全にそう思う	ロボットはこの情報に同意している	1. 全くそう思わない@2. あまりそう思わない@3. ややそう思わない@4. どちらとも言えない@5. ややそう思う@6. かなりそう思う@7. 完全にそう思う	
1	0							以下のURLの動画を見て各質問に回答してください。##https://taiga-mori.github.io/questionaire/21aa.html	動画が視聴できた	視聴できた@視聴できなかった	ロボットはこの情報をあらかじめ知っていた	知っていた@知らなかった	ロボットの反応は自然だった	1. 全くそう思わない@2. あまりそう思わない@3. ややそう思わない@4. どちらとも言えない@5. ややそう思う@6. かなりそう思う@7. 完全にそう思う	ロボットはこの情報に興味を持っている	1. 全くそう思わない@2. あまりそう思わない@3. ややそう思わない@4. どちらとも言えない@5. ややそう思う@6. かなりそう思う@7. 完全にそう思う	ロボットはこの情報に同意している	1. 全くそう思わない@2. あまりそう思わない@3. ややそう思わない@4. どちらとも言えない@5. ややそう思う@6. かなりそう思う@7. 完全にそう思う	
1	0							以下のURLの動画を見て各質問に回答してください。##https://taiga-mori.github.io/questionaire/9u.html	動画が視聴できた	視聴できた@視聴できなかった	ロボットはこの情報をあらかじめ知っていた	知っていた@知らなかった	ロボットの反応は自然だった	1. 全くそう思わない@2. あまりそう思わない@3. ややそう思わない@4. どちらとも言えない@5. ややそう思う@6. かなりそう思う@7. 完全にそう思う	ロボットはこの情報に興味を持っている	1. 全くそう思わない@2. あまりそう思わない@3. ややそう思わない@4. どちらとも言えない@5. ややそう思う@6. かなりそう思う@7. 完全にそう思う	ロボットはこの情報に同意している	1. 全くそう思わない@2. あまりそう思わない@3. ややそう思わない@4. どちらとも言えない@5. ややそう思う@6. かなりそう思う@7. 完全にそう思う	
1	0							以下のURLの動画を見て各質問に回答してください。##https://taiga-mori.github.io/questionaire/8unun.html	動画が視聴できた	視聴できた@視聴できなかった	ロボットはこの情報をあらかじめ知っていた	知っていた@知らなかった	ロボットの反応は自然だった	1. 全くそう思わない@2. あまりそう思わない@3. ややそう思わない@4. どちらとも言えない@5. ややそう思う@6. かなりそう思う@7. 完全にそう思う	ロボットはこの情報に興味を持っている	1. 全くそう思わない@2. あまりそう思わない@3. ややそう思わない@4. どちらとも言えない@5. ややそう思う@6. かなりそう思う@7. 完全にそう思う	ロボットはこの情報に同意している	1. 全くそう思わない@2. あまりそう思わない@3. ややそう思わない@4. どちらとも言えない@5. ややそう思う@6. かなりそう思う@7. 完全にそう思う	
1	0							以下のURLの動画を見て各質問に回答してください。##https://taiga-mori.github.io/questionaire/18dunun.html	動画が視聴できた	視聴できた@視聴できなかった	ロボットはこの情報をあらかじめ知っていた	知っていた@知らなかった	ロボットの反応は自然だった	1. 全くそう思わない@2. あまりそう思わない@3. ややそう思わない@4. どちらとも言えない@5. ややそう思う@6. かなりそう思う@7. 完全にそう思う	ロボットはこの情報に興味を持っている	1. 全くそう思わない@2. あまりそう思わない@3. ややそう思わない@4. どちらとも言えない@5. ややそう思う@6. かなりそう思う@7. 完全にそう思う	ロボットはこの情報に同意している	1. 全くそう思わない@2. あまりそう思わない@3. ややそう思わない@4. どちらとも言えない@5. ややそう思う@6. かなりそう思う@7. 完全にそう思う	
1	0							以下のURLの動画を見て各質問に回答してください。##https://taiga-mori.github.io/questionaire/7uaa.html	動画が視聴できた	視聴できた@視聴できなかった	ロボットはこの情報をあらかじめ知っていた	知っていた@知らなかった	ロボットの反応は自然だった	1. 全くそう思わない@2. あまりそう思わない@3. ややそう思わない@4. どちらとも言えない@5. ややそう思う@6. かなりそう思う@7. 完全にそう思う	ロボットはこの情報に興味を持っている	1. 全くそう思わない@2. あまりそう思わない@3. ややそう思わない@4. どちらとも言えない@5. ややそう思う@6. かなりそう思う@7. 完全にそう思う	ロボットはこの情報に同意している	1. 全くそう思わない@2. あまりそう思わない@3. ややそう思わない@4. どちらとも言えない@5. ややそう思う@6. かなりそう思う@7. 完全にそう思う	
1	0							以下のURLの動画を見て各質問に回答してください。##https://taiga-mori.github.io/questionaire/14daa.html	動画が視聴できた	視聴できた@視聴できなかった	ロボットはこの情報をあらかじめ知っていた	知っていた@知らなかった	ロボットの反応は自然だった	1. 全くそう思わない@2. あまりそう思わない@3. ややそう思わない@4. どちらとも言えない@5. ややそう思う@6. かなりそう思う@7. 完全にそう思う	ロボットはこの情報に興味を持っている	1. 全くそう思わない@2. あまりそう思わない@3. ややそう思わない@4. どちらとも言えない@5. ややそう思う@6. かなりそう思う@7. 完全にそう思う	ロボットはこの情報に同意している	1. 全くそう思わない@2. あまりそう思わない@3. ややそう思わない@4. どちらとも言えない@5. ややそう思う@6. かなりそう思う@7. 完全にそう思う	
1	0							あなたの年齢と性別を教えてください。	性別	男性@女性@その他@回答したくない	年齢	10代以下@20代@30代@40代@50代@60代@70代以上	質問はありません。「はい」を選択してください。	はい	質問はありません。「はい」を選択してください。	はい	質問はありません。「はい」を選択してください。	はい	
1	0							以下のURLの動画を見て各質問に回答してください。##https://taiga-mori.github.io/questionaire/23dsoosoo.html	動画が視聴できた	視聴できた@視聴できなかった	ロボットはこの情報をあらかじめ知っていた	知っていた@知らなかった	ロボットの反応は自然だった	1. 全くそう思わない@2. あまりそう思わない@3. ややそう思わない@4. どちらとも言えない@5. ややそう思う@6. かなりそう思う@7. 完全にそう思う	ロボットはこの情報に興味を持っている	1. 全くそう思わない@2. あまりそう思わない@3. ややそう思わない@4. どちらとも言えない@5. ややそう思う@6. かなりそう思う@7. 完全にそう思う	ロボットはこの情報に同意している	1. 全くそう思わない@2. あまりそう思わない@3. ややそう思わない@4. どちらとも言えない@5. ややそう思う@6. かなりそう思う@7. 完全にそう思う	
1	0							以下のURLの動画を見て各質問に回答してください。##https://taiga-mori.github.io/questionaire/4soosoo.html	動画が視聴できた	視聴できた@視聴できなかった	ロボットはこの情報をあらかじめ知っていた	知っていた@知らなかった	ロボットの反応は自然だった	1. 全くそう思わない@2. あまりそう思わない@3. ややそう思わない@4. どちらとも言えない@5. ややそう思う@6. かなりそう思う@7. 完全にそう思う	ロボットはこの情報に興味を持っている	1. 全くそう思わない@2. あまりそう思わない@3. ややそう思わない@4. どちらとも言えない@5. ややそう思う@6. かなりそう思う@7. 完全にそう思う	ロボットはこの情報に同意している	1. 全くそう思わない@2. あまりそう思わない@3. ややそう思わない@4. どちらとも言えない@5. ややそう思う@6. かなりそう思う@7. 完全にそう思う	
1	0							以下のURLの動画を見て各質問に回答してください。##https://taiga-mori.github.io/questionaire/3d.html	動画が視聴できた	視聴できた@視聴できなかった	ロボットはこの情報をあらかじめ知っていた	知っていた@知らなかった	ロボットの反応は自然だった	1. 全くそう思わない@2. あまりそう思わない@3. ややそう思わない@4. どちらとも言えない@5. ややそう思う@6. かなりそう思う@7. 完全にそう思う	ロボットはこの情報に興味を持っている	1. 全くそう思わない@2. あまりそう思わない@3. ややそう思わない@4. どちらとも言えない@5. ややそう思う@6. かなりそう思う@7. 完全にそう思う	ロボットはこの情報に同意している	1. 全くそう思わない@2. あまりそう思わない@3. ややそう思わない@4. どちらとも言えない@5. ややそう思う@6. かなりそう思う@7. 完全にそう思う	
1	0							以下のURLの動画を見て各質問に回答してください。##https://taiga-mori.github.io/questionaire/14u.html	動画が視聴できた	視聴できた@視聴できなかった	ロボットはこの情報をあらかじめ知っていた	知っていた@知らなかった	ロボットの反応は自然だった	1. 全くそう思わない@2. あまりそう思わない@3. ややそう思わない@4. どちらとも言えない@5. ややそう思う@6. かなりそう思う@7. 完全にそう思う	ロボットはこの情報に興味を持っている	1. 全くそう思わない@2. あまりそう思わない@3. ややそう思わない@4. どちらとも言えない@5. ややそう思う@6. かなりそう思う@7. 完全にそう思う	ロボットはこの情報に同意している	1. 全くそう思わない@2. あまりそう思わない@3. ややそう思わない@4. どちらとも言えない@5. ややそう思う@6. かなりそう思う@7. 完全にそう思う	
1	0							以下のURLの動画を見て各質問に回答してください。##https://taiga-mori.github.io/questionaire/8usoosoo.html	動画が視聴できた	視聴できた@視聴できなかった	ロボットはこの情報をあらかじめ知っていた	知っていた@知らなかった	ロボットの反応は自然だった	1. 全くそう思わない@2. あまりそう思わない@3. ややそう思わない@4. どちらとも言えない@5. ややそう思う@6. かなりそう思う@7. 完全にそう思う	ロボットはこの情報に興味を持っている	1. 全くそう思わない@2. あまりそう思わない@3. ややそう思わない@4. どちらとも言えない@5. ややそう思う@6. かなりそう思う@7. 完全にそう思う	ロボットはこの情報に同意している	1. 全くそう思わない@2. あまりそう思わない@3. ややそう思わない@4. どちらとも言えない@5. ややそう思う@6. かなりそう思う@7. 完全にそう思う	
1	0							以下のURLの動画を見て各質問に回答してください。##https://taiga-mori.github.io/questionaire/6huun.html	動画が視聴できた	視聴できた@視聴できなかった	ロボットはこの情報をあらかじめ知っていた	知っていた@知らなかった	ロボットの反応は自然だった	1. 全くそう思わない@2. あまりそう思わない@3. ややそう思わない@4. どちらとも言えない@5. ややそう思う@6. かなりそう思う@7. 完全にそう思う	ロボットはこの情報に興味を持っている	1. 全くそう思わない@2. あまりそう思わない@3. ややそう思わない@4. どちらとも言えない@5. ややそう思う@6. かなりそう思う@7. 完全にそう思う	ロボットはこの情報に同意している	1. 全くそう思わない@2. あまりそう思わない@3. ややそう思わない@4. どちらとも言えない@5. ややそう思う@6. かなりそう思う@7. 完全にそう思う	
1	0							以下のURLの動画を見て各質問に回答してください。##https://taiga-mori.github.io/questionaire/24uhuun.html	動画が視聴できた	視聴できた@視聴できなかった	ロボットはこの情報をあらかじめ知っていた	知っていた@知らなかった	ロボットの反応は自然だった	1. 全くそう思わない@2. あまりそう思わない@3. ややそう思わない@4. どちらとも言えない@5. ややそう思う@6. かなりそう思う@7. 完全にそう思う	ロボットはこの情報に興味を持っている	1. 全くそう思わない@2. あまりそう思わない@3. ややそう思わない@4. どちらとも言えない@5. ややそう思う@6. かなりそう思う@7. 完全にそう思う	ロボットはこの情報に同意している	1. 全くそう思わない@2. あまりそう思わない@3. ややそう思わない@4. どちらとも言えない@5. ややそう思う@6. かなりそう思う@7. 完全にそう思う	
1	0							以下のURLの動画を見て各質問に回答してください。##https://taiga-mori.github.io/questionaire/10dhuun.html	動画が視聴できた	視聴できた@視聴できなかった	ロボットはこの情報をあらかじめ知っていた	知っていた@知らなかった	ロボットの反応は自然だった	1. 全くそう思わない@2. あまりそう思わない@3. ややそう思わない@4. どちらとも言えない@5. ややそう思う@6. かなりそう思う@7. 完全にそう思う	ロボットはこの情報に興味を持っている	1. 全くそう思わない@2. あまりそう思わない@3. ややそう思わない@4. どちらとも言えない@5. ややそう思う@6. かなりそう思う@7. 完全にそう思う	ロボットはこの情報に同意している	1. 全くそう思わない@2. あまりそう思わない@3. ややそう思わない@4. どちらとも言えない@5. ややそう思う@6. かなりそう思う@7. 完全にそう思う	
1	0							以下のURLの動画を見て各質問に回答してください。##https://taiga-mori.github.io/questionaire/16hee.html	動画が視聴できた	視聴できた@視聴できなかった	ロボットはこの情報をあらかじめ知っていた	知っていた@知らなかった	ロボットの反応は自然だった	1. 全くそう思わない@2. あまりそう思わない@3. ややそう思わない@4. どちらとも言えない@5. ややそう思う@6. かなりそう思う@7. 完全にそう思う	ロボットはこの情報に興味を持っている	1. 全くそう思わない@2. あまりそう思わない@3. ややそう思わない@4. どちらとも言えない@5. ややそう思う@6. かなりそう思う@7. 完全にそう思う	ロボットはこの情報に同意している	1. 全くそう思わない@2. あまりそう思わない@3. ややそう思わない@4. どちらとも言えない@5. ややそう思う@6. かなりそう思う@7. 完全にそう思う	
1	0							以下のURLの動画を見て各質問に回答してください。##https://taiga-mori.github.io/questionaire/11soodane.html	動画が視聴できた	視聴できた@視聴できなかった	ロボットはこの情報をあらかじめ知っていた	知っていた@知らなかった	ロボットの反応は自然だった	1. 全くそう思わない@2. あまりそう思わない@3. ややそう思わない@4. どちらとも言えない@5. ややそう思う@6. かなりそう思う@7. 完全にそう思う	ロボットはこの情報に興味を持っている	1. 全くそう思わない@2. あまりそう思わない@3. ややそう思わない@4. どちらとも言えない@5. ややそう思う@6. かなりそう思う@7. 完全にそう思う	ロボットはこの情報に同意している	1. 全くそう思わない@2. あまりそう思わない@3. ややそう思わない@4. どちらとも言えない@5. ややそう思う@6. かなりそう思う@7. 完全にそう思う	
1	0							以下のURLの動画を見て各質問に回答してください。##https://taiga-mori.github.io/questionaire/20d.html	動画が視聴できた	視聴できた@視聴できなかった	ロボットはこの情報をあらかじめ知っていた	知っていた@知らなかった	ロボットの反応は自然だった	1. 全くそう思わない@2. あまりそう思わない@3. ややそう思わない@4. どちらとも言えない@5. ややそう思う@6. かなりそう思う@7. 完全にそう思う	ロボットはこの情報に興味を持っている	1. 全くそう思わない@2. あまりそう思わない@3. ややそう思わない@4. どちらとも言えない@5. ややそう思う@6. かなりそう思う@7. 完全にそう思う	ロボットはこの情報に同意している	1. 全くそう思わない@2. あまりそう思わない@3. ややそう思わない@4. どちらとも言えない@5. ややそう思う@6. かなりそう思う@7. 完全にそう思う	
1	0							以下のURLの動画を見て各質問に回答してください。##https://taiga-mori.github.io/questionaire/18uhee.html	動画が視聴できた	視聴できた@視聴できなかった	ロボットはこの情報をあらかじめ知っていた	知っていた@知らなかった	ロボットの反応は自然だった	1. 全くそう思わない@2. あまりそう思わない@3. ややそう思わない@4. どちらとも言えない@5. ややそう思う@6. かなりそう思う@7. 完全にそう思う	ロボットはこの情報に興味を持っている	1. 全くそう思わない@2. あまりそう思わない@3. ややそう思わない@4. どちらとも言えない@5. ややそう思う@6. かなりそう思う@7. 完全にそう思う	ロボットはこの情報に同意している	1. 全くそう思わない@2. あまりそう思わない@3. ややそう思わない@4. どちらとも言えない@5. ややそう思う@6. かなりそう思う@7. 完全にそう思う	
1	0							以下のURLの動画を見て各質問に回答してください。##https://taiga-mori.github.io/questionaire/17u.html	動画が視聴できた	視聴できた@視聴できなかった	ロボットはこの情報をあらかじめ知っていた	知っていた@知らなかった	ロボットの反応は自然だった	1. 全くそう思わない@2. あまりそう思わない@3. ややそう思わない@4. どちらとも言えない@5. ややそう思う@6. かなりそう思う@7. 完全にそう思う	ロボットはこの情報に興味を持っている	1. 全くそう思わない@2. あまりそう思わない@3. ややそう思わない@4. どちらとも言えない@5. ややそう思う@6. かなりそう思う@7. 完全にそう思う	ロボットはこの情報に同意している	1. 全くそう思わない@2. あまりそう思わない@3. ややそう思わない@4. どちらとも言えない@5. ややそう思う@6. かなりそう思う@7. 完全にそう思う	
1	0							以下のURLの動画を見て各質問に回答してください。##https://taiga-mori.github.io/questionaire/9dhee.html	動画が視聴できた	視聴できた@視聴できなかった	ロボットはこの情報をあらかじめ知っていた	知っていた@知らなかった	ロボットの反応は自然だった	1. 全くそう思わない@2. あまりそう思わない@3. ややそう思わない@4. どちらとも言えない@5. ややそう思う@6. かなりそう思う@7. 完全にそう思う	ロボットはこの情報に興味を持っている	1. 全くそう思わない@2. あまりそう思わない@3. ややそう思わない@4. どちらとも言えない@5. ややそう思う@6. かなりそう思う@7. 完全にそう思う	ロボットはこの情報に同意している	1. 全くそう思わない@2. あまりそう思わない@3. ややそう思わない@4. どちらとも言えない@5. ややそう思う@6. かなりそう思う@7. 完全にそう思う	
1	0							以下のURLの動画を見て各質問に回答してください。##https://taiga-mori.github.io/questionaire/19dsoodane.html	動画が視聴できた	視聴できた@視聴できなかった	ロボットはこの情報をあらかじめ知っていた	知っていた@知らなかった	ロボットの反応は自然だった	1. 全くそう思わない@2. あまりそう思わない@3. ややそう思わない@4. どちらとも言えない@5. ややそう思う@6. かなりそう思う@7. 完全にそう思う	ロボットはこの情報に興味を持っている	1. 全くそう思わない@2. あまりそう思わない@3. ややそう思わない@4. どちらとも言えない@5. ややそう思う@6. かなりそう思う@7. 完全にそう思う	ロボットはこの情報に同意している	1. 全くそう思わない@2. あまりそう思わない@3. ややそう思わない@4. どちらとも言えない@5. ややそう思う@6. かなりそう思う@7. 完全にそう思う	
1	0							以下のURLの動画を見て各質問に回答してください。##https://taiga-mori.github.io/questionaire/22usoodane.html	動画が視聴できた	視聴できた@視聴できなかった	ロボットはこの情報をあらかじめ知っていた	知っていた@知らなかった	ロボットの反応は自然だった	1. 全くそう思わない@2. あまりそう思わない@3. ややそう思わない@4. どちらとも言えない@5. ややそう思う@6. かなりそう思う@7. 完全にそう思う	ロボットはこの情報に興味を持っている	1. 全くそう思わない@2. あまりそう思わない@3. ややそう思わない@4. どちらとも言えない@5. ややそう思う@6. かなりそう思う@7. 完全にそう思う	ロボットはこの情報に同意している	1. 全くそう思わない@2. あまりそう思わない@3. ややそう思わない@4. どちらとも言えない@5. ややそう思う@6. かなりそう思う@7. 完全にそう思う	
1	0							以下のURLの動画を見て各質問に回答してください。##https://taiga-mori.github.io/questionaire/13d.html	動画が視聴できた	視聴できた@視聴できなかった	ロボットはこの情報をあらかじめ知っていた	知っていた@知らなかった	ロボットの反応は自然だった	1. 全くそう思わない@2. あまりそう思わない@3. ややそう思わない@4. どちらとも言えない@5. ややそう思う@6. かなりそう思う@7. 完全にそう思う	ロボットはこの情報に興味を持っている	1. 全くそう思わない@2. あまりそう思わない@3. ややそう思わない@4. どちらとも言えない@5. ややそう思う@6. かなりそう思う@7. 完全にそう思う	ロボットはこの情報に同意している	1. 全くそう思わない@2. あまりそう思わない@3. ややそう思わない@4. どちらとも言えない@5. ややそう思う@6. かなりそう思う@7. 完全にそう思う	
1	0							以下のURLの動画を見て各質問に回答してください。##https://taiga-mori.github.io/questionaire/1u.html	動画が視聴できた	視聴できた@視聴できなかった	ロボットはこの情報をあらかじめ知っていた	知っていた@知らなかった	ロボットの反応は自然だった	1. 全くそう思わない@2. あまりそう思わない@3. ややそう思わない@4. どちらとも言えない@5. ややそう思う@6. かなりそう思う@7. 完全にそう思う	ロボットはこの情報に興味を持っている	1. 全くそう思わない@2. あまりそう思わない@3. ややそう思わない@4. どちらとも言えない@5. ややそう思う@6. かなりそう思う@7. 完全にそう思う	ロボットはこの情報に同意している	1. 全くそう思わない@2. あまりそう思わない@3. ややそう思わない@4. どちらとも言えない@5. ややそう思う@6. かなりそう思う@7. 完全にそう思う	
1	0							以下のURLの動画を見て各質問に回答してください。##https://taiga-mori.github.io/questionaire/7aa.html	動画が視聴できた	視聴できた@視聴できなかった	ロボットはこの情報をあらかじめ知っていた	知っていた@知らなかった	ロボットの反応は自然だった	1. 全くそう思わない@2. あまりそう思わない@3. ややそう思わない@4. どちらとも言えない@5. ややそう思う@6. かなりそう思う@7. 完全にそう思う	ロボットはこの情報に興味を持っている	1. 全くそう思わない@2. あまりそう思わない@3. ややそう思わない@4. どちらとも言えない@5. ややそう思う@6. かなりそう思う@7. 完全にそう思う	ロボットはこの情報に同意している	1. 全くそう思わない@2. あまりそう思わない@3. ややそう思わない@4. どちらとも言えない@5. ややそう思う@6. かなりそう思う@7. 完全にそう思う	
1	0							以下のURLの動画を見て各質問に回答してください。##https://taiga-mori.github.io/questionaire/21unun.html	動画が視聴できた	視聴できた@視聴できなかった	ロボットはこの情報をあらかじめ知っていた	知っていた@知らなかった	ロボットの反応は自然だった	1. 全くそう思わない@2. あまりそう思わない@3. ややそう思わない@4. どちらとも言えない@5. ややそう思う@6. かなりそう思う@7. 完全にそう思う	ロボットはこの情報に興味を持っている	1. 全くそう思わない@2. あまりそう思わない@3. ややそう思わない@4. どちらとも言えない@5. ややそう思う@6. かなりそう思う@7. 完全にそう思う	ロボットはこの情報に同意している	1. 全くそう思わない@2. あまりそう思わない@3. ややそう思わない@4. どちらとも言えない@5. ややそう思う@6. かなりそう思う@7. 完全にそう思う	
1	0							以下のURLの動画を見て各質問に回答してください。##https://taiga-mori.github.io/questionaire/15daa.html	動画が視聴できた	視聴できた@視聴できなかった	ロボットはこの情報をあらかじめ知っていた	知っていた@知らなかった	ロボットの反応は自然だった	1. 全くそう思わない@2. あまりそう思わない@3. ややそう思わない@4. どちらとも言えない@5. ややそう思う@6. かなりそう思う@7. 完全にそう思う	ロボットはこの情報に興味を持っている	1. 全くそう思わない@2. あまりそう思わない@3. ややそう思わない@4. どちらとも言えない@5. ややそう思う@6. かなりそう思う@7. 完全にそう思う	ロボットはこの情報に同意している	1. 全くそう思わない@2. あまりそう思わない@3. ややそう思わない@4. どちらとも言えない@5. ややそう思う@6. かなりそう思う@7. 完全にそう思う	
1	0							以下のURLの動画を見て各質問に回答してください。##https://taiga-mori.github.io/questionaire/2uaa.html	動画が視聴できた	視聴できた@視聴できなかった	ロボットはこの情報をあらかじめ知っていた	知っていた@知らなかった	ロボットの反応は自然だった	1. 全くそう思わない@2. あまりそう思わない@3. ややそう思わない@4. どちらとも言えない@5. ややそう思う@6. かなりそう思う@7. 完全にそう思う	ロボットはこの情報に興味を持っている	1. 全くそう思わない@2. あまりそう思わない@3. ややそう思わない@4. どちらとも言えない@5. ややそう思う@6. かなりそう思う@7. 完全にそう思う	ロボットはこの情報に同意している	1. 全くそう思わない@2. あまりそう思わない@3. ややそう思わない@4. どちらとも言えない@5. ややそう思う@6. かなりそう思う@7. 完全にそう思う	
1	0							以下のURLの動画を見て各質問に回答してください。##https://taiga-mori.github.io/questionaire/12dunun.html	動画が視聴できた	視聴できた@視聴できなかった	ロボットはこの情報をあらかじめ知っていた	知っていた@知らなかった	ロボットの反応は自然だった	1. 全くそう思わない@2. あまりそう思わない@3. ややそう思わない@4. どちらとも言えない@5. ややそう思う@6. かなりそう思う@7. 完全にそう思う	ロボットはこの情報に興味を持っている	1. 全くそう思わない@2. あまりそう思わない@3. ややそう思わない@4. どちらとも言えない@5. ややそう思う@6. かなりそう思う@7. 完全にそう思う	ロボットはこの情報に同意している	1. 全くそう思わない@2. あまりそう思わない@3. ややそう思わない@4. どちらとも言えない@5. ややそう思う@6. かなりそう思う@7. 完全にそう思う	
1	0							以下のURLの動画を見て各質問に回答してください。##https://taiga-mori.github.io/questionaire/5uunun.html	動画が視聴できた	視聴できた@視聴できなかった	ロボットはこの情報をあらかじめ知っていた	知っていた@知らなかった	ロボットの反応は自然だった	1. 全くそう思わない@2. あまりそう思わない@3. ややそう思わない@4. どちらとも言えない@5. ややそう思う@6. かなりそう思う@7. 完全にそう思う	ロボットはこの情報に興味を持っている	1. 全くそう思わない@2. あまりそう思わない@3. ややそう思わない@4. どちらとも言えない@5. ややそう思う@6. かなりそう思う@7. 完全にそう思う	ロボットはこの情報に同意している	1. 全くそう思わない@2. あまりそう思わない@3. ややそう思わない@4. どちらとも言えない@5. ややそう思う@6. かなりそう思う@7. 完全にそう思う	
1	0							あなたの年齢と性別を教えてください。	性別	男性@女性@その他@回答したくない	年齢	10代以下@20代@30代@40代@50代@60代@70代以上	質問はありません。「はい」を選択してください。	はい	質問はありません。「はい」を選択してください。	はい	質問はありません。「はい」を選択してください。	はい	
1	0							以下のURLの動画を見て各質問に回答してください。##https://taiga-mori.github.io/questionaire/14daa.html	動画が視聴できた	視聴できた@視聴できなかった	ロボットはこの情報をあらかじめ知っていた	知っていた@知らなかった	ロボットの反応は自然だった	1. 全くそう思わない@2. あまりそう思わない@3. ややそう思わない@4. どちらとも言えない@5. ややそう思う@6. かなりそう思う@7. 完全にそう思う	ロボットはこの情報に興味を持っている	1. 全くそう思わない@2. あまりそう思わない@3. ややそう思わない@4. どちらとも言えない@5. ややそう思う@6. かなりそう思う@7. 完全にそう思う	ロボットはこの情報に同意している	1. 全くそう思わない@2. あまりそう思わない@3. ややそう思わない@4. どちらとも言えない@5. ややそう思う@6. かなりそう思う@7. 完全にそう思う	
1	0							以下のURLの動画を見て各質問に回答してください。##https://taiga-mori.github.io/questionaire/24uunun.html	動画が視聴できた	視聴できた@視聴できなかった	ロボットはこの情報をあらかじめ知っていた	知っていた@知らなかった	ロボットの反応は自然だった	1. 全くそう思わない@2. あまりそう思わない@3. ややそう思わない@4. どちらとも言えない@5. ややそう思う@6. かなりそう思う@7. 完全にそう思う	ロボットはこの情報に興味を持っている	1. 全くそう思わない@2. あまりそう思わない@3. ややそう思わない@4. どちらとも言えない@5. ややそう思う@6. かなりそう思う@7. 完全にそう思う	ロボットはこの情報に同意している	1. 全くそう思わない@2. あまりそう思わない@3. ややそう思わない@4. どちらとも言えない@5. ややそう思う@6. かなりそう思う@7. 完全にそう思う	
1	0							以下のURLの動画を見て各質問に回答してください。##https://taiga-mori.github.io/questionaire/6aa.html	動画が視聴できた	視聴できた@視聴できなかった	ロボットはこの情報をあらかじめ知っていた	知っていた@知らなかった	ロボットの反応は自然だった	1. 全くそう思わない@2. あまりそう思わない@3. ややそう思わない@4. どちらとも言えない@5. ややそう思う@6. かなりそう思う@7. 完全にそう思う	ロボットはこの情報に興味を持っている	1. 全くそう思わない@2. あまりそう思わない@3. ややそう思わない@4. どちらとも言えない@5. ややそう思う@6. かなりそう思う@7. 完全にそう思う	ロボットはこの情報に同意している	1. 全くそう思わない@2. あまりそう思わない@3. ややそう思わない@4. どちらとも言えない@5. ややそう思う@6. かなりそう思う@7. 完全にそう思う	
1	0							以下のURLの動画を見て各質問に回答してください。##https://taiga-mori.github.io/questionaire/18d.html	動画が視聴できた	視聴できた@視聴できなかった	ロボットはこの情報をあらかじめ知っていた	知っていた@知らなかった	ロボットの反応は自然だった	1. 全くそう思わない@2. あまりそう思わない@3. ややそう思わない@4. どちらとも言えない@5. ややそう思う@6. かなりそう思う@7. 完全にそう思う	ロボットはこの情報に興味を持っている	1. 全くそう思わない@2. あまりそう思わない@3. ややそう思わない@4. どちらとも言えない@5. ややそう思う@6. かなりそう思う@7. 完全にそう思う	ロボットはこの情報に同意している	1. 全くそう思わない@2. あまりそう思わない@3. ややそう思わない@4. どちらとも言えない@5. ややそう思う@6. かなりそう思う@7. 完全にそう思う	
1	0							以下のURLの動画を見て各質問に回答してください。##https://taiga-mori.github.io/questionaire/2u.html	動画が視聴できた	視聴できた@視聴できなかった	ロボットはこの情報をあらかじめ知っていた	知っていた@知らなかった	ロボットの反応は自然だった	1. 全くそう思わない@2. あまりそう思わない@3. ややそう思わない@4. どちらとも言えない@5. ややそう思う@6. かなりそう思う@7. 完全にそう思う	ロボットはこの情報に興味を持っている	1. 全くそう思わない@2. あまりそう思わない@3. ややそう思わない@4. どちらとも言えない@5. ややそう思う@6. かなりそう思う@7. 完全にそう思う	ロボットはこの情報に同意している	1. 全くそう思わない@2. あまりそう思わない@3. ややそう思わない@4. どちらとも言えない@5. ややそう思う@6. かなりそう思う@7. 完全にそう思う	
1	0							以下のURLの動画を見て各質問に回答してください。##https://taiga-mori.github.io/questionaire/8dunun.html	動画が視聴できた	視聴できた@視聴できなかった	ロボットはこの情報をあらかじめ知っていた	知っていた@知らなかった	ロボットの反応は自然だった	1. 全くそう思わない@2. あまりそう思わない@3. ややそう思わない@4. どちらとも言えない@5. ややそう思う@6. かなりそう思う@7. 完全にそう思う	ロボットはこの情報に興味を持っている	1. 全くそう思わない@2. あまりそう思わない@3. ややそう思わない@4. どちらとも言えない@5. ややそう思う@6. かなりそう思う@7. 完全にそう思う	ロボットはこの情報に同意している	1. 全くそう思わない@2. あまりそう思わない@3. ややそう思わない@4. どちらとも言えない@5. ややそう思う@6. かなりそう思う@7. 完全にそう思う	
1	0							以下のURLの動画を見て各質問に回答してください。##https://taiga-mori.github.io/questionaire/11uaa.html	動画が視聴できた	視聴できた@視聴できなかった	ロボットはこの情報をあらかじめ知っていた	知っていた@知らなかった	ロボットの反応は自然だった	1. 全くそう思わない@2. あまりそう思わない@3. ややそう思わない@4. どちらとも言えない@5. ややそう思う@6. かなりそう思う@7. 完全にそう思う	ロボットはこの情報に興味を持っている	1. 全くそう思わない@2. あまりそう思わない@3. ややそう思わない@4. どちらとも言えない@5. ややそう思う@6. かなりそう思う@7. 完全にそう思う	ロボットはこの情報に同意している	1. 全くそう思わない@2. あまりそう思わない@3. ややそう思わない@4. どちらとも言えない@5. ややそう思う@6. かなりそう思う@7. 完全にそう思う	
1	0							以下のURLの動画を見て各質問に回答してください。##https://taiga-mori.github.io/questionaire/7unun.html	動画が視聴できた	視聴できた@視聴できなかった	ロボットはこの情報をあらかじめ知っていた	知っていた@知らなかった	ロボットの反応は自然だった	1. 全くそう思わない@2. あまりそう思わない@3. ややそう思わない@4. どちらとも言えない@5. ややそう思う@6. かなりそう思う@7. 完全にそう思う	ロボットはこの情報に興味を持っている	1. 全くそう思わない@2. あまりそう思わない@3. ややそう思わない@4. どちらとも言えない@5. ややそう思う@6. かなりそう思う@7. 完全にそう思う	ロボットはこの情報に同意している	1. 全くそう思わない@2. あまりそう思わない@3. ややそう思わない@4. どちらとも言えない@5. ややそう思う@6. かなりそう思う@7. 完全にそう思う	
1	0							以下のURLの動画を見て各質問に回答してください。##https://taiga-mori.github.io/questionaire/3soosoo.html	動画が視聴できた	視聴できた@視聴できなかった	ロボットはこの情報をあらかじめ知っていた	知っていた@知らなかった	ロボットの反応は自然だった	1. 全くそう思わない@2. あまりそう思わない@3. ややそう思わない@4. どちらとも言えない@5. ややそう思う@6. かなりそう思う@7. 完全にそう思う	ロボットはこの情報に興味を持っている	1. 全くそう思わない@2. あまりそう思わない@3. ややそう思わない@4. どちらとも言えない@5. ややそう思う@6. かなりそう思う@7. 完全にそう思う	ロボットはこの情報に同意している	1. 全くそう思わない@2. あまりそう思わない@3. ややそう思わない@4. どちらとも言えない@5. ややそう思う@6. かなりそう思う@7. 完全にそう思う	
1	0							以下のURLの動画を見て各質問に回答してください。##https://taiga-mori.github.io/questionaire/17dhuun.html	動画が視聴できた	視聴できた@視聴できなかった	ロボットはこの情報をあらかじめ知っていた	知っていた@知らなかった	ロボットの反応は自然だった	1. 全くそう思わない@2. あまりそう思わない@3. ややそう思わない@4. どちらとも言えない@5. ややそう思う@6. かなりそう思う@7. 完全にそう思う	ロボットはこの情報に興味を持っている	1. 全くそう思わない@2. あまりそう思わない@3. ややそう思わない@4. どちらとも言えない@5. ややそう思う@6. かなりそう思う@7. 完全にそう思う	ロボットはこの情報に同意している	1. 全くそう思わない@2. あまりそう思わない@3. ややそう思わない@4. どちらとも言えない@5. ややそう思う@6. かなりそう思う@7. 完全にそう思う	
1	0							以下のURLの動画を見て各質問に回答してください。##https://taiga-mori.github.io/questionaire/19u.html	動画が視聴できた	視聴できた@視聴できなかった	ロボットはこの情報をあらかじめ知っていた	知っていた@知らなかった	ロボットの反応は自然だった	1. 全くそう思わない@2. あまりそう思わない@3. ややそう思わない@4. どちらとも言えない@5. ややそう思う@6. かなりそう思う@7. 完全にそう思う	ロボットはこの情報に興味を持っている	1. 全くそう思わない@2. あまりそう思わない@3. ややそう思わない@4. どちらとも言えない@5. ややそう思う@6. かなりそう思う@7. 完全にそう思う	ロボットはこの情報に同意している	1. 全くそう思わない@2. あまりそう思わない@3. ややそう思わない@4. どちらとも言えない@5. ややそう思う@6. かなりそう思う@7. 完全にそう思う	
1	0							以下のURLの動画を見て各質問に回答してください。##https://taiga-mori.github.io/questionaire/21huun.html	動画が視聴できた	視聴できた@視聴できなかった	ロボットはこの情報をあらかじめ知っていた	知っていた@知らなかった	ロボットの反応は自然だった	1. 全くそう思わない@2. あまりそう思わない@3. ややそう思わない@4. どちらとも言えない@5. ややそう思う@6. かなりそう思う@7. 完全にそう思う	ロボットはこの情報に興味を持っている	1. 全くそう思わない@2. あまりそう思わない@3. ややそう思わない@4. どちらとも言えない@5. ややそう思う@6. かなりそう思う@7. 完全にそう思う	ロボットはこの情報に同意している	1. 全くそう思わない@2. あまりそう思わない@3. ややそう思わない@4. どちらとも言えない@5. ややそう思う@6. かなりそう思う@7. 完全にそう思う	
1	0							以下のURLの動画を見て各質問に回答してください。##https://taiga-mori.github.io/questionaire/10uhuun.html	動画が視聴できた	視聴できた@視聴できなかった	ロボットはこの情報をあらかじめ知っていた	知っていた@知らなかった	ロボットの反応は自然だった	1. 全くそう思わない@2. あまりそう思わない@3. ややそう思わない@4. どちらとも言えない@5. ややそう思う@6. かなりそう思う@7. 完全にそう思う	ロボットはこの情報に興味を持っている	1. 全くそう思わない@2. あまりそう思わない@3. ややそう思わない@4. どちらとも言えない@5. ややそう思う@6. かなりそう思う@7. 完全にそう思う	ロボットはこの情報に同意している	1. 全くそう思わない@2. あまりそう思わない@3. ややそう思わない@4. どちらとも言えない@5. ややそう思う@6. かなりそう思う@7. 完全にそう思う	
1	0							以下のURLの動画を見て各質問に回答してください。##https://taiga-mori.github.io/questionaire/5dsoosoo.html	動画が視聴できた	視聴できた@視聴できなかった	ロボットはこの情報をあらかじめ知っていた	知っていた@知らなかった	ロボットの反応は自然だった	1. 全くそう思わない@2. あまりそう思わない@3. ややそう思わない@4. どちらとも言えない@5. ややそう思う@6. かなりそう思う@7. 完全にそう思う	ロボットはこの情報に興味を持っている	1. 全くそう思わない@2. あまりそう思わない@3. ややそう思わない@4. どちらとも言えない@5. ややそう思う@6. かなりそう思う@7. 完全にそう思う	ロボットはこの情報に同意している	1. 全くそう思わない@2. あまりそう思わない@3. ややそう思わない@4. どちらとも言えない@5. ややそう思う@6. かなりそう思う@7. 完全にそう思う	
1	0							以下のURLの動画を見て各質問に回答してください。##https://taiga-mori.github.io/questionaire/1d.html	動画が視聴できた	視聴できた@視聴できなかった	ロボットはこの情報をあらかじめ知っていた	知っていた@知らなかった	ロボットの反応は自然だった	1. 全くそう思わない@2. あまりそう思わない@3. ややそう思わない@4. どちらとも言えない@5. ややそう思う@6. かなりそう思う@7. 完全にそう思う	ロボットはこの情報に興味を持っている	1. 全くそう思わない@2. あまりそう思わない@3. ややそう思わない@4. どちらとも言えない@5. ややそう思う@6. かなりそう思う@7. 完全にそう思う	ロボットはこの情報に同意している	1. 全くそう思わない@2. あまりそう思わない@3. ややそう思わない@4. どちらとも言えない@5. ややそう思う@6. かなりそう思う@7. 完全にそう思う	
1	0							以下のURLの動画を見て各質問に回答してください。##https://taiga-mori.github.io/questionaire/15usoosoo.html	動画が視聴できた	視聴できた@視聴できなかった	ロボットはこの情報をあらかじめ知っていた	知っていた@知らなかった	ロボットの反応は自然だった	1. 全くそう思わない@2. あまりそう思わない@3. ややそう思わない@4. どちらとも言えない@5. ややそう思う@6. かなりそう思う@7. 完全にそう思う	ロボットはこの情報に興味を持っている	1. 全くそう思わない@2. あまりそう思わない@3. ややそう思わない@4. どちらとも言えない@5. ややそう思う@6. かなりそう思う@7. 完全にそう思う	ロボットはこの情報に同意している	1. 全くそう思わない@2. あまりそう思わない@3. ややそう思わない@4. どちらとも言えない@5. ややそう思う@6. かなりそう思う@7. 完全にそう思う	
1	0							以下のURLの動画を見て各質問に回答してください。##https://taiga-mori.github.io/questionaire/22d.html	動画が視聴できた	視聴できた@視聴できなかった	ロボットはこの情報をあらかじめ知っていた	知っていた@知らなかった	ロボットの反応は自然だった	1. 全くそう思わない@2. あまりそう思わない@3. ややそう思わない@4. どちらとも言えない@5. ややそう思う@6. かなりそう思う@7. 完全にそう思う	ロボットはこの情報に興味を持っている	1. 全くそう思わない@2. あまりそう思わない@3. ややそう思わない@4. どちらとも言えない@5. ややそう思う@6. かなりそう思う@7. 完全にそう思う	ロボットはこの情報に同意している	1. 全くそう思わない@2. あまりそう思わない@3. ややそう思わない@4. どちらとも言えない@5. ややそう思う@6. かなりそう思う@7. 完全にそう思う	
1	0							以下のURLの動画を見て各質問に回答してください。##https://taiga-mori.github.io/questionaire/4usoodane.html	動画が視聴できた	視聴できた@視聴できなかった	ロボットはこの情報をあらかじめ知っていた	知っていた@知らなかった	ロボットの反応は自然だった	1. 全くそう思わない@2. あまりそう思わない@3. ややそう思わない@4. どちらとも言えない@5. ややそう思う@6. かなりそう思う@7. 完全にそう思う	ロボットはこの情報に興味を持っている	1. 全くそう思わない@2. あまりそう思わない@3. ややそう思わない@4. どちらとも言えない@5. ややそう思う@6. かなりそう思う@7. 完全にそう思う	ロボットはこの情報に同意している	1. 全くそう思わない@2. あまりそう思わない@3. ややそう思わない@4. どちらとも言えない@5. ややそう思う@6. かなりそう思う@7. 完全にそう思う	
1	0							以下のURLの動画を見て各質問に回答してください。##https://taiga-mori.github.io/questionaire/23uhee.html	動画が視聴できた	視聴できた@視聴できなかった	ロボットはこの情報をあらかじめ知っていた	知っていた@知らなかった	ロボットの反応は自然だった	1. 全くそう思わない@2. あまりそう思わない@3. ややそう思わない@4. どちらとも言えない@5. ややそう思う@6. かなりそう思う@7. 完全にそう思う	ロボットはこの情報に興味を持っている	1. 全くそう思わない@2. あまりそう思わない@3. ややそう思わない@4. どちらとも言えない@5. ややそう思う@6. かなりそう思う@7. 完全にそう思う	ロボットはこの情報に同意している	1. 全くそう思わない@2. あまりそう思わない@3. ややそう思わない@4. どちらとも言えない@5. ややそう思う@6. かなりそう思う@7. 完全にそう思う	
1	0							以下のURLの動画を見て各質問に回答してください。##https://taiga-mori.github.io/questionaire/9dsoodane.html	動画が視聴できた	視聴できた@視聴できなかった	ロボットはこの情報をあらかじめ知っていた	知っていた@知らなかった	ロボットの反応は自然だった	1. 全くそう思わない@2. あまりそう思わない@3. ややそう思わない@4. どちらとも言えない@5. ややそう思う@6. かなりそう思う@7. 完全にそう思う	ロボットはこの情報に興味を持っている	1. 全くそう思わない@2. あまりそう思わない@3. ややそう思わない@4. どちらとも言えない@5. ややそう思う@6. かなりそう思う@7. 完全にそう思う	ロボットはこの情報に同意している	1. 全くそう思わない@2. あまりそう思わない@3. ややそう思わない@4. どちらとも言えない@5. ややそう思う@6. かなりそう思う@7. 完全にそう思う	
1	0							以下のURLの動画を見て各質問に回答してください。##https://taiga-mori.github.io/questionaire/13u.html	動画が視聴できた	視聴できた@視聴できなかった	ロボットはこの情報をあらかじめ知っていた	知っていた@知らなかった	ロボットの反応は自然だった	1. 全くそう思わない@2. あまりそう思わない@3. ややそう思わない@4. どちらとも言えない@5. ややそう思う@6. かなりそう思う@7. 完全にそう思う	ロボットはこの情報に興味を持っている	1. 全くそう思わない@2. あまりそう思わない@3. ややそう思わない@4. どちらとも言えない@5. ややそう思う@6. かなりそう思う@7. 完全にそう思う	ロボットはこの情報に同意している	1. 全くそう思わない@2. あまりそう思わない@3. ややそう思わない@4. どちらとも言えない@5. ややそう思う@6. かなりそう思う@7. 完全にそう思う	
1	0							以下のURLの動画を見て各質問に回答してください。##https://taiga-mori.github.io/questionaire/12dhee.html	動画が視聴できた	視聴できた@視聴できなかった	ロボットはこの情報をあらかじめ知っていた	知っていた@知らなかった	ロボットの反応は自然だった	1. 全くそう思わない@2. あまりそう思わない@3. ややそう思わない@4. どちらとも言えない@5. ややそう思う@6. かなりそう思う@7. 完全にそう思う	ロボットはこの情報に興味を持っている	1. 全くそう思わない@2. あまりそう思わない@3. ややそう思わない@4. どちらとも言えない@5. ややそう思う@6. かなりそう思う@7. 完全にそう思う	ロボットはこの情報に同意している	1. 全くそう思わない@2. あまりそう思わない@3. ややそう思わない@4. どちらとも言えない@5. ややそう思う@6. かなりそう思う@7. 完全にそう思う	
1	0							以下のURLの動画を見て各質問に回答してください。##https://taiga-mori.github.io/questionaire/16hee.html	動画が視聴できた	視聴できた@視聴できなかった	ロボットはこの情報をあらかじめ知っていた	知っていた@知らなかった	ロボットの反応は自然だった	1. 全くそう思わない@2. あまりそう思わない@3. ややそう思わない@4. どちらとも言えない@5. ややそう思う@6. かなりそう思う@7. 完全にそう思う	ロボットはこの情報に興味を持っている	1. 全くそう思わない@2. あまりそう思わない@3. ややそう思わない@4. どちらとも言えない@5. ややそう思う@6. かなりそう思う@7. 完全にそう思う	ロボットはこの情報に同意している	1. 全くそう思わない@2. あまりそう思わない@3. ややそう思わない@4. どちらとも言えない@5. ややそう思う@6. かなりそう思う@7. 完全にそう思う	
1	0							以下のURLの動画を見て各質問に回答してください。##https://taiga-mori.github.io/questionaire/20soodane.html	動画が視聴できた	視聴できた@視聴できなかった	ロボットはこの情報をあらかじめ知っていた	知っていた@知らなかった	ロボットの反応は自然だった	1. 全くそう思わない@2. あまりそう思わない@3. ややそう思わない@4. どちらとも言えない@5. ややそう思う@6. かなりそう思う@7. 完全にそう思う	ロボットはこの情報に興味を持っている	1. 全くそう思わない@2. あまりそう思わない@3. ややそう思わない@4. どちらとも言えない@5. ややそう思う@6. かなりそう思う@7. 完全にそう思う	ロボットはこの情報に同意している	1. 全くそう思わない@2. あまりそう思わない@3. ややそう思わない@4. どちらとも言えない@5. ややそう思う@6. かなりそう思う@7. 完全にそう思う	
1	0							あなたの年齢と性別を教えてください。	性別	男性@女性@その他@回答したくない	年齢	10代以下@20代@30代@40代@50代@60代@70代以上	質問はありません。「はい」を選択してください。	はい	質問はありません。「はい」を選択してください。	はい	質問はありません。「はい」を選択してください。	はい	
1	0							以下のURLの動画を見て各質問に回答してください。##https://taiga-mori.github.io/questionaire/22unun.html	動画が視聴できた	視聴できた@視聴できなかった	ロボットはこの情報をあらかじめ知っていた	知っていた@知らなかった	ロボットの反応は自然だった	1. 全くそう思わない@2. あまりそう思わない@3. ややそう思わない@4. どちらとも言えない@5. ややそう思う@6. かなりそう思う@7. 完全にそう思う	ロボットはこの情報に興味を持っている	1. 全くそう思わない@2. あまりそう思わない@3. ややそう思わない@4. どちらとも言えない@5. ややそう思う@6. かなりそう思う@7. 完全にそう思う	ロボットはこの情報に同意している	1. 全くそう思わない@2. あまりそう思わない@3. ややそう思わない@4. どちらとも言えない@5. ややそう思う@6. かなりそう思う@7. 完全にそう思う	
1	0							以下のURLの動画を見て各質問に回答してください。##https://taiga-mori.github.io/questionaire/1d.html	動画が視聴できた	視聴できた@視聴できなかった	ロボットはこの情報をあらかじめ知っていた	知っていた@知らなかった	ロボットの反応は自然だった	1. 全くそう思わない@2. あまりそう思わない@3. ややそう思わない@4. どちらとも言えない@5. ややそう思う@6. かなりそう思う@7. 完全にそう思う	ロボットはこの情報に興味を持っている	1. 全くそう思わない@2. あまりそう思わない@3. ややそう思わない@4. どちらとも言えない@5. ややそう思う@6. かなりそう思う@7. 完全にそう思う	ロボットはこの情報に同意している	1. 全くそう思わない@2. あまりそう思わない@3. ややそう思わない@4. どちらとも言えない@5. ややそう思う@6. かなりそう思う@7. 完全にそう思う	
1	0							以下のURLの動画を見て各質問に回答してください。##https://taiga-mori.github.io/questionaire/24dhee.html	動画が視聴できた	視聴できた@視聴できなかった	ロボットはこの情報をあらかじめ知っていた	知っていた@知らなかった	ロボットの反応は自然だった	1. 全くそう思わない@2. あまりそう思わない@3. ややそう思わない@4. どちらとも言えない@5. ややそう思う@6. かなりそう思う@7. 完全にそう思う	ロボットはこの情報に興味を持っている	1. 全くそう思わない@2. あまりそう思わない@3. ややそう思わない@4. どちらとも言えない@5. ややそう思う@6. かなりそう思う@7. 完全にそう思う	ロボットはこの情報に同意している	1. 全くそう思わない@2. あまりそう思わない@3. ややそう思わない@4. どちらとも言えない@5. ややそう思う@6. かなりそう思う@7. 完全にそう思う	
1	0							以下のURLの動画を見て各質問に回答してください。##https://taiga-mori.github.io/questionaire/19hee.html	動画が視聴できた	視聴できた@視聴できなかった	ロボットはこの情報をあらかじめ知っていた	知っていた@知らなかった	ロボットの反応は自然だった	1. 全くそう思わない@2. あまりそう思わない@3. ややそう思わない@4. どちらとも言えない@5. ややそう思う@6. かなりそう思う@7. 完全にそう思う	ロボットはこの情報に興味を持っている	1. 全くそう思わない@2. あまりそう思わない@3. ややそう思わない@4. どちらとも言えない@5. ややそう思う@6. かなりそう思う@7. 完全にそう思う	ロボットはこの情報に同意している	1. 全くそう思わない@2. あまりそう思わない@3. ややそう思わない@4. どちらとも言えない@5. ややそう思う@6. かなりそう思う@7. 完全にそう思う	
1	0							以下のURLの動画を見て各質問に回答してください。##https://taiga-mori.github.io/questionaire/18uunun.html	動画が視聴できた	視聴できた@視聴できなかった	ロボットはこの情報をあらかじめ知っていた	知っていた@知らなかった	ロボットの反応は自然だった	1. 全くそう思わない@2. あまりそう思わない@3. ややそう思わない@4. どちらとも言えない@5. ややそう思う@6. かなりそう思う@7. 完全にそう思う	ロボットはこの情報に興味を持っている	1. 全くそう思わない@2. あまりそう思わない@3. ややそう思わない@4. どちらとも言えない@5. ややそう思う@6. かなりそう思う@7. 完全にそう思う	ロボットはこの情報に同意している	1. 全くそう思わない@2. あまりそう思わない@3. ややそう思わない@4. どちらとも言えない@5. ややそう思う@6. かなりそう思う@7. 完全にそう思う	
1	0							以下のURLの動画を見て各質問に回答してください。##https://taiga-mori.github.io/questionaire/16uhee.html	動画が視聴できた	視聴できた@視聴できなかった	ロボットはこの情報をあらかじめ知っていた	知っていた@知らなかった	ロボットの反応は自然だった	1. 全くそう思わない@2. あまりそう思わない@3. ややそう思わない@4. どちらとも言えない@5. ややそう思う@6. かなりそう思う@7. 完全にそう思う	ロボットはこの情報に興味を持っている	1. 全くそう思わない@2. あまりそう思わない@3. ややそう思わない@4. どちらとも言えない@5. ややそう思う@6. かなりそう思う@7. 完全にそう思う	ロボットはこの情報に同意している	1. 全くそう思わない@2. あまりそう思わない@3. ややそう思わない@4. どちらとも言えない@5. ややそう思う@6. かなりそう思う@7. 完全にそう思う	
1	0							以下のURLの動画を見て各質問に回答してください。##https://taiga-mori.github.io/questionaire/3u.html	動画が視聴できた	視聴できた@視聴できなかった	ロボットはこの情報をあらかじめ知っていた	知っていた@知らなかった	ロボットの反応は自然だった	1. 全くそう思わない@2. あまりそう思わない@3. ややそう思わない@4. どちらとも言えない@5. ややそう思う@6. かなりそう思う@7. 完全にそう思う	ロボットはこの情報に興味を持っている	1. 全くそう思わない@2. あまりそう思わない@3. ややそう思わない@4. どちらとも言えない@5. ややそう思う@6. かなりそう思う@7. 完全にそう思う	ロボットはこの情報に同意している	1. 全くそう思わない@2. あまりそう思わない@3. ややそう思わない@4. どちらとも言えない@5. ややそう思う@6. かなりそう思う@7. 完全にそう思う	
1	0							以下のURLの動画を見て各質問に回答してください。##https://taiga-mori.github.io/questionaire/23dunun.html	動画が視聴できた	視聴できた@視聴できなかった	ロボットはこの情報をあらかじめ知っていた	知っていた@知らなかった	ロボットの反応は自然だった	1. 全くそう思わない@2. あまりそう思わない@3. ややそう思わない@4. どちらとも言えない@5. ややそう思う@6. かなりそう思う@7. 完全にそう思う	ロボットはこの情報に興味を持っている	1. 全くそう思わない@2. あまりそう思わない@3. ややそう思わない@4. どちらとも言えない@5. ややそう思う@6. かなりそう思う@7. 完全にそう思う	ロボットはこの情報に同意している	1. 全くそう思わない@2. あまりそう思わない@3. ややそう思わない@4. どちらとも言えない@5. ややそう思う@6. かなりそう思う@7. 完全にそう思う	
1	0							以下のURLの動画を見て各質問に回答してください。##https://taiga-mori.github.io/questionaire/14usoodane.html	動画が視聴できた	視聴できた@視聴できなかった	ロボットはこの情報をあらかじめ知っていた	知っていた@知らなかった	ロボットの反応は自然だった	1. 全くそう思わない@2. あまりそう思わない@3. ややそう思わない@4. どちらとも言えない@5. ややそう思う@6. かなりそう思う@7. 完全にそう思う	ロボットはこの情報に興味を持っている	1. 全くそう思わない@2. あまりそう思わない@3. ややそう思わない@4. どちらとも言えない@5. ややそう思う@6. かなりそう思う@7. 完全にそう思う	ロボットはこの情報に同意している	1. 全くそう思わない@2. あまりそう思わない@3. ややそう思わない@4. どちらとも言えない@5. ややそう思う@6. かなりそう思う@7. 完全にそう思う	
1	0							以下のURLの動画を見て各質問に回答してください。##https://taiga-mori.github.io/questionaire/2uhuun.html	動画が視聴できた	視聴できた@視聴できなかった	ロボットはこの情報をあらかじめ知っていた	知っていた@知らなかった	ロボットの反応は自然だった	1. 全くそう思わない@2. あまりそう思わない@3. ややそう思わない@4. どちらとも言えない@5. ややそう思う@6. かなりそう思う@7. 完全にそう思う	ロボットはこの情報に興味を持っている	1. 全くそう思わない@2. あまりそう思わない@3. ややそう思わない@4. どちらとも言えない@5. ややそう思う@6. かなりそう思う@7. 完全にそう思う	ロボットはこの情報に同意している	1. 全くそう思わない@2. あまりそう思わない@3. ややそう思わない@4. どちらとも言えない@5. ややそう思う@6. かなりそう思う@7. 完全にそう思う	
1	0							以下のURLの動画を見て各質問に回答してください。##https://taiga-mori.github.io/questionaire/15dhuun.html	動画が視聴できた	視聴できた@視聴できなかった	ロボットはこの情報をあらかじめ知っていた	知っていた@知らなかった	ロボットの反応は自然だった	1. 全くそう思わない@2. あまりそう思わない@3. ややそう思わない@4. どちらとも言えない@5. ややそう思う@6. かなりそう思う@7. 完全にそう思う	ロボットはこの情報に興味を持っている	1. 全くそう思わない@2. あまりそう思わない@3. ややそう思わない@4. どちらとも言えない@5. ややそう思う@6. かなりそう思う@7. 完全にそう思う	ロボットはこの情報に同意している	1. 全くそう思わない@2. あまりそう思わない@3. ややそう思わない@4. どちらとも言えない@5. ややそう思う@6. かなりそう思う@7. 完全にそう思う	
1	0							以下のURLの動画を見て各質問に回答してください。##https://taiga-mori.github.io/questionaire/8soodane.html	動画が視聴できた	視聴できた@視聴できなかった	ロボットはこの情報をあらかじめ知っていた	知っていた@知らなかった	ロボットの反応は自然だった	1. 全くそう思わない@2. あまりそう思わない@3. ややそう思わない@4. どちらとも言えない@5. ややそう思う@6. かなりそう思う@7. 完全にそう思う	ロボットはこの情報に興味を持っている	1. 全くそう思わない@2. あまりそう思わない@3. ややそう思わない@4. どちらとも言えない@5. ややそう思う@6. かなりそう思う@7. 完全にそう思う	ロボットはこの情報に同意している	1. 全くそう思わない@2. あまりそう思わない@3. ややそう思わない@4. どちらとも言えない@5. ややそう思う@6. かなりそう思う@7. 完全にそう思う	
1	0							以下のURLの動画を見て各質問に回答してください。##https://taiga-mori.github.io/questionaire/10dsoodane.html	動画が視聴できた	視聴できた@視聴できなかった	ロボットはこの情報をあらかじめ知っていた	知っていた@知らなかった	ロボットの反応は自然だった	1. 全くそう思わない@2. あまりそう思わない@3. ややそう思わない@4. どちらとも言えない@5. ややそう思う@6. かなりそう思う@7. 完全にそう思う	ロボットはこの情報に興味を持っている	1. 全くそう思わない@2. あまりそう思わない@3. ややそう思わない@4. どちらとも言えない@5. ややそう思う@6. かなりそう思う@7. 完全にそう思う	ロボットはこの情報に同意している	1. 全くそう思わない@2. あまりそう思わない@3. ややそう思わない@4. どちらとも言えない@5. ややそう思う@6. かなりそう思う@7. 完全にそう思う	
1	0							以下のURLの動画を見て各質問に回答してください。##https://taiga-mori.github.io/questionaire/4u.html	動画が視聴できた	視聴できた@視聴できなかった	ロボットはこの情報をあらかじめ知っていた	知っていた@知らなかった	ロボットの反応は自然だった	1. 全くそう思わない@2. あまりそう思わない@3. ややそう思わない@4. どちらとも言えない@5. ややそう思う@6. かなりそう思う@7. 完全にそう思う	ロボットはこの情報に興味を持っている	1. 全くそう思わない@2. あまりそう思わない@3. ややそう思わない@4. どちらとも言えない@5. ややそう思う@6. かなりそう思う@7. 完全にそう思う	ロボットはこの情報に同意している	1. 全くそう思わない@2. あまりそう思わない@3. ややそう思わない@4. どちらとも言えない@5. ややそう思う@6. かなりそう思う@7. 完全にそう思う	
1	0							以下のURLの動画を見て各質問に回答してください。##https://taiga-mori.github.io/questionaire/9huun.html	動画が視聴できた	視聴できた@視聴できなかった	ロボットはこの情報をあらかじめ知っていた	知っていた@知らなかった	ロボットの反応は自然だった	1. 全くそう思わない@2. あまりそう思わない@3. ややそう思わない@4. どちらとも言えない@5. ややそう思う@6. かなりそう思う@7. 完全にそう思う	ロボットはこの情報に興味を持っている	1. 全くそう思わない@2. あまりそう思わない@3. ややそう思わない@4. どちらとも言えない@5. ややそう思う@6. かなりそう思う@7. 完全にそう思う	ロボットはこの情報に同意している	1. 全くそう思わない@2. あまりそう思わない@3. ややそう思わない@4. どちらとも言えない@5. ややそう思う@6. かなりそう思う@7. 完全にそう思う	
1	0							以下のURLの動画を見て各質問に回答してください。##https://taiga-mori.github.io/questionaire/7d.html	動画が視聴できた	視聴できた@視聴できなかった	ロボットはこの情報をあらかじめ知っていた	知っていた@知らなかった	ロボットの反応は自然だった	1. 全くそう思わない@2. あまりそう思わない@3. ややそう思わない@4. どちらとも言えない@5. ややそう思う@6. かなりそう思う@7. 完全にそう思う	ロボットはこの情報に興味を持っている	1. 全くそう思わない@2. あまりそう思わない@3. ややそう思わない@4. どちらとも言えない@5. ややそう思う@6. かなりそう思う@7. 完全にそう思う	ロボットはこの情報に同意している	1. 全くそう思わない@2. あまりそう思わない@3. ややそう思わない@4. どちらとも言えない@5. ややそう思う@6. かなりそう思う@7. 完全にそう思う	
1	0							以下のURLの動画を見て各質問に回答してください。##https://taiga-mori.github.io/questionaire/13d.html	動画が視聴できた	視聴できた@視聴できなかった	ロボットはこの情報をあらかじめ知っていた	知っていた@知らなかった	ロボットの反応は自然だった	1. 全くそう思わない@2. あまりそう思わない@3. ややそう思わない@4. どちらとも言えない@5. ややそう思う@6. かなりそう思う@7. 完全にそう思う	ロボットはこの情報に興味を持っている	1. 全くそう思わない@2. あまりそう思わない@3. ややそう思わない@4. どちらとも言えない@5. ややそう思う@6. かなりそう思う@7. 完全にそう思う	ロボットはこの情報に同意している	1. 全くそう思わない@2. あまりそう思わない@3. ややそう思わない@4. どちらとも言えない@5. ややそう思う@6. かなりそう思う@7. 完全にそう思う	
1	0							以下のURLの動画を見て各質問に回答してください。##https://taiga-mori.github.io/questionaire/5soosoo.html	動画が視聴できた	視聴できた@視聴できなかった	ロボットはこの情報をあらかじめ知っていた	知っていた@知らなかった	ロボットの反応は自然だった	1. 全くそう思わない@2. あまりそう思わない@3. ややそう思わない@4. どちらとも言えない@5. ややそう思う@6. かなりそう思う@7. 完全にそう思う	ロボットはこの情報に興味を持っている	1. 全くそう思わない@2. あまりそう思わない@3. ややそう思わない@4. どちらとも言えない@5. ややそう思う@6. かなりそう思う@7. 完全にそう思う	ロボットはこの情報に同意している	1. 全くそう思わない@2. あまりそう思わない@3. ややそう思わない@4. どちらとも言えない@5. ややそう思う@6. かなりそう思う@7. 完全にそう思う	
1	0							以下のURLの動画を見て各質問に回答してください。##https://taiga-mori.github.io/questionaire/20daa.html	動画が視聴できた	視聴できた@視聴できなかった	ロボットはこの情報をあらかじめ知っていた	知っていた@知らなかった	ロボットの反応は自然だった	1. 全くそう思わない@2. あまりそう思わない@3. ややそう思わない@4. どちらとも言えない@5. ややそう思う@6. かなりそう思う@7. 完全にそう思う	ロボットはこの情報に興味を持っている	1. 全くそう思わない@2. あまりそう思わない@3. ややそう思わない@4. どちらとも言えない@5. ややそう思う@6. かなりそう思う@7. 完全にそう思う	ロボットはこの情報に同意している	1. 全くそう思わない@2. あまりそう思わない@3. ややそう思わない@4. どちらとも言えない@5. ややそう思う@6. かなりそう思う@7. 完全にそう思う	
1	0							以下のURLの動画を見て各質問に回答してください。##https://taiga-mori.github.io/questionaire/6uaa.html	動画が視聴できた	視聴できた@視聴できなかった	ロボットはこの情報をあらかじめ知っていた	知っていた@知らなかった	ロボットの反応は自然だった	1. 全くそう思わない@2. あまりそう思わない@3. ややそう思わない@4. どちらとも言えない@5. ややそう思う@6. かなりそう思う@7. 完全にそう思う	ロボットはこの情報に興味を持っている	1. 全くそう思わない@2. あまりそう思わない@3. ややそう思わない@4. どちらとも言えない@5. ややそう思う@6. かなりそう思う@7. 完全にそう思う	ロボットはこの情報に同意している	1. 全くそう思わない@2. あまりそう思わない@3. ややそう思わない@4. どちらとも言えない@5. ややそう思う@6. かなりそう思う@7. 完全にそう思う	
1	0							以下のURLの動画を見て各質問に回答してください。##https://taiga-mori.github.io/questionaire/21dsoosoo.html	動画が視聴できた	視聴できた@視聴できなかった	ロボットはこの情報をあらかじめ知っていた	知っていた@知らなかった	ロボットの反応は自然だった	1. 全くそう思わない@2. あまりそう思わない@3. ややそう思わない@4. どちらとも言えない@5. ややそう思う@6. かなりそう思う@7. 完全にそう思う	ロボットはこの情報に興味を持っている	1. 全くそう思わない@2. あまりそう思わない@3. ややそう思わない@4. どちらとも言えない@5. ややそう思う@6. かなりそう思う@7. 完全にそう思う	ロボットはこの情報に同意している	1. 全くそう思わない@2. あまりそう思わない@3. ややそう思わない@4. どちらとも言えない@5. ややそう思う@6. かなりそう思う@7. 完全にそう思う	
1	0							以下のURLの動画を見て各質問に回答してください。##https://taiga-mori.github.io/questionaire/17aa.html	動画が視聴できた	視聴できた@視聴できなかった	ロボットはこの情報をあらかじめ知っていた	知っていた@知らなかった	ロボットの反応は自然だった	1. 全くそう思わない@2. あまりそう思わない@3. ややそう思わない@4. どちらとも言えない@5. ややそう思う@6. かなりそう思う@7. 完全にそう思う	ロボットはこの情報に興味を持っている	1. 全くそう思わない@2. あまりそう思わない@3. ややそう思わない@4. どちらとも言えない@5. ややそう思う@6. かなりそう思う@7. 完全にそう思う	ロボットはこの情報に同意している	1. 全くそう思わない@2. あまりそう思わない@3. ややそう思わない@4. どちらとも言えない@5. ややそう思う@6. かなりそう思う@7. 完全にそう思う	
1	0							以下のURLの動画を見て各質問に回答してください。##https://taiga-mori.github.io/questionaire/11u.html	動画が視聴できた	視聴できた@視聴できなかった	ロボットはこの情報をあらかじめ知っていた	知っていた@知らなかった	ロボットの反応は自然だった	1. 全くそう思わない@2. あまりそう思わない@3. ややそう思わない@4. どちらとも言えない@5. ややそう思う@6. かなりそう思う@7. 完全にそう思う	ロボットはこの情報に興味を持っている	1. 全くそう思わない@2. あまりそう思わない@3. ややそう思わない@4. どちらとも言えない@5. ややそう思う@6. かなりそう思う@7. 完全にそう思う	ロボットはこの情報に同意している	1. 全くそう思わない@2. あまりそう思わない@3. ややそう思わない@4. どちらとも言えない@5. ややそう思う@6. かなりそう思う@7. 完全にそう思う	
1	0							以下のURLの動画を見て各質問に回答してください。##https://taiga-mori.github.io/questionaire/12usoosoo.html	動画が視聴できた	視聴できた@視聴できなかった	ロボットはこの情報をあらかじめ知っていた	知っていた@知らなかった	ロボットの反応は自然だった	1. 全くそう思わない@2. あまりそう思わない@3. ややそう思わない@4. どちらとも言えない@5. ややそう思う@6. かなりそう思う@7. 完全にそう思う	ロボットはこの情報に興味を持っている	1. 全くそう思わない@2. あまりそう思わない@3. ややそう思わない@4. どちらとも言えない@5. ややそう思う@6. かなりそう思う@7. 完全にそう思う	ロボットはこの情報に同意している	1. 全くそう思わない@2. あまりそう思わない@3. ややそう思わない@4. どちらとも言えない@5. ややそう思う@6. かなりそう思う@7. 完全にそう思う	
1	0							あなたの年齢と性別を教えてください。	性別	男性@女性@その他@回答したくない	年齢	10代以下@20代@30代@40代@50代@60代@70代以上	質問はありません。「はい」を選択してください。	はい	質問はありません。「はい」を選択してください。	はい	質問はありません。「はい」を選択してください。	はい	
1	0							以下のURLの動画を見て各質問に回答してください。##https://taiga-mori.github.io/questionaire/17soodane.html	動画が視聴できた	視聴できた@視聴できなかった	ロボットはこの情報をあらかじめ知っていた	知っていた@知らなかった	ロボットの反応は自然だった	1. 全くそう思わない@2. あまりそう思わない@3. ややそう思わない@4. どちらとも言えない@5. ややそう思う@6. かなりそう思う@7. 完全にそう思う	ロボットはこの情報に興味を持っている	1. 全くそう思わない@2. あまりそう思わない@3. ややそう思わない@4. どちらとも言えない@5. ややそう思う@6. かなりそう思う@7. 完全にそう思う	ロボットはこの情報に同意している	1. 全くそう思わない@2. あまりそう思わない@3. ややそう思わない@4. どちらとも言えない@5. ややそう思う@6. かなりそう思う@7. 完全にそう思う	
1	0							以下のURLの動画を見て各質問に回答してください。##https://taiga-mori.github.io/questionaire/23dhuun.html	動画が視聴できた	視聴できた@視聴できなかった	ロボットはこの情報をあらかじめ知っていた	知っていた@知らなかった	ロボットの反応は自然だった	1. 全くそう思わない@2. あまりそう思わない@3. ややそう思わない@4. どちらとも言えない@5. ややそう思う@6. かなりそう思う@7. 完全にそう思う	ロボットはこの情報に興味を持っている	1. 全くそう思わない@2. あまりそう思わない@3. ややそう思わない@4. どちらとも言えない@5. ややそう思う@6. かなりそう思う@7. 完全にそう思う	ロボットはこの情報に同意している	1. 全くそう思わない@2. あまりそう思わない@3. ややそう思わない@4. どちらとも言えない@5. ややそう思う@6. かなりそう思う@7. 完全にそう思う	
1	0							以下のURLの動画を見て各質問に回答してください。##https://taiga-mori.github.io/questionaire/21uhuun.html	動画が視聴できた	視聴できた@視聴できなかった	ロボットはこの情報をあらかじめ知っていた	知っていた@知らなかった	ロボットの反応は自然だった	1. 全くそう思わない@2. あまりそう思わない@3. ややそう思わない@4. どちらとも言えない@5. ややそう思う@6. かなりそう思う@7. 完全にそう思う	ロボットはこの情報に興味を持っている	1. 全くそう思わない@2. あまりそう思わない@3. ややそう思わない@4. どちらとも言えない@5. ややそう思う@6. かなりそう思う@7. 完全にそう思う	ロボットはこの情報に同意している	1. 全くそう思わない@2. あまりそう思わない@3. ややそう思わない@4. どちらとも言えない@5. ややそう思う@6. かなりそう思う@7. 完全にそう思う	
1	0							以下のURLの動画を見て各質問に回答してください。##https://taiga-mori.github.io/questionaire/6u.html	動画が視聴できた	視聴できた@視聴できなかった	ロボットはこの情報をあらかじめ知っていた	知っていた@知らなかった	ロボットの反応は自然だった	1. 全くそう思わない@2. あまりそう思わない@3. ややそう思わない@4. どちらとも言えない@5. ややそう思う@6. かなりそう思う@7. 完全にそう思う	ロボットはこの情報に興味を持っている	1. 全くそう思わない@2. あまりそう思わない@3. ややそう思わない@4. どちらとも言えない@5. ややそう思う@6. かなりそう思う@7. 完全にそう思う	ロボットはこの情報に同意している	1. 全くそう思わない@2. あまりそう思わない@3. ややそう思わない@4. どちらとも言えない@5. ややそう思う@6. かなりそう思う@7. 完全にそう思う	
1	0							以下のURLの動画を見て各質問に回答してください。##https://taiga-mori.github.io/questionaire/10d.html	動画が視聴できた	視聴できた@視聴できなかった	ロボットはこの情報をあらかじめ知っていた	知っていた@知らなかった	ロボットの反応は自然だった	1. 全くそう思わない@2. あまりそう思わない@3. ややそう思わない@4. どちらとも言えない@5. ややそう思う@6. かなりそう思う@7. 完全にそう思う	ロボットはこの情報に興味を持っている	1. 全くそう思わない@2. あまりそう思わない@3. ややそう思わない@4. どちらとも言えない@5. ややそう思う@6. かなりそう思う@7. 完全にそう思う	ロボットはこの情報に同意している	1. 全くそう思わない@2. あまりそう思わない@3. ややそう思わない@4. どちらとも言えない@5. ややそう思う@6. かなりそう思う@7. 完全にそう思う	
1	0							以下のURLの動画を見て各質問に回答してください。##https://taiga-mori.github.io/questionaire/13huun.html	動画が視聴できた	視聴できた@視聴できなかった	ロボットはこの情報をあらかじめ知っていた	知っていた@知らなかった	ロボットの反応は自然だった	1. 全くそう思わない@2. あまりそう思わない@3. ややそう思わない@4. どちらとも言えない@5. ややそう思う@6. かなりそう思う@7. 完全にそう思う	ロボットはこの情報に興味を持っている	1. 全くそう思わない@2. あまりそう思わない@3. ややそう思わない@4. どちらとも言えない@5. ややそう思う@6. かなりそう思う@7. 完全にそう思う	ロボットはこの情報に同意している	1. 全くそう思わない@2. あまりそう思わない@3. ややそう思わない@4. どちらとも言えない@5. ややそう思う@6. かなりそう思う@7. 完全にそう思う	
1	0							以下のURLの動画を見て各質問に回答してください。##https://taiga-mori.github.io/questionaire/22usoodane.html	動画が視聴できた	視聴できた@視聴できなかった	ロボットはこの情報をあらかじめ知っていた	知っていた@知らなかった	ロボットの反応は自然だった	1. 全くそう思わない@2. あまりそう思わない@3. ややそう思わない@4. どちらとも言えない@5. ややそう思う@6. かなりそう思う@7. 完全にそう思う	ロボットはこの情報に興味を持っている	1. 全くそう思わない@2. あまりそう思わない@3. ややそう思わない@4. どちらとも言えない@5. ややそう思う@6. かなりそう思う@7. 完全にそう思う	ロボットはこの情報に同意している	1. 全くそう思わない@2. あまりそう思わない@3. ややそう思わない@4. どちらとも言えない@5. ややそう思う@6. かなりそう思う@7. 完全にそう思う	
1	0							以下のURLの動画を見て各質問に回答してください。##https://taiga-mori.github.io/questionaire/9dsoodane.html	動画が視聴できた	視聴できた@視聴できなかった	ロボットはこの情報をあらかじめ知っていた	知っていた@知らなかった	ロボットの反応は自然だった	1. 全くそう思わない@2. あまりそう思わない@3. ややそう思わない@4. どちらとも言えない@5. ややそう思う@6. かなりそう思う@7. 完全にそう思う	ロボットはこの情報に興味を持っている	1. 全くそう思わない@2. あまりそう思わない@3. ややそう思わない@4. どちらとも言えない@5. ややそう思う@6. かなりそう思う@7. 完全にそう思う	ロボットはこの情報に同意している	1. 全くそう思わない@2. あまりそう思わない@3. ややそう思わない@4. どちらとも言えない@5. ややそう思う@6. かなりそう思う@7. 完全にそう思う	
1	0							以下のURLの動画を見て各質問に回答してください。##https://taiga-mori.github.io/questionaire/8hee.html	動画が視聴できた	視聴できた@視聴できなかった	ロボットはこの情報をあらかじめ知っていた	知っていた@知らなかった	ロボットの反応は自然だった	1. 全くそう思わない@2. あまりそう思わない@3. ややそう思わない@4. どちらとも言えない@5. ややそう思う@6. かなりそう思う@7. 完全にそう思う	ロボットはこの情報に興味を持っている	1. 全くそう思わない@2. あまりそう思わない@3. ややそう思わない@4. どちらとも言えない@5. ややそう思う@6. かなりそう思う@7. 完全にそう思う	ロボットはこの情報に同意している	1. 全くそう思わない@2. あまりそう思わない@3. ややそう思わない@4. どちらとも言えない@5. ややそう思う@6. かなりそう思う@7. 完全にそう思う	
1	0							以下のURLの動画を見て各質問に回答してください。##https://taiga-mori.github.io/questionaire/1usoosoo.html	動画が視聴できた	視聴できた@視聴できなかった	ロボットはこの情報をあらかじめ知っていた	知っていた@知らなかった	ロボットの反応は自然だった	1. 全くそう思わない@2. あまりそう思わない@3. ややそう思わない@4. どちらとも言えない@5. ややそう思う@6. かなりそう思う@7. 完全にそう思う	ロボットはこの情報に興味を持っている	1. 全くそう思わない@2. あまりそう思わない@3. ややそう思わない@4. どちらとも言えない@5. ややそう思う@6. かなりそう思う@7. 完全にそう思う	ロボットはこの情報に同意している	1. 全くそう思わない@2. あまりそう思わない@3. ややそう思わない@4. どちらとも言えない@5. ややそう思う@6. かなりそう思う@7. 完全にそう思う	
1	0							以下のURLの動画を見て各質問に回答してください。##https://taiga-mori.github.io/questionaire/18d.html	動画が視聴できた	視聴できた@視聴できなかった	ロボットはこの情報をあらかじめ知っていた	知っていた@知らなかった	ロボットの反応は自然だった	1. 全くそう思わない@2. あまりそう思わない@3. ややそう思わない@4. どちらとも言えない@5. ややそう思う@6. かなりそう思う@7. 完全にそう思う	ロボットはこの情報に興味を持っている	1. 全くそう思わない@2. あまりそう思わない@3. ややそう思わない@4. どちらとも言えない@5. ややそう思う@6. かなりそう思う@7. 完全にそう思う	ロボットはこの情報に同意している	1. 全くそう思わない@2. あまりそう思わない@3. ややそう思わない@4. どちらとも言えない@5. ややそう思う@6. かなりそう思う@7. 完全にそう思う	
1	0							以下のURLの動画を見て各質問に回答してください。##https://taiga-mori.github.io/questionaire/2soosoo.html	動画が視聴できた	視聴できた@視聴できなかった	ロボットはこの情報をあらかじめ知っていた	知っていた@知らなかった	ロボットの反応は自然だった	1. 全くそう思わない@2. あまりそう思わない@3. ややそう思わない@4. どちらとも言えない@5. ややそう思う@6. かなりそう思う@7. 完全にそう思う	ロボットはこの情報に興味を持っている	1. 全くそう思わない@2. あまりそう思わない@3. ややそう思わない@4. どちらとも言えない@5. ややそう思う@6. かなりそう思う@7. 完全にそう思う	ロボットはこの情報に同意している	1. 全くそう思わない@2. あまりそう思わない@3. ややそう思わない@4. どちらとも言えない@5. ややそう思う@6. かなりそう思う@7. 完全にそう思う	
1	0							以下のURLの動画を見て各質問に回答してください。##https://taiga-mori.github.io/questionaire/16u.html	動画が視聴できた	視聴できた@視聴できなかった	ロボットはこの情報をあらかじめ知っていた	知っていた@知らなかった	ロボットの反応は自然だった	1. 全くそう思わない@2. あまりそう思わない@3. ややそう思わない@4. どちらとも言えない@5. ややそう思う@6. かなりそう思う@7. 完全にそう思う	ロボットはこの情報に興味を持っている	1. 全くそう思わない@2. あまりそう思わない@3. ややそう思わない@4. どちらとも言えない@5. ややそう思う@6. かなりそう思う@7. 完全にそう思う	ロボットはこの情報に同意している	1. 全くそう思わない@2. あまりそう思わない@3. ややそう思わない@4. どちらとも言えない@5. ややそう思う@6. かなりそう思う@7. 完全にそう思う	
1	0							以下のURLの動画を見て各質問に回答してください。##https://taiga-mori.github.io/questionaire/20dsoosoo.html	動画が視聴できた	視聴できた@視聴できなかった	ロボットはこの情報をあらかじめ知っていた	知っていた@知らなかった	ロボットの反応は自然だった	1. 全くそう思わない@2. あまりそう思わない@3. ややそう思わない@4. どちらとも言えない@5. ややそう思う@6. かなりそう思う@7. 完全にそう思う	ロボットはこの情報に興味を持っている	1. 全くそう思わない@2. あまりそう思わない@3. ややそう思わない@4. どちらとも言えない@5. ややそう思う@6. かなりそう思う@7. 完全にそう思う	ロボットはこの情報に同意している	1. 全くそう思わない@2. あまりそう思わない@3. ややそう思わない@4. どちらとも言えない@5. ややそう思う@6. かなりそう思う@7. 完全にそう思う	
1	0							以下のURLの動画を見て各質問に回答してください。##https://taiga-mori.github.io/questionaire/12uhee.html	動画が視聴できた	視聴できた@視聴できなかった	ロボットはこの情報をあらかじめ知っていた	知っていた@知らなかった	ロボットの反応は自然だった	1. 全くそう思わない@2. あまりそう思わない@3. ややそう思わない@4. どちらとも言えない@5. ややそう思う@6. かなりそう思う@7. 完全にそう思う	ロボットはこの情報に興味を持っている	1. 全くそう思わない@2. あまりそう思わない@3. ややそう思わない@4. どちらとも言えない@5. ややそう思う@6. かなりそう思う@7. 完全にそう思う	ロボットはこの情報に同意している	1. 全くそう思わない@2. あまりそう思わない@3. ややそう思わない@4. どちらとも言えない@5. ややそう思う@6. かなりそう思う@7. 完全にそう思う	
1	0							以下のURLの動画を見て各質問に回答してください。##https://taiga-mori.github.io/questionaire/24dhee.html	動画が視聴できた	視聴できた@視聴できなかった	ロボットはこの情報をあらかじめ知っていた	知っていた@知らなかった	ロボットの反応は自然だった	1. 全くそう思わない@2. あまりそう思わない@3. ややそう思わない@4. どちらとも言えない@5. ややそう思う@6. かなりそう思う@7. 完全にそう思う	ロボットはこの情報に興味を持っている	1. 全くそう思わない@2. あまりそう思わない@3. ややそう思わない@4. どちらとも言えない@5. ややそう思う@6. かなりそう思う@7. 完全にそう思う	ロボットはこの情報に同意している	1. 全くそう思わない@2. あまりそう思わない@3. ややそう思わない@4. どちらとも言えない@5. ややそう思う@6. かなりそう思う@7. 完全にそう思う	
1	0							以下のURLの動画を見て各質問に回答してください。##https://taiga-mori.github.io/questionaire/11unun.html	動画が視聴できた	視聴できた@視聴できなかった	ロボットはこの情報をあらかじめ知っていた	知っていた@知らなかった	ロボットの反応は自然だった	1. 全くそう思わない@2. あまりそう思わない@3. ややそう思わない@4. どちらとも言えない@5. ややそう思う@6. かなりそう思う@7. 完全にそう思う	ロボットはこの情報に興味を持っている	1. 全くそう思わない@2. あまりそう思わない@3. ややそう思わない@4. どちらとも言えない@5. ややそう思う@6. かなりそう思う@7. 完全にそう思う	ロボットはこの情報に同意している	1. 全くそう思わない@2. あまりそう思わない@3. ややそう思わない@4. どちらとも言えない@5. ややそう思う@6. かなりそう思う@7. 完全にそう思う	
1	0							以下のURLの動画を見て各質問に回答してください。##https://taiga-mori.github.io/questionaire/15uaa.html	動画が視聴できた	視聴できた@視聴できなかった	ロボットはこの情報をあらかじめ知っていた	知っていた@知らなかった	ロボットの反応は自然だった	1. 全くそう思わない@2. あまりそう思わない@3. ややそう思わない@4. どちらとも言えない@5. ややそう思う@6. かなりそう思う@7. 完全にそう思う	ロボットはこの情報に興味を持っている	1. 全くそう思わない@2. あまりそう思わない@3. ややそう思わない@4. どちらとも言えない@5. ややそう思う@6. かなりそう思う@7. 完全にそう思う	ロボットはこの情報に同意している	1. 全くそう思わない@2. あまりそう思わない@3. ややそう思わない@4. どちらとも言えない@5. ややそう思う@6. かなりそう思う@7. 完全にそう思う	
1	0							以下のURLの動画を見て各質問に回答してください。##https://taiga-mori.github.io/questionaire/7aa.html	動画が視聴できた	視聴できた@視聴できなかった	ロボットはこの情報をあらかじめ知っていた	知っていた@知らなかった	ロボットの反応は自然だった	1. 全くそう思わない@2. あまりそう思わない@3. ややそう思わない@4. どちらとも言えない@5. ややそう思う@6. かなりそう思う@7. 完全にそう思う	ロボットはこの情報に興味を持っている	1. 全くそう思わない@2. あまりそう思わない@3. ややそう思わない@4. どちらとも言えない@5. ややそう思う@6. かなりそう思う@7. 完全にそう思う	ロボットはこの情報に同意している	1. 全くそう思わない@2. あまりそう思わない@3. ややそう思わない@4. どちらとも言えない@5. ややそう思う@6. かなりそう思う@7. 完全にそう思う	
1	0							以下のURLの動画を見て各質問に回答してください。##https://taiga-mori.github.io/questionaire/4u.html	動画が視聴できた	視聴できた@視聴できなかった	ロボットはこの情報をあらかじめ知っていた	知っていた@知らなかった	ロボットの反応は自然だった	1. 全くそう思わない@2. あまりそう思わない@3. ややそう思わない@4. どちらとも言えない@5. ややそう思う@6. かなりそう思う@7. 完全にそう思う	ロボットはこの情報に興味を持っている	1. 全くそう思わない@2. あまりそう思わない@3. ややそう思わない@4. どちらとも言えない@5. ややそう思う@6. かなりそう思う@7. 完全にそう思う	ロボットはこの情報に同意している	1. 全くそう思わない@2. あまりそう思わない@3. ややそう思わない@4. どちらとも言えない@5. ややそう思う@6. かなりそう思う@7. 完全にそう思う	
1	0							以下のURLの動画を見て各質問に回答してください。##https://taiga-mori.github.io/questionaire/14d.html	動画が視聴できた	視聴できた@視聴できなかった	ロボットはこの情報をあらかじめ知っていた	知っていた@知らなかった	ロボットの反応は自然だった	1. 全くそう思わない@2. あまりそう思わない@3. ややそう思わない@4. どちらとも言えない@5. ややそう思う@6. かなりそう思う@7. 完全にそう思う	ロボットはこの情報に興味を持っている	1. 全くそう思わない@2. あまりそう思わない@3. ややそう思わない@4. どちらとも言えない@5. ややそう思う@6. かなりそう思う@7. 完全にそう思う	ロボットはこの情報に同意している	1. 全くそう思わない@2. あまりそう思わない@3. ややそう思わない@4. どちらとも言えない@5. ややそう思う@6. かなりそう思う@7. 完全にそう思う	
1	0							以下のURLの動画を見て各質問に回答してください。##https://taiga-mori.github.io/questionaire/3uunun.html	動画が視聴できた	視聴できた@視聴できなかった	ロボットはこの情報をあらかじめ知っていた	知っていた@知らなかった	ロボットの反応は自然だった	1. 全くそう思わない@2. あまりそう思わない@3. ややそう思わない@4. どちらとも言えない@5. ややそう思う@6. かなりそう思う@7. 完全にそう思う	ロボットはこの情報に興味を持っている	1. 全くそう思わない@2. あまりそう思わない@3. ややそう思わない@4. どちらとも言えない@5. ややそう思う@6. かなりそう思う@7. 完全にそう思う	ロボットはこの情報に同意している	1. 全くそう思わない@2. あまりそう思わない@3. ややそう思わない@4. どちらとも言えない@5. ややそう思う@6. かなりそう思う@7. 完全にそう思う	
1	0							以下のURLの動画を見て各質問に回答してください。##https://taiga-mori.github.io/questionaire/19dunun.html	動画が視聴できた	視聴できた@視聴できなかった	ロボットはこの情報をあらかじめ知っていた	知っていた@知らなかった	ロボットの反応は自然だった	1. 全くそう思わない@2. あまりそう思わない@3. ややそう思わない@4. どちらとも言えない@5. ややそう思う@6. かなりそう思う@7. 完全にそう思う	ロボットはこの情報に興味を持っている	1. 全くそう思わない@2. あまりそう思わない@3. ややそう思わない@4. どちらとも言えない@5. ややそう思う@6. かなりそう思う@7. 完全にそう思う	ロボットはこの情報に同意している	1. 全くそう思わない@2. あまりそう思わない@3. ややそう思わない@4. どちらとも言えない@5. ややそう思う@6. かなりそう思う@7. 完全にそう思う	
1	0							以下のURLの動画を見て各質問に回答してください。##https://taiga-mori.github.io/questionaire/5daa.html	動画が視聴できた	視聴できた@視聴できなかった	ロボットはこの情報をあらかじめ知っていた	知っていた@知らなかった	ロボットの反応は自然だった	1. 全くそう思わない@2. あまりそう思わない@3. ややそう思わない@4. どちらとも言えない@5. ややそう思う@6. かなりそう思う@7. 完全にそう思う	ロボットはこの情報に興味を持っている	1. 全くそう思わない@2. あまりそう思わない@3. ややそう思わない@4. どちらとも言えない@5. ややそう思う@6. かなりそう思う@7. 完全にそう思う	ロボットはこの情報に同意している	1. 全くそう思わない@2. あまりそう思わない@3. ややそう思わない@4. どちらとも言えない@5. ややそう思う@6. かなりそう思う@7. 完全にそう思う	
1	0							あなたの年齢と性別を教えてください。	性別	男性@女性@その他@回答したくない	年齢	10代以下@20代@30代@40代@50代@60代@70代以上	質問はありません。「はい」を選択してください。	はい	質問はありません。「はい」を選択してください。	はい	質問はありません。「はい」を選択してください。	はい	
1	0							以下のURLの動画を見て各質問に回答してください。##https://taiga-mori.github.io/questionaire/6unun.html	動画が視聴できた	視聴できた@視聴できなかった	ロボットはこの情報をあらかじめ知っていた	知っていた@知らなかった	ロボットの反応は自然だった	1. 全くそう思わない@2. あまりそう思わない@3. ややそう思わない@4. どちらとも言えない@5. ややそう思う@6. かなりそう思う@7. 完全にそう思う	ロボットはこの情報に興味を持っている	1. 全くそう思わない@2. あまりそう思わない@3. ややそう思わない@4. どちらとも言えない@5. ややそう思う@6. かなりそう思う@7. 完全にそう思う	ロボットはこの情報に同意している	1. 全くそう思わない@2. あまりそう思わない@3. ややそう思わない@4. どちらとも言えない@5. ややそう思う@6. かなりそう思う@7. 完全にそう思う	
1	0							以下のURLの動画を見て各質問に回答してください。##https://taiga-mori.github.io/questionaire/7dhuun.html	動画が視聴できた	視聴できた@視聴できなかった	ロボットはこの情報をあらかじめ知っていた	知っていた@知らなかった	ロボットの反応は自然だった	1. 全くそう思わない@2. あまりそう思わない@3. ややそう思わない@4. どちらとも言えない@5. ややそう思う@6. かなりそう思う@7. 完全にそう思う	ロボットはこの情報に興味を持っている	1. 全くそう思わない@2. あまりそう思わない@3. ややそう思わない@4. どちらとも言えない@5. ややそう思う@6. かなりそう思う@7. 完全にそう思う	ロボットはこの情報に同意している	1. 全くそう思わない@2. あまりそう思わない@3. ややそう思わない@4. どちらとも言えない@5. ややそう思う@6. かなりそう思う@7. 完全にそう思う	
1	0							以下のURLの動画を見て各質問に回答してください。##https://taiga-mori.github.io/questionaire/4dunun.html	動画が視聴できた	視聴できた@視聴できなかった	ロボットはこの情報をあらかじめ知っていた	知っていた@知らなかった	ロボットの反応は自然だった	1. 全くそう思わない@2. あまりそう思わない@3. ややそう思わない@4. どちらとも言えない@5. ややそう思う@6. かなりそう思う@7. 完全にそう思う	ロボットはこの情報に興味を持っている	1. 全くそう思わない@2. あまりそう思わない@3. ややそう思わない@4. どちらとも言えない@5. ややそう思う@6. かなりそう思う@7. 完全にそう思う	ロボットはこの情報に同意している	1. 全くそう思わない@2. あまりそう思わない@3. ややそう思わない@4. どちらとも言えない@5. ややそう思う@6. かなりそう思う@7. 完全にそう思う	
1	0							以下のURLの動画を見て各質問に回答してください。##https://taiga-mori.github.io/questionaire/10uunun.html	動画が視聴できた	視聴できた@視聴できなかった	ロボットはこの情報をあらかじめ知っていた	知っていた@知らなかった	ロボットの反応は自然だった	1. 全くそう思わない@2. あまりそう思わない@3. ややそう思わない@4. どちらとも言えない@5. ややそう思う@6. かなりそう思う@7. 完全にそう思う	ロボットはこの情報に興味を持っている	1. 全くそう思わない@2. あまりそう思わない@3. ややそう思わない@4. どちらとも言えない@5. ややそう思う@6. かなりそう思う@7. 完全にそう思う	ロボットはこの情報に同意している	1. 全くそう思わない@2. あまりそう思わない@3. ややそう思わない@4. どちらとも言えない@5. ややそう思う@6. かなりそう思う@7. 完全にそう思う	
1	0							以下のURLの動画を見て各質問に回答してください。##https://taiga-mori.github.io/questionaire/17u.html	動画が視聴できた	視聴できた@視聴できなかった	ロボットはこの情報をあらかじめ知っていた	知っていた@知らなかった	ロボットの反応は自然だった	1. 全くそう思わない@2. あまりそう思わない@3. ややそう思わない@4. どちらとも言えない@5. ややそう思う@6. かなりそう思う@7. 完全にそう思う	ロボットはこの情報に興味を持っている	1. 全くそう思わない@2. あまりそう思わない@3. ややそう思わない@4. どちらとも言えない@5. ややそう思う@6. かなりそう思う@7. 完全にそう思う	ロボットはこの情報に同意している	1. 全くそう思わない@2. あまりそう思わない@3. ややそう思わない@4. どちらとも言えない@5. ややそう思う@6. かなりそう思う@7. 完全にそう思う	
1	0							以下のURLの動画を見て各質問に回答してください。##https://taiga-mori.github.io/questionaire/16uhuun.html	動画が視聴できた	視聴できた@視聴できなかった	ロボットはこの情報をあらかじめ知っていた	知っていた@知らなかった	ロボットの反応は自然だった	1. 全くそう思わない@2. あまりそう思わない@3. ややそう思わない@4. どちらとも言えない@5. ややそう思う@6. かなりそう思う@7. 完全にそう思う	ロボットはこの情報に興味を持っている	1. 全くそう思わない@2. あまりそう思わない@3. ややそう思わない@4. どちらとも言えない@5. ややそう思う@6. かなりそう思う@7. 完全にそう思う	ロボットはこの情報に同意している	1. 全くそう思わない@2. あまりそう思わない@3. ややそう思わない@4. どちらとも言えない@5. ややそう思う@6. かなりそう思う@7. 完全にそう思う	
1	0							以下のURLの動画を見て各質問に回答してください。##https://taiga-mori.github.io/questionaire/8huun.html	動画が視聴できた	視聴できた@視聴できなかった	ロボットはこの情報をあらかじめ知っていた	知っていた@知らなかった	ロボットの反応は自然だった	1. 全くそう思わない@2. あまりそう思わない@3. ややそう思わない@4. どちらとも言えない@5. ややそう思う@6. かなりそう思う@7. 完全にそう思う	ロボットはこの情報に興味を持っている	1. 全くそう思わない@2. あまりそう思わない@3. ややそう思わない@4. どちらとも言えない@5. ややそう思う@6. かなりそう思う@7. 完全にそう思う	ロボットはこの情報に同意している	1. 全くそう思わない@2. あまりそう思わない@3. ややそう思わない@4. どちらとも言えない@5. ややそう思う@6. かなりそう思う@7. 完全にそう思う	
1	0							以下のURLの動画を見て各質問に回答してください。##https://taiga-mori.github.io/questionaire/3d.html	動画が視聴できた	視聴できた@視聴できなかった	ロボットはこの情報をあらかじめ知っていた	知っていた@知らなかった	ロボットの反応は自然だった	1. 全くそう思わない@2. あまりそう思わない@3. ややそう思わない@4. どちらとも言えない@5. ややそう思う@6. かなりそう思う@7. 完全にそう思う	ロボットはこの情報に興味を持っている	1. 全くそう思わない@2. あまりそう思わない@3. ややそう思わない@4. どちらとも言えない@5. ややそう思う@6. かなりそう思う@7. 完全にそう思う	ロボットはこの情報に同意している	1. 全くそう思わない@2. あまりそう思わない@3. ややそう思わない@4. どちらとも言えない@5. ややそう思う@6. かなりそう思う@7. 完全にそう思う	
1	0							以下のURLの動画を見て各質問に回答してください。##https://taiga-mori.github.io/questionaire/12soodane.html	動画が視聴できた	視聴できた@視聴できなかった	ロボットはこの情報をあらかじめ知っていた	知っていた@知らなかった	ロボットの反応は自然だった	1. 全くそう思わない@2. あまりそう思わない@3. ややそう思わない@4. どちらとも言えない@5. ややそう思う@6. かなりそう思う@7. 完全にそう思う	ロボットはこの情報に興味を持っている	1. 全くそう思わない@2. あまりそう思わない@3. ややそう思わない@4. どちらとも言えない@5. ややそう思う@6. かなりそう思う@7. 完全にそう思う	ロボットはこの情報に同意している	1. 全くそう思わない@2. あまりそう思わない@3. ややそう思わない@4. どちらとも言えない@5. ややそう思う@6. かなりそう思う@7. 完全にそう思う	
1	0							以下のURLの動画を見て各質問に回答してください。##https://taiga-mori.github.io/questionaire/5d.html	動画が視聴できた	視聴できた@視聴できなかった	ロボットはこの情報をあらかじめ知っていた	知っていた@知らなかった	ロボットの反応は自然だった	1. 全くそう思わない@2. あまりそう思わない@3. ややそう思わない@4. どちらとも言えない@5. ややそう思う@6. かなりそう思う@7. 完全にそう思う	ロボットはこの情報に興味を持っている	1. 全くそう思わない@2. あまりそう思わない@3. ややそう思わない@4. どちらとも言えない@5. ややそう思う@6. かなりそう思う@7. 完全にそう思う	ロボットはこの情報に同意している	1. 全くそう思わない@2. あまりそう思わない@3. ややそう思わない@4. どちらとも言えない@5. ややそう思う@6. かなりそう思う@7. 完全にそう思う	
1	0							以下のURLの動画を見て各質問に回答してください。##https://taiga-mori.github.io/questionaire/14daa.html	動画が視聴できた	視聴できた@視聴できなかった	ロボットはこの情報をあらかじめ知っていた	知っていた@知らなかった	ロボットの反応は自然だった	1. 全くそう思わない@2. あまりそう思わない@3. ややそう思わない@4. どちらとも言えない@5. ややそう思う@6. かなりそう思う@7. 完全にそう思う	ロボットはこの情報に興味を持っている	1. 全くそう思わない@2. あまりそう思わない@3. ややそう思わない@4. どちらとも言えない@5. ややそう思う@6. かなりそう思う@7. 完全にそう思う	ロボットはこの情報に同意している	1. 全くそう思わない@2. あまりそう思わない@3. ややそう思わない@4. どちらとも言えない@5. ややそう思う@6. かなりそう思う@7. 完全にそう思う	
1	0							以下のURLの動画を見て各質問に回答してください。##https://taiga-mori.github.io/questionaire/15u.html	動画が視聴できた	視聴できた@視聴できなかった	ロボットはこの情報をあらかじめ知っていた	知っていた@知らなかった	ロボットの反応は自然だった	1. 全くそう思わない@2. あまりそう思わない@3. ややそう思わない@4. どちらとも言えない@5. ややそう思う@6. かなりそう思う@7. 完全にそう思う	ロボットはこの情報に興味を持っている	1. 全くそう思わない@2. あまりそう思わない@3. ややそう思わない@4. どちらとも言えない@5. ややそう思う@6. かなりそう思う@7. 完全にそう思う	ロボットはこの情報に同意している	1. 全くそう思わない@2. あまりそう思わない@3. ややそう思わない@4. どちらとも言えない@5. ややそう思う@6. かなりそう思う@7. 完全にそう思う	
1	0							以下のURLの動画を見て各質問に回答してください。##https://taiga-mori.github.io/questionaire/19dsoodane.html	動画が視聴できた	視聴できた@視聴できなかった	ロボットはこの情報をあらかじめ知っていた	知っていた@知らなかった	ロボットの反応は自然だった	1. 全くそう思わない@2. あまりそう思わない@3. ややそう思わない@4. どちらとも言えない@5. ややそう思う@6. かなりそう思う@7. 完全にそう思う	ロボットはこの情報に興味を持っている	1. 全くそう思わない@2. あまりそう思わない@3. ややそう思わない@4. どちらとも言えない@5. ややそう思う@6. かなりそう思う@7. 完全にそう思う	ロボットはこの情報に同意している	1. 全くそう思わない@2. あまりそう思わない@3. ややそう思わない@4. どちらとも言えない@5. ややそう思う@6. かなりそう思う@7. 完全にそう思う	
1	0							以下のURLの動画を見て各質問に回答してください。##https://taiga-mori.github.io/questionaire/24aa.html	動画が視聴できた	視聴できた@視聴できなかった	ロボットはこの情報をあらかじめ知っていた	知っていた@知らなかった	ロボットの反応は自然だった	1. 全くそう思わない@2. あまりそう思わない@3. ややそう思わない@4. どちらとも言えない@5. ややそう思う@6. かなりそう思う@7. 完全にそう思う	ロボットはこの情報に興味を持っている	1. 全くそう思わない@2. あまりそう思わない@3. ややそう思わない@4. どちらとも言えない@5. ややそう思う@6. かなりそう思う@7. 完全にそう思う	ロボットはこの情報に同意している	1. 全くそう思わない@2. あまりそう思わない@3. ややそう思わない@4. どちらとも言えない@5. ややそう思う@6. かなりそう思う@7. 完全にそう思う	
1	0							以下のURLの動画を見て各質問に回答してください。##https://taiga-mori.github.io/questionaire/9uaa.html	動画が視聴できた	視聴できた@視聴できなかった	ロボットはこの情報をあらかじめ知っていた	知っていた@知らなかった	ロボットの反応は自然だった	1. 全くそう思わない@2. あまりそう思わない@3. ややそう思わない@4. どちらとも言えない@5. ややそう思う@6. かなりそう思う@7. 完全にそう思う	ロボットはこの情報に興味を持っている	1. 全くそう思わない@2. あまりそう思わない@3. ややそう思わない@4. どちらとも言えない@5. ややそう思う@6. かなりそう思う@7. 完全にそう思う	ロボットはこの情報に同意している	1. 全くそう思わない@2. あまりそう思わない@3. ややそう思わない@4. どちらとも言えない@5. ややそう思う@6. かなりそう思う@7. 完全にそう思う	
1	0							以下のURLの動画を見て各質問に回答してください。##https://taiga-mori.github.io/questionaire/1usoodane.html	動画が視聴できた	視聴できた@視聴できなかった	ロボットはこの情報をあらかじめ知っていた	知っていた@知らなかった	ロボットの反応は自然だった	1. 全くそう思わない@2. あまりそう思わない@3. ややそう思わない@4. どちらとも言えない@5. ややそう思う@6. かなりそう思う@7. 完全にそう思う	ロボットはこの情報に興味を持っている	1. 全くそう思わない@2. あまりそう思わない@3. ややそう思わない@4. どちらとも言えない@5. ややそう思う@6. かなりそう思う@7. 完全にそう思う	ロボットはこの情報に同意している	1. 全くそう思わない@2. あまりそう思わない@3. ややそう思わない@4. どちらとも言えない@5. ややそう思う@6. かなりそう思う@7. 完全にそう思う	
1	0							以下のURLの動画を見て各質問に回答してください。##https://taiga-mori.github.io/questionaire/22hee.html	動画が視聴できた	視聴できた@視聴できなかった	ロボットはこの情報をあらかじめ知っていた	知っていた@知らなかった	ロボットの反応は自然だった	1. 全くそう思わない@2. あまりそう思わない@3. ややそう思わない@4. どちらとも言えない@5. ややそう思う@6. かなりそう思う@7. 完全にそう思う	ロボットはこの情報に興味を持っている	1. 全くそう思わない@2. あまりそう思わない@3. ややそう思わない@4. どちらとも言えない@5. ややそう思う@6. かなりそう思う@7. 完全にそう思う	ロボットはこの情報に同意している	1. 全くそう思わない@2. あまりそう思わない@3. ややそう思わない@4. どちらとも言えない@5. ややそう思う@6. かなりそう思う@7. 完全にそう思う	
1	0							以下のURLの動画を見て各質問に回答してください。##https://taiga-mori.github.io/questionaire/11u.html	動画が視聴できた	視聴できた@視聴できなかった	ロボットはこの情報をあらかじめ知っていた	知っていた@知らなかった	ロボットの反応は自然だった	1. 全くそう思わない@2. あまりそう思わない@3. ややそう思わない@4. どちらとも言えない@5. ややそう思う@6. かなりそう思う@7. 完全にそう思う	ロボットはこの情報に興味を持っている	1. 全くそう思わない@2. あまりそう思わない@3. ややそう思わない@4. どちらとも言えない@5. ややそう思う@6. かなりそう思う@7. 完全にそう思う	ロボットはこの情報に同意している	1. 全くそう思わない@2. あまりそう思わない@3. ややそう思わない@4. どちらとも言えない@5. ややそう思う@6. かなりそう思う@7. 完全にそう思う	
1	0							以下のURLの動画を見て各質問に回答してください。##https://taiga-mori.github.io/questionaire/20dsoosoo.html	動画が視聴できた	視聴できた@視聴できなかった	ロボットはこの情報をあらかじめ知っていた	知っていた@知らなかった	ロボットの反応は自然だった	1. 全くそう思わない@2. あまりそう思わない@3. ややそう思わない@4. どちらとも言えない@5. ややそう思う@6. かなりそう思う@7. 完全にそう思う	ロボットはこの情報に興味を持っている	1. 全くそう思わない@2. あまりそう思わない@3. ややそう思わない@4. どちらとも言えない@5. ややそう思う@6. かなりそう思う@7. 完全にそう思う	ロボットはこの情報に同意している	1. 全くそう思わない@2. あまりそう思わない@3. ややそう思わない@4. どちらとも言えない@5. ややそう思う@6. かなりそう思う@7. 完全にそう思う	
1	0							以下のURLの動画を見て各質問に回答してください。##https://taiga-mori.github.io/questionaire/13dhee.html	動画が視聴できた	視聴できた@視聴できなかった	ロボットはこの情報をあらかじめ知っていた	知っていた@知らなかった	ロボットの反応は自然だった	1. 全くそう思わない@2. あまりそう思わない@3. ややそう思わない@4. どちらとも言えない@5. ややそう思う@6. かなりそう思う@7. 完全にそう思う	ロボットはこの情報に興味を持っている	1. 全くそう思わない@2. あまりそう思わない@3. ややそう思わない@4. どちらとも言えない@5. ややそう思う@6. かなりそう思う@7. 完全にそう思う	ロボットはこの情報に同意している	1. 全くそう思わない@2. あまりそう思わない@3. ややそう思わない@4. どちらとも言えない@5. ややそう思う@6. かなりそう思う@7. 完全にそう思う	
1	0							以下のURLの動画を見て各質問に回答してください。##https://taiga-mori.github.io/questionaire/2uhee.html	動画が視聴できた	視聴できた@視聴できなかった	ロボットはこの情報をあらかじめ知っていた	知っていた@知らなかった	ロボットの反応は自然だった	1. 全くそう思わない@2. あまりそう思わない@3. ややそう思わない@4. どちらとも言えない@5. ややそう思う@6. かなりそう思う@7. 完全にそう思う	ロボットはこの情報に興味を持っている	1. 全くそう思わない@2. あまりそう思わない@3. ややそう思わない@4. どちらとも言えない@5. ややそう思う@6. かなりそう思う@7. 完全にそう思う	ロボットはこの情報に同意している	1. 全くそう思わない@2. あまりそう思わない@3. ややそう思わない@4. どちらとも言えない@5. ややそう思う@6. かなりそう思う@7. 完全にそう思う	
1	0							以下のURLの動画を見て各質問に回答してください。##https://taiga-mori.github.io/questionaire/21soosoo.html	動画が視聴できた	視聴できた@視聴できなかった	ロボットはこの情報をあらかじめ知っていた	知っていた@知らなかった	ロボットの反応は自然だった	1. 全くそう思わない@2. あまりそう思わない@3. ややそう思わない@4. どちらとも言えない@5. ややそう思う@6. かなりそう思う@7. 完全にそう思う	ロボットはこの情報に興味を持っている	1. 全くそう思わない@2. あまりそう思わない@3. ややそう思わない@4. どちらとも言えない@5. ややそう思う@6. かなりそう思う@7. 完全にそう思う	ロボットはこの情報に同意している	1. 全くそう思わない@2. あまりそう思わない@3. ややそう思わない@4. どちらとも言えない@5. ややそう思う@6. かなりそう思う@7. 完全にそう思う	
1	0							以下のURLの動画を見て各質問に回答してください。##https://taiga-mori.github.io/questionaire/18d.html	動画が視聴できた	視聴できた@視聴できなかった	ロボットはこの情報をあらかじめ知っていた	知っていた@知らなかった	ロボットの反応は自然だった	1. 全くそう思わない@2. あまりそう思わない@3. ややそう思わない@4. どちらとも言えない@5. ややそう思う@6. かなりそう思う@7. 完全にそう思う	ロボットはこの情報に興味を持っている	1. 全くそう思わない@2. あまりそう思わない@3. ややそう思わない@4. どちらとも言えない@5. ややそう思う@6. かなりそう思う@7. 完全にそう思う	ロボットはこの情報に同意している	1. 全くそう思わない@2. あまりそう思わない@3. ややそう思わない@4. どちらとも言えない@5. ややそう思う@6. かなりそう思う@7. 完全にそう思う	
1	0							以下のURLの動画を見て各質問に回答してください。##https://taiga-mori.github.io/questionaire/23usoosoo.html	動画が視聴できた	視聴できた@視聴できなかった	ロボットはこの情報をあらかじめ知っていた	知っていた@知らなかった	ロボットの反応は自然だった	1. 全くそう思わない@2. あまりそう思わない@3. ややそう思わない@4. どちらとも言えない@5. ややそう思う@6. かなりそう思う@7. 完全にそう思う	ロボットはこの情報に興味を持っている	1. 全くそう思わない@2. あまりそう思わない@3. ややそう思わない@4. どちらとも言えない@5. ややそう思う@6. かなりそう思う@7. 完全にそう思う	ロボットはこの情報に同意している	1. 全くそう思わない@2. あまりそう思わない@3. ややそう思わない@4. どちらとも言えない@5. ややそう思う@6. かなりそう思う@7. 完全にそう思う	
1	0							あなたの年齢と性別を教えてください。	性別	男性@女性@その他@回答したくない	年齢	10代以下@20代@30代@40代@50代@60代@70代以上	質問はありません。「はい」を選択してください。	はい	質問はありません。「はい」を選択してください。	はい	質問はありません。「はい」を選択してください。	はい	
1	0							以下のURLの動画を見て各質問に回答してください。##https://taiga-mori.github.io/questionaire/22uaa.html	動画が視聴できた	視聴できた@視聴できなかった	ロボットはこの情報をあらかじめ知っていた	知っていた@知らなかった	ロボットの反応は自然だった	1. 全くそう思わない@2. あまりそう思わない@3. ややそう思わない@4. どちらとも言えない@5. ややそう思う@6. かなりそう思う@7. 完全にそう思う	ロボットはこの情報に興味を持っている	1. 全くそう思わない@2. あまりそう思わない@3. ややそう思わない@4. どちらとも言えない@5. ややそう思う@6. かなりそう思う@7. 完全にそう思う	ロボットはこの情報に同意している	1. 全くそう思わない@2. あまりそう思わない@3. ややそう思わない@4. どちらとも言えない@5. ややそう思う@6. かなりそう思う@7. 完全にそう思う	
1	0							以下のURLの動画を見て各質問に回答してください。##https://taiga-mori.github.io/questionaire/8daa.html	動画が視聴できた	視聴できた@視聴できなかった	ロボットはこの情報をあらかじめ知っていた	知っていた@知らなかった	ロボットの反応は自然だった	1. 全くそう思わない@2. あまりそう思わない@3. ややそう思わない@4. どちらとも言えない@5. ややそう思う@6. かなりそう思う@7. 完全にそう思う	ロボットはこの情報に興味を持っている	1. 全くそう思わない@2. あまりそう思わない@3. ややそう思わない@4. どちらとも言えない@5. ややそう思う@6. かなりそう思う@7. 完全にそう思う	ロボットはこの情報に同意している	1. 全くそう思わない@2. あまりそう思わない@3. ややそう思わない@4. どちらとも言えない@5. ややそう思う@6. かなりそう思う@7. 完全にそう思う	
1	0							以下のURLの動画を見て各質問に回答してください。##https://taiga-mori.github.io/questionaire/1soodane.html	動画が視聴できた	視聴できた@視聴できなかった	ロボットはこの情報をあらかじめ知っていた	知っていた@知らなかった	ロボットの反応は自然だった	1. 全くそう思わない@2. あまりそう思わない@3. ややそう思わない@4. どちらとも言えない@5. ややそう思う@6. かなりそう思う@7. 完全にそう思う	ロボットはこの情報に興味を持っている	1. 全くそう思わない@2. あまりそう思わない@3. ややそう思わない@4. どちらとも言えない@5. ややそう思う@6. かなりそう思う@7. 完全にそう思う	ロボットはこの情報に同意している	1. 全くそう思わない@2. あまりそう思わない@3. ややそう思わない@4. どちらとも言えない@5. ややそう思う@6. かなりそう思う@7. 完全にそう思う	
1	0							以下のURLの動画を見て各質問に回答してください。##https://taiga-mori.github.io/questionaire/11aa.html	動画が視聴できた	視聴できた@視聴できなかった	ロボットはこの情報をあらかじめ知っていた	知っていた@知らなかった	ロボットの反応は自然だった	1. 全くそう思わない@2. あまりそう思わない@3. ややそう思わない@4. どちらとも言えない@5. ややそう思う@6. かなりそう思う@7. 完全にそう思う	ロボットはこの情報に興味を持っている	1. 全くそう思わない@2. あまりそう思わない@3. ややそう思わない@4. どちらとも言えない@5. ややそう思う@6. かなりそう思う@7. 完全にそう思う	ロボットはこの情報に同意している	1. 全くそう思わない@2. あまりそう思わない@3. ややそう思わない@4. どちらとも言えない@5. ややそう思う@6. かなりそう思う@7. 完全にそう思う	
1	0							以下のURLの動画を見て各質問に回答してください。##https://taiga-mori.github.io/questionaire/5dsoodane.html	動画が視聴できた	視聴できた@視聴できなかった	ロボットはこの情報をあらかじめ知っていた	知っていた@知らなかった	ロボットの反応は自然だった	1. 全くそう思わない@2. あまりそう思わない@3. ややそう思わない@4. どちらとも言えない@5. ややそう思う@6. かなりそう思う@7. 完全にそう思う	ロボットはこの情報に興味を持っている	1. 全くそう思わない@2. あまりそう思わない@3. ややそう思わない@4. どちらとも言えない@5. ややそう思う@6. かなりそう思う@7. 完全にそう思う	ロボットはこの情報に同意している	1. 全くそう思わない@2. あまりそう思わない@3. ややそう思わない@4. どちらとも言えない@5. ややそう思う@6. かなりそう思う@7. 完全にそう思う	
1	0							以下のURLの動画を見て各質問に回答してください。##https://taiga-mori.github.io/questionaire/21u.html	動画が視聴できた	視聴できた@視聴できなかった	ロボットはこの情報をあらかじめ知っていた	知っていた@知らなかった	ロボットの反応は自然だった	1. 全くそう思わない@2. あまりそう思わない@3. ややそう思わない@4. どちらとも言えない@5. ややそう思う@6. かなりそう思う@7. 完全にそう思う	ロボットはこの情報に興味を持っている	1. 全くそう思わない@2. あまりそう思わない@3. ややそう思わない@4. どちらとも言えない@5. ややそう思う@6. かなりそう思う@7. 完全にそう思う	ロボットはこの情報に同意している	1. 全くそう思わない@2. あまりそう思わない@3. ややそう思わない@4. どちらとも言えない@5. ややそう思う@6. かなりそう思う@7. 完全にそう思う	
1	0							以下のURLの動画を見て各質問に回答してください。##https://taiga-mori.github.io/questionaire/15usoodane.html	動画が視聴できた	視聴できた@視聴できなかった	ロボットはこの情報をあらかじめ知っていた	知っていた@知らなかった	ロボットの反応は自然だった	1. 全くそう思わない@2. あまりそう思わない@3. ややそう思わない@4. どちらとも言えない@5. ややそう思う@6. かなりそう思う@7. 完全にそう思う	ロボットはこの情報に興味を持っている	1. 全くそう思わない@2. あまりそう思わない@3. ややそう思わない@4. どちらとも言えない@5. ややそう思う@6. かなりそう思う@7. 完全にそう思う	ロボットはこの情報に同意している	1. 全くそう思わない@2. あまりそう思わない@3. ややそう思わない@4. どちらとも言えない@5. ややそう思う@6. かなりそう思う@7. 完全にそう思う	
1	0							以下のURLの動画を見て各質問に回答してください。##https://taiga-mori.github.io/questionaire/18d.html	動画が視聴できた	視聴できた@視聴できなかった	ロボットはこの情報をあらかじめ知っていた	知っていた@知らなかった	ロボットの反応は自然だった	1. 全くそう思わない@2. あまりそう思わない@3. ややそう思わない@4. どちらとも言えない@5. ややそう思う@6. かなりそう思う@7. 完全にそう思う	ロボットはこの情報に興味を持っている	1. 全くそう思わない@2. あまりそう思わない@3. ややそう思わない@4. どちらとも言えない@5. ややそう思う@6. かなりそう思う@7. 完全にそう思う	ロボットはこの情報に同意している	1. 全くそう思わない@2. あまりそう思わない@3. ややそう思わない@4. どちらとも言えない@5. ややそう思う@6. かなりそう思う@7. 完全にそう思う	
1	0							以下のURLの動画を見て各質問に回答してください。##https://taiga-mori.github.io/questionaire/9uhee.html	動画が視聴できた	視聴できた@視聴できなかった	ロボットはこの情報をあらかじめ知っていた	知っていた@知らなかった	ロボットの反応は自然だった	1. 全くそう思わない@2. あまりそう思わない@3. ややそう思わない@4. どちらとも言えない@5. ややそう思う@6. かなりそう思う@7. 完全にそう思う	ロボットはこの情報に興味を持っている	1. 全くそう思わない@2. あまりそう思わない@3. ややそう思わない@4. どちらとも言えない@5. ややそう思う@6. かなりそう思う@7. 完全にそう思う	ロボットはこの情報に同意している	1. 全くそう思わない@2. あまりそう思わない@3. ややそう思わない@4. どちらとも言えない@5. ややそう思う@6. かなりそう思う@7. 完全にそう思う	
1	0							以下のURLの動画を見て各質問に回答してください。##https://taiga-mori.github.io/questionaire/23usoosoo.html	動画が視聴できた	視聴できた@視聴できなかった	ロボットはこの情報をあらかじめ知っていた	知っていた@知らなかった	ロボットの反応は自然だった	1. 全くそう思わない@2. あまりそう思わない@3. ややそう思わない@4. どちらとも言えない@5. ややそう思う@6. かなりそう思う@7. 完全にそう思う	ロボットはこの情報に興味を持っている	1. 全くそう思わない@2. あまりそう思わない@3. ややそう思わない@4. どちらとも言えない@5. ややそう思う@6. かなりそう思う@7. 完全にそう思う	ロボットはこの情報に同意している	1. 全くそう思わない@2. あまりそう思わない@3. ややそう思わない@4. どちらとも言えない@5. ややそう思う@6. かなりそう思う@7. 完全にそう思う	
1	0							以下のURLの動画を見て各質問に回答してください。##https://taiga-mori.github.io/questionaire/10u.html	動画が視聴できた	視聴できた@視聴できなかった	ロボットはこの情報をあらかじめ知っていた	知っていた@知らなかった	ロボットの反応は自然だった	1. 全くそう思わない@2. あまりそう思わない@3. ややそう思わない@4. どちらとも言えない@5. ややそう思う@6. かなりそう思う@7. 完全にそう思う	ロボットはこの情報に興味を持っている	1. 全くそう思わない@2. あまりそう思わない@3. ややそう思わない@4. どちらとも言えない@5. ややそう思う@6. かなりそう思う@7. 完全にそう思う	ロボットはこの情報に同意している	1. 全くそう思わない@2. あまりそう思わない@3. ややそう思わない@4. どちらとも言えない@5. ややそう思う@6. かなりそう思う@7. 完全にそう思う	
1	0							以下のURLの動画を見て各質問に回答してください。##https://taiga-mori.github.io/questionaire/4dhee.html	動画が視聴できた	視聴できた@視聴できなかった	ロボットはこの情報をあらかじめ知っていた	知っていた@知らなかった	ロボットの反応は自然だった	1. 全くそう思わない@2. あまりそう思わない@3. ややそう思わない@4. どちらとも言えない@5. ややそう思う@6. かなりそう思う@7. 完全にそう思う	ロボットはこの情報に興味を持っている	1. 全くそう思わない@2. あまりそう思わない@3. ややそう思わない@4. どちらとも言えない@5. ややそう思う@6. かなりそう思う@7. 完全にそう思う	ロボットはこの情報に同意している	1. 全くそう思わない@2. あまりそう思わない@3. ややそう思わない@4. どちらとも言えない@5. ややそう思う@6. かなりそう思う@7. 完全にそう思う	
1	0							以下のURLの動画を見て各質問に回答してください。##https://taiga-mori.github.io/questionaire/12hee.html	動画が視聴できた	視聴できた@視聴できなかった	ロボットはこの情報をあらかじめ知っていた	知っていた@知らなかった	ロボットの反応は自然だった	1. 全くそう思わない@2. あまりそう思わない@3. ややそう思わない@4. どちらとも言えない@5. ややそう思う@6. かなりそう思う@7. 完全にそう思う	ロボットはこの情報に興味を持っている	1. 全くそう思わない@2. あまりそう思わない@3. ややそう思わない@4. どちらとも言えない@5. ややそう思う@6. かなりそう思う@7. 完全にそう思う	ロボットはこの情報に同意している	1. 全くそう思わない@2. あまりそう思わない@3. ややそう思わない@4. どちらとも言えない@5. ややそう思う@6. かなりそう思う@7. 完全にそう思う	
1	0							以下のURLの動画を見て各質問に回答してください。##https://taiga-mori.github.io/questionaire/16dsoosoo.html	動画が視聴できた	視聴できた@視聴できなかった	ロボットはこの情報をあらかじめ知っていた	知っていた@知らなかった	ロボットの反応は自然だった	1. 全くそう思わない@2. あまりそう思わない@3. ややそう思わない@4. どちらとも言えない@5. ややそう思う@6. かなりそう思う@7. 完全にそう思う	ロボットはこの情報に興味を持っている	1. 全くそう思わない@2. あまりそう思わない@3. ややそう思わない@4. どちらとも言えない@5. ややそう思う@6. かなりそう思う@7. 完全にそう思う	ロボットはこの情報に同意している	1. 全くそう思わない@2. あまりそう思わない@3. ややそう思わない@4. どちらとも言えない@5. ややそう思う@6. かなりそう思う@7. 完全にそう思う	
1	0							以下のURLの動画を見て各質問に回答してください。##https://taiga-mori.github.io/questionaire/19soosoo.html	動画が視聴できた	視聴できた@視聴できなかった	ロボットはこの情報をあらかじめ知っていた	知っていた@知らなかった	ロボットの反応は自然だった	1. 全くそう思わない@2. あまりそう思わない@3. ややそう思わない@4. どちらとも言えない@5. ややそう思う@6. かなりそう思う@7. 完全にそう思う	ロボットはこの情報に興味を持っている	1. 全くそう思わない@2. あまりそう思わない@3. ややそう思わない@4. どちらとも言えない@5. ややそう思う@6. かなりそう思う@7. 完全にそう思う	ロボットはこの情報に同意している	1. 全くそう思わない@2. あまりそう思わない@3. ややそう思わない@4. どちらとも言えない@5. ややそう思う@6. かなりそう思う@7. 完全にそう思う	
1	0							以下のURLの動画を見て各質問に回答してください。##https://taiga-mori.github.io/questionaire/13d.html	動画が視聴できた	視聴できた@視聴できなかった	ロボットはこの情報をあらかじめ知っていた	知っていた@知らなかった	ロボットの反応は自然だった	1. 全くそう思わない@2. あまりそう思わない@3. ややそう思わない@4. どちらとも言えない@5. ややそう思う@6. かなりそう思う@7. 完全にそう思う	ロボットはこの情報に興味を持っている	1. 全くそう思わない@2. あまりそう思わない@3. ややそう思わない@4. どちらとも言えない@5. ややそう思う@6. かなりそう思う@7. 完全にそう思う	ロボットはこの情報に同意している	1. 全くそう思わない@2. あまりそう思わない@3. ややそう思わない@4. どちらとも言えない@5. ややそう思う@6. かなりそう思う@7. 完全にそう思う	
1	0							以下のURLの動画を見て各質問に回答してください。##https://taiga-mori.github.io/questionaire/3dunun.html	動画が視聴できた	視聴できた@視聴できなかった	ロボットはこの情報をあらかじめ知っていた	知っていた@知らなかった	ロボットの反応は自然だった	1. 全くそう思わない@2. あまりそう思わない@3. ややそう思わない@4. どちらとも言えない@5. ややそう思う@6. かなりそう思う@7. 完全にそう思う	ロボットはこの情報に興味を持っている	1. 全くそう思わない@2. あまりそう思わない@3. ややそう思わない@4. どちらとも言えない@5. ややそう思う@6. かなりそう思う@7. 完全にそう思う	ロボットはこの情報に同意している	1. 全くそう思わない@2. あまりそう思わない@3. ややそう思わない@4. どちらとも言えない@5. ややそう思う@6. かなりそう思う@7. 完全にそう思う	
1	0							以下のURLの動画を見て各質問に回答してください。##https://taiga-mori.github.io/questionaire/7unun.html	動画が視聴できた	視聴できた@視聴できなかった	ロボットはこの情報をあらかじめ知っていた	知っていた@知らなかった	ロボットの反応は自然だった	1. 全くそう思わない@2. あまりそう思わない@3. ややそう思わない@4. どちらとも言えない@5. ややそう思う@6. かなりそう思う@7. 完全にそう思う	ロボットはこの情報に興味を持っている	1. 全くそう思わない@2. あまりそう思わない@3. ややそう思わない@4. どちらとも言えない@5. ややそう思う@6. かなりそう思う@7. 完全にそう思う	ロボットはこの情報に同意している	1. 全くそう思わない@2. あまりそう思わない@3. ややそう思わない@4. どちらとも言えない@5. ややそう思う@6. かなりそう思う@7. 完全にそう思う	
1	0							以下のURLの動画を見て各質問に回答してください。##https://taiga-mori.github.io/questionaire/14d.html	動画が視聴できた	視聴できた@視聴できなかった	ロボットはこの情報をあらかじめ知っていた	知っていた@知らなかった	ロボットの反応は自然だった	1. 全くそう思わない@2. あまりそう思わない@3. ややそう思わない@4. どちらとも言えない@5. ややそう思う@6. かなりそう思う@7. 完全にそう思う	ロボットはこの情報に興味を持っている	1. 全くそう思わない@2. あまりそう思わない@3. ややそう思わない@4. どちらとも言えない@5. ややそう思う@6. かなりそう思う@7. 完全にそう思う	ロボットはこの情報に同意している	1. 全くそう思わない@2. あまりそう思わない@3. ややそう思わない@4. どちらとも言えない@5. ややそう思う@6. かなりそう思う@7. 完全にそう思う	
1	0							以下のURLの動画を見て各質問に回答してください。##https://taiga-mori.github.io/questionaire/20dhuun.html	動画が視聴できた	視聴できた@視聴できなかった	ロボットはこの情報をあらかじめ知っていた	知っていた@知らなかった	ロボットの反応は自然だった	1. 全くそう思わない@2. あまりそう思わない@3. ややそう思わない@4. どちらとも言えない@5. ややそう思う@6. かなりそう思う@7. 完全にそう思う	ロボットはこの情報に興味を持っている	1. 全くそう思わない@2. あまりそう思わない@3. ややそう思わない@4. どちらとも言えない@5. ややそう思う@6. かなりそう思う@7. 完全にそう思う	ロボットはこの情報に同意している	1. 全くそう思わない@2. あまりそう思わない@3. ややそう思わない@4. どちらとも言えない@5. ややそう思う@6. かなりそう思う@7. 完全にそう思う	
1	0							以下のURLの動画を見て各質問に回答してください。##https://taiga-mori.github.io/questionaire/24uunun.html	動画が視聴できた	視聴できた@視聴できなかった	ロボットはこの情報をあらかじめ知っていた	知っていた@知らなかった	ロボットの反応は自然だった	1. 全くそう思わない@2. あまりそう思わない@3. ややそう思わない@4. どちらとも言えない@5. ややそう思う@6. かなりそう思う@7. 完全にそう思う	ロボットはこの情報に興味を持っている	1. 全くそう思わない@2. あまりそう思わない@3. ややそう思わない@4. どちらとも言えない@5. ややそう思う@6. かなりそう思う@7. 完全にそう思う	ロボットはこの情報に同意している	1. 全くそう思わない@2. あまりそう思わない@3. ややそう思わない@4. どちらとも言えない@5. ややそう思う@6. かなりそう思う@7. 完全にそう思う	
1	0							以下のURLの動画を見て各質問に回答してください。##https://taiga-mori.github.io/questionaire/2uhuun.html	動画が視聴できた	視聴できた@視聴できなかった	ロボットはこの情報をあらかじめ知っていた	知っていた@知らなかった	ロボットの反応は自然だった	1. 全くそう思わない@2. あまりそう思わない@3. ややそう思わない@4. どちらとも言えない@5. ややそう思う@6. かなりそう思う@7. 完全にそう思う	ロボットはこの情報に興味を持っている	1. 全くそう思わない@2. あまりそう思わない@3. ややそう思わない@4. どちらとも言えない@5. ややそう思う@6. かなりそう思う@7. 完全にそう思う	ロボットはこの情報に同意している	1. 全くそう思わない@2. あまりそう思わない@3. ややそう思わない@4. どちらとも言えない@5. ややそう思う@6. かなりそう思う@7. 完全にそう思う	
1	0							以下のURLの動画を見て各質問に回答してください。##https://taiga-mori.github.io/questionaire/17u.html	動画が視聴できた	視聴できた@視聴できなかった	ロボットはこの情報をあらかじめ知っていた	知っていた@知らなかった	ロボットの反応は自然だった	1. 全くそう思わない@2. あまりそう思わない@3. ややそう思わない@4. どちらとも言えない@5. ややそう思う@6. かなりそう思う@7. 完全にそう思う	ロボットはこの情報に興味を持っている	1. 全くそう思わない@2. あまりそう思わない@3. ややそう思わない@4. どちらとも言えない@5. ややそう思う@6. かなりそう思う@7. 完全にそう思う	ロボットはこの情報に同意している	1. 全くそう思わない@2. あまりそう思わない@3. ややそう思わない@4. どちらとも言えない@5. ややそう思う@6. かなりそう思う@7. 完全にそう思う	
1	0							以下のURLの動画を見て各質問に回答してください。##https://taiga-mori.github.io/questionaire/6huun.html	動画が視聴できた	視聴できた@視聴できなかった	ロボットはこの情報をあらかじめ知っていた	知っていた@知らなかった	ロボットの反応は自然だった	1. 全くそう思わない@2. あまりそう思わない@3. ややそう思わない@4. どちらとも言えない@5. ややそう思う@6. かなりそう思う@7. 完全にそう思う	ロボットはこの情報に興味を持っている	1. 全くそう思わない@2. あまりそう思わない@3. ややそう思わない@4. どちらとも言えない@5. ややそう思う@6. かなりそう思う@7. 完全にそう思う	ロボットはこの情報に同意している	1. 全くそう思わない@2. あまりそう思わない@3. ややそう思わない@4. どちらとも言えない@5. ややそう思う@6. かなりそう思う@7. 完全にそう思う	
1	0							あなたの年齢と性別を教えてください。	性別	男性@女性@その他@回答したくない	年齢	10代以下@20代@30代@40代@50代@60代@70代以上	質問はありません。「はい」を選択してください。	はい	質問はありません。「はい」を選択してください。	はい	質問はありません。「はい」を選択してください。	はい	
1	0							以下のURLの動画を見て各質問に回答してください。##https://taiga-mori.github.io/questionaire/13dsoodane.html	動画が視聴できた	視聴できた@視聴できなかった	ロボットはこの情報をあらかじめ知っていた	知っていた@知らなかった	ロボットの反応は自然だった	1. 全くそう思わない@2. あまりそう思わない@3. ややそう思わない@4. どちらとも言えない@5. ややそう思う@6. かなりそう思う@7. 完全にそう思う	ロボットはこの情報に興味を持っている	1. 全くそう思わない@2. あまりそう思わない@3. ややそう思わない@4. どちらとも言えない@5. ややそう思う@6. かなりそう思う@7. 完全にそう思う	ロボットはこの情報に同意している	1. 全くそう思わない@2. あまりそう思わない@3. ややそう思わない@4. どちらとも言えない@5. ややそう思う@6. かなりそう思う@7. 完全にそう思う	
1	0							以下のURLの動画を見て各質問に回答してください。##https://taiga-mori.github.io/questionaire/10u.html	動画が視聴できた	視聴できた@視聴できなかった	ロボットはこの情報をあらかじめ知っていた	知っていた@知らなかった	ロボットの反応は自然だった	1. 全くそう思わない@2. あまりそう思わない@3. ややそう思わない@4. どちらとも言えない@5. ややそう思う@6. かなりそう思う@7. 完全にそう思う	ロボットはこの情報に興味を持っている	1. 全くそう思わない@2. あまりそう思わない@3. ややそう思わない@4. どちらとも言えない@5. ややそう思う@6. かなりそう思う@7. 完全にそう思う	ロボットはこの情報に同意している	1. 全くそう思わない@2. あまりそう思わない@3. ややそう思わない@4. どちらとも言えない@5. ややそう思う@6. かなりそう思う@7. 完全にそう思う	
1	0							以下のURLの動画を見て各質問に回答してください。##https://taiga-mori.github.io/questionaire/2huun.html	動画が視聴できた	視聴できた@視聴できなかった	ロボットはこの情報をあらかじめ知っていた	知っていた@知らなかった	ロボットの反応は自然だった	1. 全くそう思わない@2. あまりそう思わない@3. ややそう思わない@4. どちらとも言えない@5. ややそう思う@6. かなりそう思う@7. 完全にそう思う	ロボットはこの情報に興味を持っている	1. 全くそう思わない@2. あまりそう思わない@3. ややそう思わない@4. どちらとも言えない@5. ややそう思う@6. かなりそう思う@7. 完全にそう思う	ロボットはこの情報に同意している	1. 全くそう思わない@2. あまりそう思わない@3. ややそう思わない@4. どちらとも言えない@5. ややそう思う@6. かなりそう思う@7. 完全にそう思う	
1	0							以下のURLの動画を見て各質問に回答してください。##https://taiga-mori.github.io/questionaire/15d.html	動画が視聴できた	視聴できた@視聴できなかった	ロボットはこの情報をあらかじめ知っていた	知っていた@知らなかった	ロボットの反応は自然だった	1. 全くそう思わない@2. あまりそう思わない@3. ややそう思わない@4. どちらとも言えない@5. ややそう思う@6. かなりそう思う@7. 完全にそう思う	ロボットはこの情報に興味を持っている	1. 全くそう思わない@2. あまりそう思わない@3. ややそう思わない@4. どちらとも言えない@5. ややそう思う@6. かなりそう思う@7. 完全にそう思う	ロボットはこの情報に同意している	1. 全くそう思わない@2. あまりそう思わない@3. ややそう思わない@4. どちらとも言えない@5. ややそう思う@6. かなりそう思う@7. 完全にそう思う	
1	0							以下のURLの動画を見て各質問に回答してください。##https://taiga-mori.github.io/questionaire/21dhuun.html	動画が視聴できた	視聴できた@視聴できなかった	ロボットはこの情報をあらかじめ知っていた	知っていた@知らなかった	ロボットの反応は自然だった	1. 全くそう思わない@2. あまりそう思わない@3. ややそう思わない@4. どちらとも言えない@5. ややそう思う@6. かなりそう思う@7. 完全にそう思う	ロボットはこの情報に興味を持っている	1. 全くそう思わない@2. あまりそう思わない@3. ややそう思わない@4. どちらとも言えない@5. ややそう思う@6. かなりそう思う@7. 完全にそう思う	ロボットはこの情報に同意している	1. 全くそう思わない@2. あまりそう思わない@3. ややそう思わない@4. どちらとも言えない@5. ややそう思う@6. かなりそう思う@7. 完全にそう思う	
1	0							以下のURLの動画を見て各質問に回答してください。##https://taiga-mori.github.io/questionaire/8soodane.html	動画が視聴できた	視聴できた@視聴できなかった	ロボットはこの情報をあらかじめ知っていた	知っていた@知らなかった	ロボットの反応は自然だった	1. 全くそう思わない@2. あまりそう思わない@3. ややそう思わない@4. どちらとも言えない@5. ややそう思う@6. かなりそう思う@7. 完全にそう思う	ロボットはこの情報に興味を持っている	1. 全くそう思わない@2. あまりそう思わない@3. ややそう思わない@4. どちらとも言えない@5. ややそう思う@6. かなりそう思う@7. 完全にそう思う	ロボットはこの情報に同意している	1. 全くそう思わない@2. あまりそう思わない@3. ややそう思わない@4. どちらとも言えない@5. ややそう思う@6. かなりそう思う@7. 完全にそう思う	
1	0							以下のURLの動画を見て各質問に回答してください。##https://taiga-mori.github.io/questionaire/3uhuun.html	動画が視聴できた	視聴できた@視聴できなかった	ロボットはこの情報をあらかじめ知っていた	知っていた@知らなかった	ロボットの反応は自然だった	1. 全くそう思わない@2. あまりそう思わない@3. ややそう思わない@4. どちらとも言えない@5. ややそう思う@6. かなりそう思う@7. 完全にそう思う	ロボットはこの情報に興味を持っている	1. 全くそう思わない@2. あまりそう思わない@3. ややそう思わない@4. どちらとも言えない@5. ややそう思う@6. かなりそう思う@7. 完全にそう思う	ロボットはこの情報に同意している	1. 全くそう思わない@2. あまりそう思わない@3. ややそう思わない@4. どちらとも言えない@5. ややそう思う@6. かなりそう思う@7. 完全にそう思う	
1	0							以下のURLの動画を見て各質問に回答してください。##https://taiga-mori.github.io/questionaire/22usoodane.html	動画が視聴できた	視聴できた@視聴できなかった	ロボットはこの情報をあらかじめ知っていた	知っていた@知らなかった	ロボットの反応は自然だった	1. 全くそう思わない@2. あまりそう思わない@3. ややそう思わない@4. どちらとも言えない@5. ややそう思う@6. かなりそう思う@7. 完全にそう思う	ロボットはこの情報に興味を持っている	1. 全くそう思わない@2. あまりそう思わない@3. ややそう思わない@4. どちらとも言えない@5. ややそう思う@6. かなりそう思う@7. 完全にそう思う	ロボットはこの情報に同意している	1. 全くそう思わない@2. あまりそう思わない@3. ややそう思わない@4. どちらとも言えない@5. ややそう思う@6. かなりそう思う@7. 完全にそう思う	
1	0							以下のURLの動画を見て各質問に回答してください。##https://taiga-mori.github.io/questionaire/6d.html	動画が視聴できた	視聴できた@視聴できなかった	ロボットはこの情報をあらかじめ知っていた	知っていた@知らなかった	ロボットの反応は自然だった	1. 全くそう思わない@2. あまりそう思わない@3. ややそう思わない@4. どちらとも言えない@5. ややそう思う@6. かなりそう思う@7. 完全にそう思う	ロボットはこの情報に興味を持っている	1. 全くそう思わない@2. あまりそう思わない@3. ややそう思わない@4. どちらとも言えない@5. ややそう思う@6. かなりそう思う@7. 完全にそう思う	ロボットはこの情報に同意している	1. 全くそう思わない@2. あまりそう思わない@3. ややそう思わない@4. どちらとも言えない@5. ややそう思う@6. かなりそう思う@7. 完全にそう思う	
1	0							以下のURLの動画を見て各質問に回答してください。##https://taiga-mori.github.io/questionaire/14uhee.html	動画が視聴できた	視聴できた@視聴できなかった	ロボットはこの情報をあらかじめ知っていた	知っていた@知らなかった	ロボットの反応は自然だった	1. 全くそう思わない@2. あまりそう思わない@3. ややそう思わない@4. どちらとも言えない@5. ややそう思う@6. かなりそう思う@7. 完全にそう思う	ロボットはこの情報に興味を持っている	1. 全くそう思わない@2. あまりそう思わない@3. ややそう思わない@4. どちらとも言えない@5. ややそう思う@6. かなりそう思う@7. 完全にそう思う	ロボットはこの情報に同意している	1. 全くそう思わない@2. あまりそう思わない@3. ややそう思わない@4. どちらとも言えない@5. ややそう思う@6. かなりそう思う@7. 完全にそう思う	
1	0							以下のURLの動画を見て各質問に回答してください。##https://taiga-mori.github.io/questionaire/11hee.html	動画が視聴できた	視聴できた@視聴できなかった	ロボットはこの情報をあらかじめ知っていた	知っていた@知らなかった	ロボットの反応は自然だった	1. 全くそう思わない@2. あまりそう思わない@3. ややそう思わない@4. どちらとも言えない@5. ややそう思う@6. かなりそう思う@7. 完全にそう思う	ロボットはこの情報に興味を持っている	1. 全くそう思わない@2. あまりそう思わない@3. ややそう思わない@4. どちらとも言えない@5. ややそう思う@6. かなりそう思う@7. 完全にそう思う	ロボットはこの情報に同意している	1. 全くそう思わない@2. あまりそう思わない@3. ややそう思わない@4. どちらとも言えない@5. ややそう思う@6. かなりそう思う@7. 完全にそう思う	
1	0							以下のURLの動画を見て各質問に回答してください。##https://taiga-mori.github.io/questionaire/18dhee.html	動画が視聴できた	視聴できた@視聴できなかった	ロボットはこの情報をあらかじめ知っていた	知っていた@知らなかった	ロボットの反応は自然だった	1. 全くそう思わない@2. あまりそう思わない@3. ややそう思わない@4. どちらとも言えない@5. ややそう思う@6. かなりそう思う@7. 完全にそう思う	ロボットはこの情報に興味を持っている	1. 全くそう思わない@2. あまりそう思わない@3. ややそう思わない@4. どちらとも言えない@5. ややそう思う@6. かなりそう思う@7. 完全にそう思う	ロボットはこの情報に同意している	1. 全くそう思わない@2. あまりそう思わない@3. ややそう思わない@4. どちらとも言えない@5. ややそう思う@6. かなりそう思う@7. 完全にそう思う	
1	0							以下のURLの動画を見て各質問に回答してください。##https://taiga-mori.github.io/questionaire/9dunun.html	動画が視聴できた	視聴できた@視聴できなかった	ロボットはこの情報をあらかじめ知っていた	知っていた@知らなかった	ロボットの反応は自然だった	1. 全くそう思わない@2. あまりそう思わない@3. ややそう思わない@4. どちらとも言えない@5. ややそう思う@6. かなりそう思う@7. 完全にそう思う	ロボットはこの情報に興味を持っている	1. 全くそう思わない@2. あまりそう思わない@3. ややそう思わない@4. どちらとも言えない@5. ややそう思う@6. かなりそう思う@7. 完全にそう思う	ロボットはこの情報に同意している	1. 全くそう思わない@2. あまりそう思わない@3. ややそう思わない@4. どちらとも言えない@5. ややそう思う@6. かなりそう思う@7. 完全にそう思う	
1	0							以下のURLの動画を見て各質問に回答してください。##https://taiga-mori.github.io/questionaire/7unun.html	動画が視聴できた	視聴できた@視聴できなかった	ロボットはこの情報をあらかじめ知っていた	知っていた@知らなかった	ロボットの反応は自然だった	1. 全くそう思わない@2. あまりそう思わない@3. ややそう思わない@4. どちらとも言えない@5. ややそう思う@6. かなりそう思う@7. 完全にそう思う	ロボットはこの情報に興味を持っている	1. 全くそう思わない@2. あまりそう思わない@3. ややそう思わない@4. どちらとも言えない@5. ややそう思う@6. かなりそう思う@7. 完全にそう思う	ロボットはこの情報に同意している	1. 全くそう思わない@2. あまりそう思わない@3. ややそう思わない@4. どちらとも言えない@5. ややそう思う@6. かなりそう思う@7. 完全にそう思う	
1	0							以下のURLの動画を見て各質問に回答してください。##https://taiga-mori.github.io/questionaire/12uunun.html	動画が視聴できた	視聴できた@視聴できなかった	ロボットはこの情報をあらかじめ知っていた	知っていた@知らなかった	ロボットの反応は自然だった	1. 全くそう思わない@2. あまりそう思わない@3. ややそう思わない@4. どちらとも言えない@5. ややそう思う@6. かなりそう思う@7. 完全にそう思う	ロボットはこの情報に興味を持っている	1. 全くそう思わない@2. あまりそう思わない@3. ややそう思わない@4. どちらとも言えない@5. ややそう思う@6. かなりそう思う@7. 完全にそう思う	ロボットはこの情報に同意している	1. 全くそう思わない@2. あまりそう思わない@3. ややそう思わない@4. どちらとも言えない@5. ややそう思う@6. かなりそう思う@7. 完全にそう思う	
1	0							以下のURLの動画を見て各質問に回答してください。##https://taiga-mori.github.io/questionaire/16u.html	動画が視聴できた	視聴できた@視聴できなかった	ロボットはこの情報をあらかじめ知っていた	知っていた@知らなかった	ロボットの反応は自然だった	1. 全くそう思わない@2. あまりそう思わない@3. ややそう思わない@4. どちらとも言えない@5. ややそう思う@6. かなりそう思う@7. 完全にそう思う	ロボットはこの情報に興味を持っている	1. 全くそう思わない@2. あまりそう思わない@3. ややそう思わない@4. どちらとも言えない@5. ややそう思う@6. かなりそう思う@7. 完全にそう思う	ロボットはこの情報に同意している	1. 全くそう思わない@2. あまりそう思わない@3. ややそう思わない@4. どちらとも言えない@5. ややそう思う@6. かなりそう思う@7. 完全にそう思う	
1	0							以下のURLの動画を見て各質問に回答してください。##https://taiga-mori.github.io/questionaire/19soosoo.html	動画が視聴できた	視聴できた@視聴できなかった	ロボットはこの情報をあらかじめ知っていた	知っていた@知らなかった	ロボットの反応は自然だった	1. 全くそう思わない@2. あまりそう思わない@3. ややそう思わない@4. どちらとも言えない@5. ややそう思う@6. かなりそう思う@7. 完全にそう思う	ロボットはこの情報に興味を持っている	1. 全くそう思わない@2. あまりそう思わない@3. ややそう思わない@4. どちらとも言えない@5. ややそう思う@6. かなりそう思う@7. 完全にそう思う	ロボットはこの情報に同意している	1. 全くそう思わない@2. あまりそう思わない@3. ややそう思わない@4. どちらとも言えない@5. ややそう思う@6. かなりそう思う@7. 完全にそう思う	
1	0							以下のURLの動画を見て各質問に回答してください。##https://taiga-mori.github.io/questionaire/5d.html	動画が視聴できた	視聴できた@視聴できなかった	ロボットはこの情報をあらかじめ知っていた	知っていた@知らなかった	ロボットの反応は自然だった	1. 全くそう思わない@2. あまりそう思わない@3. ややそう思わない@4. どちらとも言えない@5. ややそう思う@6. かなりそう思う@7. 完全にそう思う	ロボットはこの情報に興味を持っている	1. 全くそう思わない@2. あまりそう思わない@3. ややそう思わない@4. どちらとも言えない@5. ややそう思う@6. かなりそう思う@7. 完全にそう思う	ロボットはこの情報に同意している	1. 全くそう思わない@2. あまりそう思わない@3. ややそう思わない@4. どちらとも言えない@5. ややそう思う@6. かなりそう思う@7. 完全にそう思う	
1	0							以下のURLの動画を見て各質問に回答してください。##https://taiga-mori.github.io/questionaire/1daa.html	動画が視聴できた	視聴できた@視聴できなかった	ロボットはこの情報をあらかじめ知っていた	知っていた@知らなかった	ロボットの反応は自然だった	1. 全くそう思わない@2. あまりそう思わない@3. ややそう思わない@4. どちらとも言えない@5. ややそう思う@6. かなりそう思う@7. 完全にそう思う	ロボットはこの情報に興味を持っている	1. 全くそう思わない@2. あまりそう思わない@3. ややそう思わない@4. どちらとも言えない@5. ややそう思う@6. かなりそう思う@7. 完全にそう思う	ロボットはこの情報に同意している	1. 全くそう思わない@2. あまりそう思わない@3. ややそう思わない@4. どちらとも言えない@5. ややそう思う@6. かなりそう思う@7. 完全にそう思う	
1	0							以下のURLの動画を見て各質問に回答してください。##https://taiga-mori.github.io/questionaire/20u.html	動画が視聴できた	視聴できた@視聴できなかった	ロボットはこの情報をあらかじめ知っていた	知っていた@知らなかった	ロボットの反応は自然だった	1. 全くそう思わない@2. あまりそう思わない@3. ややそう思わない@4. どちらとも言えない@5. ややそう思う@6. かなりそう思う@7. 完全にそう思う	ロボットはこの情報に興味を持っている	1. 全くそう思わない@2. あまりそう思わない@3. ややそう思わない@4. どちらとも言えない@5. ややそう思う@6. かなりそう思う@7. 完全にそう思う	ロボットはこの情報に同意している	1. 全くそう思わない@2. あまりそう思わない@3. ややそう思わない@4. どちらとも言えない@5. ややそう思う@6. かなりそう思う@7. 完全にそう思う	
1	0							以下のURLの動画を見て各質問に回答してください。##https://taiga-mori.github.io/questionaire/24dsoosoo.html	動画が視聴できた	視聴できた@視聴できなかった	ロボットはこの情報をあらかじめ知っていた	知っていた@知らなかった	ロボットの反応は自然だった	1. 全くそう思わない@2. あまりそう思わない@3. ややそう思わない@4. どちらとも言えない@5. ややそう思う@6. かなりそう思う@7. 完全にそう思う	ロボットはこの情報に興味を持っている	1. 全くそう思わない@2. あまりそう思わない@3. ややそう思わない@4. どちらとも言えない@5. ややそう思う@6. かなりそう思う@7. 完全にそう思う	ロボットはこの情報に同意している	1. 全くそう思わない@2. あまりそう思わない@3. ややそう思わない@4. どちらとも言えない@5. ややそう思う@6. かなりそう思う@7. 完全にそう思う	
1	0							以下のURLの動画を見て各質問に回答してください。##https://taiga-mori.github.io/questionaire/23uaa.html	動画が視聴できた	視聴できた@視聴できなかった	ロボットはこの情報をあらかじめ知っていた	知っていた@知らなかった	ロボットの反応は自然だった	1. 全くそう思わない@2. あまりそう思わない@3. ややそう思わない@4. どちらとも言えない@5. ややそう思う@6. かなりそう思う@7. 完全にそう思う	ロボットはこの情報に興味を持っている	1. 全くそう思わない@2. あまりそう思わない@3. ややそう思わない@4. どちらとも言えない@5. ややそう思う@6. かなりそう思う@7. 完全にそう思う	ロボットはこの情報に同意している	1. 全くそう思わない@2. あまりそう思わない@3. ややそう思わない@4. どちらとも言えない@5. ややそう思う@6. かなりそう思う@7. 完全にそう思う	
1	0							以下のURLの動画を見て各質問に回答してください。##https://taiga-mori.github.io/questionaire/17aa.html	動画が視聴できた	視聴できた@視聴できなかった	ロボットはこの情報をあらかじめ知っていた	知っていた@知らなかった	ロボットの反応は自然だった	1. 全くそう思わない@2. あまりそう思わない@3. ややそう思わない@4. どちらとも言えない@5. ややそう思う@6. かなりそう思う@7. 完全にそう思う	ロボットはこの情報に興味を持っている	1. 全くそう思わない@2. あまりそう思わない@3. ややそう思わない@4. どちらとも言えない@5. ややそう思う@6. かなりそう思う@7. 完全にそう思う	ロボットはこの情報に同意している	1. 全くそう思わない@2. あまりそう思わない@3. ややそう思わない@4. どちらとも言えない@5. ややそう思う@6. かなりそう思う@7. 完全にそう思う	
1	0							以下のURLの動画を見て各質問に回答してください。##https://taiga-mori.github.io/questionaire/4usoosoo.html	動画が視聴できた	視聴できた@視聴できなかった	ロボットはこの情報をあらかじめ知っていた	知っていた@知らなかった	ロボットの反応は自然だった	1. 全くそう思わない@2. あまりそう思わない@3. ややそう思わない@4. どちらとも言えない@5. ややそう思う@6. かなりそう思う@7. 完全にそう思う	ロボットはこの情報に興味を持っている	1. 全くそう思わない@2. あまりそう思わない@3. ややそう思わない@4. どちらとも言えない@5. ややそう思う@6. かなりそう思う@7. 完全にそう思う	ロボットはこの情報に同意している	1. 全くそう思わない@2. あまりそう思わない@3. ややそう思わない@4. どちらとも言えない@5. ややそう思う@6. かなりそう思う@7. 完全にそう思う	
1	0							あなたの年齢と性別を教えてください。	性別	男性@女性@その他@回答したくない	年齢	10代以下@20代@30代@40代@50代@60代@70代以上	質問はありません。「はい」を選択してください。	はい	質問はありません。「はい」を選択してください。	はい	質問はありません。「はい」を選択してください。	はい	
1	0							以下のURLの動画を見て各質問に回答してください。##https://taiga-mori.github.io/questionaire/23dsoosoo.html	動画が視聴できた	視聴できた@視聴できなかった	ロボットはこの情報をあらかじめ知っていた	知っていた@知らなかった	ロボットの反応は自然だった	1. 全くそう思わない@2. あまりそう思わない@3. ややそう思わない@4. どちらとも言えない@5. ややそう思う@6. かなりそう思う@7. 完全にそう思う	ロボットはこの情報に興味を持っている	1. 全くそう思わない@2. あまりそう思わない@3. ややそう思わない@4. どちらとも言えない@5. ややそう思う@6. かなりそう思う@7. 完全にそう思う	ロボットはこの情報に同意している	1. 全くそう思わない@2. あまりそう思わない@3. ややそう思わない@4. どちらとも言えない@5. ややそう思う@6. かなりそう思う@7. 完全にそう思う	
1	0							以下のURLの動画を見て各質問に回答してください。##https://taiga-mori.github.io/questionaire/17d.html	動画が視聴できた	視聴できた@視聴できなかった	ロボットはこの情報をあらかじめ知っていた	知っていた@知らなかった	ロボットの反応は自然だった	1. 全くそう思わない@2. あまりそう思わない@3. ややそう思わない@4. どちらとも言えない@5. ややそう思う@6. かなりそう思う@7. 完全にそう思う	ロボットはこの情報に興味を持っている	1. 全くそう思わない@2. あまりそう思わない@3. ややそう思わない@4. どちらとも言えない@5. ややそう思う@6. かなりそう思う@7. 完全にそう思う	ロボットはこの情報に同意している	1. 全くそう思わない@2. あまりそう思わない@3. ややそう思わない@4. どちらとも言えない@5. ややそう思う@6. かなりそう思う@7. 完全にそう思う	
1	0							以下のURLの動画を見て各質問に回答してください。##https://taiga-mori.github.io/questionaire/14soosoo.html	動画が視聴できた	視聴できた@視聴できなかった	ロボットはこの情報をあらかじめ知っていた	知っていた@知らなかった	ロボットの反応は自然だった	1. 全くそう思わない@2. あまりそう思わない@3. ややそう思わない@4. どちらとも言えない@5. ややそう思う@6. かなりそう思う@7. 完全にそう思う	ロボットはこの情報に興味を持っている	1. 全くそう思わない@2. あまりそう思わない@3. ややそう思わない@4. どちらとも言えない@5. ややそう思う@6. かなりそう思う@7. 完全にそう思う	ロボットはこの情報に同意している	1. 全くそう思わない@2. あまりそう思わない@3. ややそう思わない@4. どちらとも言えない@5. ややそう思う@6. かなりそう思う@7. 完全にそう思う	
1	0							以下のURLの動画を見て各質問に回答してください。##https://taiga-mori.github.io/questionaire/7huun.html	動画が視聴できた	視聴できた@視聴できなかった	ロボットはこの情報をあらかじめ知っていた	知っていた@知らなかった	ロボットの反応は自然だった	1. 全くそう思わない@2. あまりそう思わない@3. ややそう思わない@4. どちらとも言えない@5. ややそう思う@6. かなりそう思う@7. 完全にそう思う	ロボットはこの情報に興味を持っている	1. 全くそう思わない@2. あまりそう思わない@3. ややそう思わない@4. どちらとも言えない@5. ややそう思う@6. かなりそう思う@7. 完全にそう思う	ロボットはこの情報に同意している	1. 全くそう思わない@2. あまりそう思わない@3. ややそう思わない@4. どちらとも言えない@5. ややそう思う@6. かなりそう思う@7. 完全にそう思う	
1	0							以下のURLの動画を見て各質問に回答してください。##https://taiga-mori.github.io/questionaire/13usoosoo.html	動画が視聴できた	視聴できた@視聴できなかった	ロボットはこの情報をあらかじめ知っていた	知っていた@知らなかった	ロボットの反応は自然だった	1. 全くそう思わない@2. あまりそう思わない@3. ややそう思わない@4. どちらとも言えない@5. ややそう思う@6. かなりそう思う@7. 完全にそう思う	ロボットはこの情報に興味を持っている	1. 全くそう思わない@2. あまりそう思わない@3. ややそう思わない@4. どちらとも言えない@5. ややそう思う@6. かなりそう思う@7. 完全にそう思う	ロボットはこの情報に同意している	1. 全くそう思わない@2. あまりそう思わない@3. ややそう思わない@4. どちらとも言えない@5. ややそう思う@6. かなりそう思う@7. 完全にそう思う	
1	0							以下のURLの動画を見て各質問に回答してください。##https://taiga-mori.github.io/questionaire/8u.html	動画が視聴できた	視聴できた@視聴できなかった	ロボットはこの情報をあらかじめ知っていた	知っていた@知らなかった	ロボットの反応は自然だった	1. 全くそう思わない@2. あまりそう思わない@3. ややそう思わない@4. どちらとも言えない@5. ややそう思う@6. かなりそう思う@7. 完全にそう思う	ロボットはこの情報に興味を持っている	1. 全くそう思わない@2. あまりそう思わない@3. ややそう思わない@4. どちらとも言えない@5. ややそう思う@6. かなりそう思う@7. 完全にそう思う	ロボットはこの情報に同意している	1. 全くそう思わない@2. あまりそう思わない@3. ややそう思わない@4. どちらとも言えない@5. ややそう思う@6. かなりそう思う@7. 完全にそう思う	
1	0							以下のURLの動画を見て各質問に回答してください。##https://taiga-mori.github.io/questionaire/6uhuun.html	動画が視聴できた	視聴できた@視聴できなかった	ロボットはこの情報をあらかじめ知っていた	知っていた@知らなかった	ロボットの反応は自然だった	1. 全くそう思わない@2. あまりそう思わない@3. ややそう思わない@4. どちらとも言えない@5. ややそう思う@6. かなりそう思う@7. 完全にそう思う	ロボットはこの情報に興味を持っている	1. 全くそう思わない@2. あまりそう思わない@3. ややそう思わない@4. どちらとも言えない@5. ややそう思う@6. かなりそう思う@7. 完全にそう思う	ロボットはこの情報に同意している	1. 全くそう思わない@2. あまりそう思わない@3. ややそう思わない@4. どちらとも言えない@5. ややそう思う@6. かなりそう思う@7. 完全にそう思う	
1	0							以下のURLの動画を見て各質問に回答してください。##https://taiga-mori.github.io/questionaire/11dhuun.html	動画が視聴できた	視聴できた@視聴できなかった	ロボットはこの情報をあらかじめ知っていた	知っていた@知らなかった	ロボットの反応は自然だった	1. 全くそう思わない@2. あまりそう思わない@3. ややそう思わない@4. どちらとも言えない@5. ややそう思う@6. かなりそう思う@7. 完全にそう思う	ロボットはこの情報に興味を持っている	1. 全くそう思わない@2. あまりそう思わない@3. ややそう思わない@4. どちらとも言えない@5. ややそう思う@6. かなりそう思う@7. 完全にそう思う	ロボットはこの情報に同意している	1. 全くそう思わない@2. あまりそう思わない@3. ややそう思わない@4. どちらとも言えない@5. ややそう思う@6. かなりそう思う@7. 完全にそう思う	
1	0							以下のURLの動画を見て各質問に回答してください。##https://taiga-mori.github.io/questionaire/10d.html	動画が視聴できた	視聴できた@視聴できなかった	ロボットはこの情報をあらかじめ知っていた	知っていた@知らなかった	ロボットの反応は自然だった	1. 全くそう思わない@2. あまりそう思わない@3. ややそう思わない@4. どちらとも言えない@5. ややそう思う@6. かなりそう思う@7. 完全にそう思う	ロボットはこの情報に興味を持っている	1. 全くそう思わない@2. あまりそう思わない@3. ややそう思わない@4. どちらとも言えない@5. ややそう思う@6. かなりそう思う@7. 完全にそう思う	ロボットはこの情報に同意している	1. 全くそう思わない@2. あまりそう思わない@3. ややそう思わない@4. どちらとも言えない@5. ややそう思う@6. かなりそう思う@7. 完全にそう思う	
1	0							以下のURLの動画を見て各質問に回答してください。##https://taiga-mori.github.io/questionaire/1daa.html	動画が視聴できた	視聴できた@視聴できなかった	ロボットはこの情報をあらかじめ知っていた	知っていた@知らなかった	ロボットの反応は自然だった	1. 全くそう思わない@2. あまりそう思わない@3. ややそう思わない@4. どちらとも言えない@5. ややそう思う@6. かなりそう思う@7. 完全にそう思う	ロボットはこの情報に興味を持っている	1. 全くそう思わない@2. あまりそう思わない@3. ややそう思わない@4. どちらとも言えない@5. ややそう思う@6. かなりそう思う@7. 完全にそう思う	ロボットはこの情報に同意している	1. 全くそう思わない@2. あまりそう思わない@3. ややそう思わない@4. どちらとも言えない@5. ややそう思う@6. かなりそう思う@7. 完全にそう思う	
1	0							以下のURLの動画を見て各質問に回答してください。##https://taiga-mori.github.io/questionaire/21uaa.html	動画が視聴できた	視聴できた@視聴できなかった	ロボットはこの情報をあらかじめ知っていた	知っていた@知らなかった	ロボットの反応は自然だった	1. 全くそう思わない@2. あまりそう思わない@3. ややそう思わない@4. どちらとも言えない@5. ややそう思う@6. かなりそう思う@7. 完全にそう思う	ロボットはこの情報に興味を持っている	1. 全くそう思わない@2. あまりそう思わない@3. ややそう思わない@4. どちらとも言えない@5. ややそう思う@6. かなりそう思う@7. 完全にそう思う	ロボットはこの情報に同意している	1. 全くそう思わない@2. あまりそう思わない@3. ややそう思わない@4. どちらとも言えない@5. ややそう思う@6. かなりそう思う@7. 完全にそう思う	
1	0							以下のURLの動画を見て各質問に回答してください。##https://taiga-mori.github.io/questionaire/22dunun.html	動画が視聴できた	視聴できた@視聴できなかった	ロボットはこの情報をあらかじめ知っていた	知っていた@知らなかった	ロボットの反応は自然だった	1. 全くそう思わない@2. あまりそう思わない@3. ややそう思わない@4. どちらとも言えない@5. ややそう思う@6. かなりそう思う@7. 完全にそう思う	ロボットはこの情報に興味を持っている	1. 全くそう思わない@2. あまりそう思わない@3. ややそう思わない@4. どちらとも言えない@5. ややそう思う@6. かなりそう思う@7. 完全にそう思う	ロボットはこの情報に同意している	1. 全くそう思わない@2. あまりそう思わない@3. ややそう思わない@4. どちらとも言えない@5. ややそう思う@6. かなりそう思う@7. 完全にそう思う	
1	0							以下のURLの動画を見て各質問に回答してください。##https://taiga-mori.github.io/questionaire/12u.html	動画が視聴できた	視聴できた@視聴できなかった	ロボットはこの情報をあらかじめ知っていた	知っていた@知らなかった	ロボットの反応は自然だった	1. 全くそう思わない@2. あまりそう思わない@3. ややそう思わない@4. どちらとも言えない@5. ややそう思う@6. かなりそう思う@7. 完全にそう思う	ロボットはこの情報に興味を持っている	1. 全くそう思わない@2. あまりそう思わない@3. ややそう思わない@4. どちらとも言えない@5. ややそう思う@6. かなりそう思う@7. 完全にそう思う	ロボットはこの情報に同意している	1. 全くそう思わない@2. あまりそう思わない@3. ややそう思わない@4. どちらとも言えない@5. ややそう思う@6. かなりそう思う@7. 完全にそう思う	
1	0							以下のURLの動画を見て各質問に回答してください。##https://taiga-mori.github.io/questionaire/3uunun.html	動画が視聴できた	視聴できた@視聴できなかった	ロボットはこの情報をあらかじめ知っていた	知っていた@知らなかった	ロボットの反応は自然だった	1. 全くそう思わない@2. あまりそう思わない@3. ややそう思わない@4. どちらとも言えない@5. ややそう思う@6. かなりそう思う@7. 完全にそう思う	ロボットはこの情報に興味を持っている	1. 全くそう思わない@2. あまりそう思わない@3. ややそう思わない@4. どちらとも言えない@5. ややそう思う@6. かなりそう思う@7. 完全にそう思う	ロボットはこの情報に同意している	1. 全くそう思わない@2. あまりそう思わない@3. ややそう思わない@4. どちらとも言えない@5. ややそう思う@6. かなりそう思う@7. 完全にそう思う	
1	0							以下のURLの動画を見て各質問に回答してください。##https://taiga-mori.github.io/questionaire/15unun.html	動画が視聴できた	視聴できた@視聴できなかった	ロボットはこの情報をあらかじめ知っていた	知っていた@知らなかった	ロボットの反応は自然だった	1. 全くそう思わない@2. あまりそう思わない@3. ややそう思わない@4. どちらとも言えない@5. ややそう思う@6. かなりそう思う@7. 完全にそう思う	ロボットはこの情報に興味を持っている	1. 全くそう思わない@2. あまりそう思わない@3. ややそう思わない@4. どちらとも言えない@5. ややそう思う@6. かなりそう思う@7. 完全にそう思う	ロボットはこの情報に同意している	1. 全くそう思わない@2. あまりそう思わない@3. ややそう思わない@4. どちらとも言えない@5. ややそう思う@6. かなりそう思う@7. 完全にそう思う	
1	0							以下のURLの動画を見て各質問に回答してください。##https://taiga-mori.github.io/questionaire/19aa.html	動画が視聴できた	視聴できた@視聴できなかった	ロボットはこの情報をあらかじめ知っていた	知っていた@知らなかった	ロボットの反応は自然だった	1. 全くそう思わない@2. あまりそう思わない@3. ややそう思わない@4. どちらとも言えない@5. ややそう思う@6. かなりそう思う@7. 完全にそう思う	ロボットはこの情報に興味を持っている	1. 全くそう思わない@2. あまりそう思わない@3. ややそう思わない@4. どちらとも言えない@5. ややそう思う@6. かなりそう思う@7. 完全にそう思う	ロボットはこの情報に同意している	1. 全くそう思わない@2. あまりそう思わない@3. ややそう思わない@4. どちらとも言えない@5. ややそう思う@6. かなりそう思う@7. 完全にそう思う	
1	0							以下のURLの動画を見て各質問に回答してください。##https://taiga-mori.github.io/questionaire/20d.html	動画が視聴できた	視聴できた@視聴できなかった	ロボットはこの情報をあらかじめ知っていた	知っていた@知らなかった	ロボットの反応は自然だった	1. 全くそう思わない@2. あまりそう思わない@3. ややそう思わない@4. どちらとも言えない@5. ややそう思う@6. かなりそう思う@7. 完全にそう思う	ロボットはこの情報に興味を持っている	1. 全くそう思わない@2. あまりそう思わない@3. ややそう思わない@4. どちらとも言えない@5. ややそう思う@6. かなりそう思う@7. 完全にそう思う	ロボットはこの情報に同意している	1. 全くそう思わない@2. あまりそう思わない@3. ややそう思わない@4. どちらとも言えない@5. ややそう思う@6. かなりそう思う@7. 完全にそう思う	
1	0							以下のURLの動画を見て各質問に回答してください。##https://taiga-mori.github.io/questionaire/18dsoodane.html	動画が視聴できた	視聴できた@視聴できなかった	ロボットはこの情報をあらかじめ知っていた	知っていた@知らなかった	ロボットの反応は自然だった	1. 全くそう思わない@2. あまりそう思わない@3. ややそう思わない@4. どちらとも言えない@5. ややそう思う@6. かなりそう思う@7. 完全にそう思う	ロボットはこの情報に興味を持っている	1. 全くそう思わない@2. あまりそう思わない@3. ややそう思わない@4. どちらとも言えない@5. ややそう思う@6. かなりそう思う@7. 完全にそう思う	ロボットはこの情報に同意している	1. 全くそう思わない@2. あまりそう思わない@3. ややそう思わない@4. どちらとも言えない@5. ややそう思う@6. かなりそう思う@7. 完全にそう思う	
1	0							以下のURLの動画を見て各質問に回答してください。##https://taiga-mori.github.io/questionaire/9soodane.html	動画が視聴できた	視聴できた@視聴できなかった	ロボットはこの情報をあらかじめ知っていた	知っていた@知らなかった	ロボットの反応は自然だった	1. 全くそう思わない@2. あまりそう思わない@3. ややそう思わない@4. どちらとも言えない@5. ややそう思う@6. かなりそう思う@7. 完全にそう思う	ロボットはこの情報に興味を持っている	1. 全くそう思わない@2. あまりそう思わない@3. ややそう思わない@4. どちらとも言えない@5. ややそう思う@6. かなりそう思う@7. 完全にそう思う	ロボットはこの情報に同意している	1. 全くそう思わない@2. あまりそう思わない@3. ややそう思わない@4. どちらとも言えない@5. ややそう思う@6. かなりそう思う@7. 完全にそう思う	
1	0							以下のURLの動画を見て各質問に回答してください。##https://taiga-mori.github.io/questionaire/2uhee.html	動画が視聴できた	視聴できた@視聴できなかった	ロボットはこの情報をあらかじめ知っていた	知っていた@知らなかった	ロボットの反応は自然だった	1. 全くそう思わない@2. あまりそう思わない@3. ややそう思わない@4. どちらとも言えない@5. ややそう思う@6. かなりそう思う@7. 完全にそう思う	ロボットはこの情報に興味を持っている	1. 全くそう思わない@2. あまりそう思わない@3. ややそう思わない@4. どちらとも言えない@5. ややそう思う@6. かなりそう思う@7. 完全にそう思う	ロボットはこの情報に同意している	1. 全くそう思わない@2. あまりそう思わない@3. ややそう思わない@4. どちらとも言えない@5. ややそう思う@6. かなりそう思う@7. 完全にそう思う	
1	0							以下のURLの動画を見て各質問に回答してください。##https://taiga-mori.github.io/questionaire/24dhee.html	動画が視聴できた	視聴できた@視聴できなかった	ロボットはこの情報をあらかじめ知っていた	知っていた@知らなかった	ロボットの反応は自然だった	1. 全くそう思わない@2. あまりそう思わない@3. ややそう思わない@4. どちらとも言えない@5. ややそう思う@6. かなりそう思う@7. 完全にそう思う	ロボットはこの情報に興味を持っている	1. 全くそう思わない@2. あまりそう思わない@3. ややそう思わない@4. どちらとも言えない@5. ややそう思う@6. かなりそう思う@7. 完全にそう思う	ロボットはこの情報に同意している	1. 全くそう思わない@2. あまりそう思わない@3. ややそう思わない@4. どちらとも言えない@5. ややそう思う@6. かなりそう思う@7. 完全にそう思う	
1	0							以下のURLの動画を見て各質問に回答してください。##https://taiga-mori.github.io/questionaire/16usoodane.html	動画が視聴できた	視聴できた@視聴できなかった	ロボットはこの情報をあらかじめ知っていた	知っていた@知らなかった	ロボットの反応は自然だった	1. 全くそう思わない@2. あまりそう思わない@3. ややそう思わない@4. どちらとも言えない@5. ややそう思う@6. かなりそう思う@7. 完全にそう思う	ロボットはこの情報に興味を持っている	1. 全くそう思わない@2. あまりそう思わない@3. ややそう思わない@4. どちらとも言えない@5. ややそう思う@6. かなりそう思う@7. 完全にそう思う	ロボットはこの情報に同意している	1. 全くそう思わない@2. あまりそう思わない@3. ややそう思わない@4. どちらとも言えない@5. ややそう思う@6. かなりそう思う@7. 完全にそう思う	
1	0							以下のURLの動画を見て各質問に回答してください。##https://taiga-mori.github.io/questionaire/4u.html	動画が視聴できた	視聴できた@視聴できなかった	ロボットはこの情報をあらかじめ知っていた	知っていた@知らなかった	ロボットの反応は自然だった	1. 全くそう思わない@2. あまりそう思わない@3. ややそう思わない@4. どちらとも言えない@5. ややそう思う@6. かなりそう思う@7. 完全にそう思う	ロボットはこの情報に興味を持っている	1. 全くそう思わない@2. あまりそう思わない@3. ややそう思わない@4. どちらとも言えない@5. ややそう思う@6. かなりそう思う@7. 完全にそう思う	ロボットはこの情報に同意している	1. 全くそう思わない@2. あまりそう思わない@3. ややそう思わない@4. どちらとも言えない@5. ややそう思う@6. かなりそう思う@7. 完全にそう思う	
1	0							以下のURLの動画を見て各質問に回答してください。##https://taiga-mori.github.io/questionaire/5hee.html	動画が視聴できた	視聴できた@視聴できなかった	ロボットはこの情報をあらかじめ知っていた	知っていた@知らなかった	ロボットの反応は自然だった	1. 全くそう思わない@2. あまりそう思わない@3. ややそう思わない@4. どちらとも言えない@5. ややそう思う@6. かなりそう思う@7. 完全にそう思う	ロボットはこの情報に興味を持っている	1. 全くそう思わない@2. あまりそう思わない@3. ややそう思わない@4. どちらとも言えない@5. ややそう思う@6. かなりそう思う@7. 完全にそう思う	ロボットはこの情報に同意している	1. 全くそう思わない@2. あまりそう思わない@3. ややそう思わない@4. どちらとも言えない@5. ややそう思う@6. かなりそう思う@7. 完全にそう思う	
1	0							あなたの年齢と性別を教えてください。	性別	男性@女性@その他@回答したくない	年齢	10代以下@20代@30代@40代@50代@60代@70代以上	質問はありません。「はい」を選択してください。	はい	質問はありません。「はい」を選択してください。	はい	質問はありません。「はい」を選択してください。	はい	
1	0							以下のURLの動画を見て各質問に回答してください。##https://taiga-mori.github.io/questionaire/3uunun.html	動画が視聴できた	視聴できた@視聴できなかった	ロボットはこの情報をあらかじめ知っていた	知っていた@知らなかった	ロボットの反応は自然だった	1. 全くそう思わない@2. あまりそう思わない@3. ややそう思わない@4. どちらとも言えない@5. ややそう思う@6. かなりそう思う@7. 完全にそう思う	ロボットはこの情報に興味を持っている	1. 全くそう思わない@2. あまりそう思わない@3. ややそう思わない@4. どちらとも言えない@5. ややそう思う@6. かなりそう思う@7. 完全にそう思う	ロボットはこの情報に同意している	1. 全くそう思わない@2. あまりそう思わない@3. ややそう思わない@4. どちらとも言えない@5. ややそう思う@6. かなりそう思う@7. 完全にそう思う	
1	0							以下のURLの動画を見て各質問に回答してください。##https://taiga-mori.github.io/questionaire/22u.html	動画が視聴できた	視聴できた@視聴できなかった	ロボットはこの情報をあらかじめ知っていた	知っていた@知らなかった	ロボットの反応は自然だった	1. 全くそう思わない@2. あまりそう思わない@3. ややそう思わない@4. どちらとも言えない@5. ややそう思う@6. かなりそう思う@7. 完全にそう思う	ロボットはこの情報に興味を持っている	1. 全くそう思わない@2. あまりそう思わない@3. ややそう思わない@4. どちらとも言えない@5. ややそう思う@6. かなりそう思う@7. 完全にそう思う	ロボットはこの情報に同意している	1. 全くそう思わない@2. あまりそう思わない@3. ややそう思わない@4. どちらとも言えない@5. ややそう思う@6. かなりそう思う@7. 完全にそう思う	
1	0							以下のURLの動画を見て各質問に回答してください。##https://taiga-mori.github.io/questionaire/19aa.html	動画が視聴できた	視聴できた@視聴できなかった	ロボットはこの情報をあらかじめ知っていた	知っていた@知らなかった	ロボットの反応は自然だった	1. 全くそう思わない@2. あまりそう思わない@3. ややそう思わない@4. どちらとも言えない@5. ややそう思う@6. かなりそう思う@7. 完全にそう思う	ロボットはこの情報に興味を持っている	1. 全くそう思わない@2. あまりそう思わない@3. ややそう思わない@4. どちらとも言えない@5. ややそう思う@6. かなりそう思う@7. 完全にそう思う	ロボットはこの情報に同意している	1. 全くそう思わない@2. あまりそう思わない@3. ややそう思わない@4. どちらとも言えない@5. ややそう思う@6. かなりそう思う@7. 完全にそう思う	
1	0							以下のURLの動画を見て各質問に回答してください。##https://taiga-mori.github.io/questionaire/8d.html	動画が視聴できた	視聴できた@視聴できなかった	ロボットはこの情報をあらかじめ知っていた	知っていた@知らなかった	ロボットの反応は自然だった	1. 全くそう思わない@2. あまりそう思わない@3. ややそう思わない@4. どちらとも言えない@5. ややそう思う@6. かなりそう思う@7. 完全にそう思う	ロボットはこの情報に興味を持っている	1. 全くそう思わない@2. あまりそう思わない@3. ややそう思わない@4. どちらとも言えない@5. ややそう思う@6. かなりそう思う@7. 完全にそう思う	ロボットはこの情報に同意している	1. 全くそう思わない@2. あまりそう思わない@3. ややそう思わない@4. どちらとも言えない@5. ややそう思う@6. かなりそう思う@7. 完全にそう思う	
1	0							以下のURLの動画を見て各質問に回答してください。##https://taiga-mori.github.io/questionaire/13uaa.html	動画が視聴できた	視聴できた@視聴できなかった	ロボットはこの情報をあらかじめ知っていた	知っていた@知らなかった	ロボットの反応は自然だった	1. 全くそう思わない@2. あまりそう思わない@3. ややそう思わない@4. どちらとも言えない@5. ややそう思う@6. かなりそう思う@7. 完全にそう思う	ロボットはこの情報に興味を持っている	1. 全くそう思わない@2. あまりそう思わない@3. ややそう思わない@4. どちらとも言えない@5. ややそう思う@6. かなりそう思う@7. 完全にそう思う	ロボットはこの情報に同意している	1. 全くそう思わない@2. あまりそう思わない@3. ややそう思わない@4. どちらとも言えない@5. ややそう思う@6. かなりそう思う@7. 完全にそう思う	
1	0							以下のURLの動画を見て各質問に回答してください。##https://taiga-mori.github.io/questionaire/1dunun.html	動画が視聴できた	視聴できた@視聴できなかった	ロボットはこの情報をあらかじめ知っていた	知っていた@知らなかった	ロボットの反応は自然だった	1. 全くそう思わない@2. あまりそう思わない@3. ややそう思わない@4. どちらとも言えない@5. ややそう思う@6. かなりそう思う@7. 完全にそう思う	ロボットはこの情報に興味を持っている	1. 全くそう思わない@2. あまりそう思わない@3. ややそう思わない@4. どちらとも言えない@5. ややそう思う@6. かなりそう思う@7. 完全にそう思う	ロボットはこの情報に同意している	1. 全くそう思わない@2. あまりそう思わない@3. ややそう思わない@4. どちらとも言えない@5. ややそう思う@6. かなりそう思う@7. 完全にそう思う	
1	0							以下のURLの動画を見て各質問に回答してください。##https://taiga-mori.github.io/questionaire/2daa.html	動画が視聴できた	視聴できた@視聴できなかった	ロボットはこの情報をあらかじめ知っていた	知っていた@知らなかった	ロボットの反応は自然だった	1. 全くそう思わない@2. あまりそう思わない@3. ややそう思わない@4. どちらとも言えない@5. ややそう思う@6. かなりそう思う@7. 完全にそう思う	ロボットはこの情報に興味を持っている	1. 全くそう思わない@2. あまりそう思わない@3. ややそう思わない@4. どちらとも言えない@5. ややそう思う@6. かなりそう思う@7. 完全にそう思う	ロボットはこの情報に同意している	1. 全くそう思わない@2. あまりそう思わない@3. ややそう思わない@4. どちらとも言えない@5. ややそう思う@6. かなりそう思う@7. 完全にそう思う	
1	0							以下のURLの動画を見て各質問に回答してください。##https://taiga-mori.github.io/questionaire/11unun.html	動画が視聴できた	視聴できた@視聴できなかった	ロボットはこの情報をあらかじめ知っていた	知っていた@知らなかった	ロボットの反応は自然だった	1. 全くそう思わない@2. あまりそう思わない@3. ややそう思わない@4. どちらとも言えない@5. ややそう思う@6. かなりそう思う@7. 完全にそう思う	ロボットはこの情報に興味を持っている	1. 全くそう思わない@2. あまりそう思わない@3. ややそう思わない@4. どちらとも言えない@5. ややそう思う@6. かなりそう思う@7. 完全にそう思う	ロボットはこの情報に同意している	1. 全くそう思わない@2. あまりそう思わない@3. ややそう思わない@4. どちらとも言えない@5. ややそう思う@6. かなりそう思う@7. 完全にそう思う	
1	0							以下のURLの動画を見て各質問に回答してください。##https://taiga-mori.github.io/questionaire/20soodane.html	動画が視聴できた	視聴できた@視聴できなかった	ロボットはこの情報をあらかじめ知っていた	知っていた@知らなかった	ロボットの反応は自然だった	1. 全くそう思わない@2. あまりそう思わない@3. ややそう思わない@4. どちらとも言えない@5. ややそう思う@6. かなりそう思う@7. 完全にそう思う	ロボットはこの情報に興味を持っている	1. 全くそう思わない@2. あまりそう思わない@3. ややそう思わない@4. どちらとも言えない@5. ややそう思う@6. かなりそう思う@7. 完全にそう思う	ロボットはこの情報に同意している	1. 全くそう思わない@2. あまりそう思わない@3. ややそう思わない@4. どちらとも言えない@5. ややそう思う@6. かなりそう思う@7. 完全にそう思う	
1	0							以下のURLの動画を見て各質問に回答してください。##https://taiga-mori.github.io/questionaire/14dsoodane.html	動画が視聴できた	視聴できた@視聴できなかった	ロボットはこの情報をあらかじめ知っていた	知っていた@知らなかった	ロボットの反応は自然だった	1. 全くそう思わない@2. あまりそう思わない@3. ややそう思わない@4. どちらとも言えない@5. ややそう思う@6. かなりそう思う@7. 完全にそう思う	ロボットはこの情報に興味を持っている	1. 全くそう思わない@2. あまりそう思わない@3. ややそう思わない@4. どちらとも言えない@5. ややそう思う@6. かなりそう思う@7. 完全にそう思う	ロボットはこの情報に同意している	1. 全くそう思わない@2. あまりそう思わない@3. ややそう思わない@4. どちらとも言えない@5. ややそう思う@6. かなりそう思う@7. 完全にそう思う	
1	0							以下のURLの動画を見て各質問に回答してください。##https://taiga-mori.github.io/questionaire/5d.html	動画が視聴できた	視聴できた@視聴できなかった	ロボットはこの情報をあらかじめ知っていた	知っていた@知らなかった	ロボットの反応は自然だった	1. 全くそう思わない@2. あまりそう思わない@3. ややそう思わない@4. どちらとも言えない@5. ややそう思う@6. かなりそう思う@7. 完全にそう思う	ロボットはこの情報に興味を持っている	1. 全くそう思わない@2. あまりそう思わない@3. ややそう思わない@4. どちらとも言えない@5. ややそう思う@6. かなりそう思う@7. 完全にそう思う	ロボットはこの情報に同意している	1. 全くそう思わない@2. あまりそう思わない@3. ややそう思わない@4. どちらとも言えない@5. ややそう思う@6. かなりそう思う@7. 完全にそう思う	
1	0							以下のURLの動画を見て各質問に回答してください。##https://taiga-mori.github.io/questionaire/15uhee.html	動画が視聴できた	視聴できた@視聴できなかった	ロボットはこの情報をあらかじめ知っていた	知っていた@知らなかった	ロボットの反応は自然だった	1. 全くそう思わない@2. あまりそう思わない@3. ややそう思わない@4. どちらとも言えない@5. ややそう思う@6. かなりそう思う@7. 完全にそう思う	ロボットはこの情報に興味を持っている	1. 全くそう思わない@2. あまりそう思わない@3. ややそう思わない@4. どちらとも言えない@5. ややそう思う@6. かなりそう思う@7. 完全にそう思う	ロボットはこの情報に同意している	1. 全くそう思わない@2. あまりそう思わない@3. ややそう思わない@4. どちらとも言えない@5. ややそう思う@6. かなりそう思う@7. 完全にそう思う	
1	0							以下のURLの動画を見て各質問に回答してください。##https://taiga-mori.github.io/questionaire/4dhee.html	動画が視聴できた	視聴できた@視聴できなかった	ロボットはこの情報をあらかじめ知っていた	知っていた@知らなかった	ロボットの反応は自然だった	1. 全くそう思わない@2. あまりそう思わない@3. ややそう思わない@4. どちらとも言えない@5. ややそう思う@6. かなりそう思う@7. 完全にそう思う	ロボットはこの情報に興味を持っている	1. 全くそう思わない@2. あまりそう思わない@3. ややそう思わない@4. どちらとも言えない@5. ややそう思う@6. かなりそう思う@7. 完全にそう思う	ロボットはこの情報に同意している	1. 全くそう思わない@2. あまりそう思わない@3. ややそう思わない@4. どちらとも言えない@5. ややそう思う@6. かなりそう思う@7. 完全にそう思う	
1	0							以下のURLの動画を見て各質問に回答してください。##https://taiga-mori.github.io/questionaire/17usoodane.html	動画が視聴できた	視聴できた@視聴できなかった	ロボットはこの情報をあらかじめ知っていた	知っていた@知らなかった	ロボットの反応は自然だった	1. 全くそう思わない@2. あまりそう思わない@3. ややそう思わない@4. どちらとも言えない@5. ややそう思う@6. かなりそう思う@7. 完全にそう思う	ロボットはこの情報に興味を持っている	1. 全くそう思わない@2. あまりそう思わない@3. ややそう思わない@4. どちらとも言えない@5. ややそう思う@6. かなりそう思う@7. 完全にそう思う	ロボットはこの情報に同意している	1. 全くそう思わない@2. あまりそう思わない@3. ややそう思わない@4. どちらとも言えない@5. ややそう思う@6. かなりそう思う@7. 完全にそう思う	
1	0							以下のURLの動画を見て各質問に回答してください。##https://taiga-mori.github.io/questionaire/7hee.html	動画が視聴できた	視聴できた@視聴できなかった	ロボットはこの情報をあらかじめ知っていた	知っていた@知らなかった	ロボットの反応は自然だった	1. 全くそう思わない@2. あまりそう思わない@3. ややそう思わない@4. どちらとも言えない@5. ややそう思う@6. かなりそう思う@7. 完全にそう思う	ロボットはこの情報に興味を持っている	1. 全くそう思わない@2. あまりそう思わない@3. ややそう思わない@4. どちらとも言えない@5. ややそう思う@6. かなりそう思う@7. 完全にそう思う	ロボットはこの情報に同意している	1. 全くそう思わない@2. あまりそう思わない@3. ややそう思わない@4. どちらとも言えない@5. ややそう思う@6. かなりそう思う@7. 完全にそう思う	
1	0							以下のURLの動画を見て各質問に回答してください。##https://taiga-mori.github.io/questionaire/24u.html	動画が視聴できた	視聴できた@視聴できなかった	ロボットはこの情報をあらかじめ知っていた	知っていた@知らなかった	ロボットの反応は自然だった	1. 全くそう思わない@2. あまりそう思わない@3. ややそう思わない@4. どちらとも言えない@5. ややそう思う@6. かなりそう思う@7. 完全にそう思う	ロボットはこの情報に興味を持っている	1. 全くそう思わない@2. あまりそう思わない@3. ややそう思わない@4. どちらとも言えない@5. ややそう思う@6. かなりそう思う@7. 完全にそう思う	ロボットはこの情報に同意している	1. 全くそう思わない@2. あまりそう思わない@3. ややそう思わない@4. どちらとも言えない@5. ややそう思う@6. かなりそう思う@7. 完全にそう思う	
1	0							以下のURLの動画を見て各質問に回答してください。##https://taiga-mori.github.io/questionaire/10dsoosoo.html	動画が視聴できた	視聴できた@視聴できなかった	ロボットはこの情報をあらかじめ知っていた	知っていた@知らなかった	ロボットの反応は自然だった	1. 全くそう思わない@2. あまりそう思わない@3. ややそう思わない@4. どちらとも言えない@5. ややそう思う@6. かなりそう思う@7. 完全にそう思う	ロボットはこの情報に興味を持っている	1. 全くそう思わない@2. あまりそう思わない@3. ややそう思わない@4. どちらとも言えない@5. ややそう思う@6. かなりそう思う@7. 完全にそう思う	ロボットはこの情報に同意している	1. 全くそう思わない@2. あまりそう思わない@3. ややそう思わない@4. どちらとも言えない@5. ややそう思う@6. かなりそう思う@7. 完全にそう思う	
1	0							以下のURLの動画を見て各質問に回答してください。##https://taiga-mori.github.io/questionaire/18uhuun.html	動画が視聴できた	視聴できた@視聴できなかった	ロボットはこの情報をあらかじめ知っていた	知っていた@知らなかった	ロボットの反応は自然だった	1. 全くそう思わない@2. あまりそう思わない@3. ややそう思わない@4. どちらとも言えない@5. ややそう思う@6. かなりそう思う@7. 完全にそう思う	ロボットはこの情報に興味を持っている	1. 全くそう思わない@2. あまりそう思わない@3. ややそう思わない@4. どちらとも言えない@5. ややそう思う@6. かなりそう思う@7. 完全にそう思う	ロボットはこの情報に同意している	1. 全くそう思わない@2. あまりそう思わない@3. ややそう思わない@4. どちらとも言えない@5. ややそう思う@6. かなりそう思う@7. 完全にそう思う	
1	0							以下のURLの動画を見て各質問に回答してください。##https://taiga-mori.github.io/questionaire/21huun.html	動画が視聴できた	視聴できた@視聴できなかった	ロボットはこの情報をあらかじめ知っていた	知っていた@知らなかった	ロボットの反応は自然だった	1. 全くそう思わない@2. あまりそう思わない@3. ややそう思わない@4. どちらとも言えない@5. ややそう思う@6. かなりそう思う@7. 完全にそう思う	ロボットはこの情報に興味を持っている	1. 全くそう思わない@2. あまりそう思わない@3. ややそう思わない@4. どちらとも言えない@5. ややそう思う@6. かなりそう思う@7. 完全にそう思う	ロボットはこの情報に同意している	1. 全くそう思わない@2. あまりそう思わない@3. ややそう思わない@4. どちらとも言えない@5. ややそう思う@6. かなりそう思う@7. 完全にそう思う	
1	0							以下のURLの動画を見て各質問に回答してください。##https://taiga-mori.github.io/questionaire/6dhuun.html	動画が視聴できた	視聴できた@視聴できなかった	ロボットはこの情報をあらかじめ知っていた	知っていた@知らなかった	ロボットの反応は自然だった	1. 全くそう思わない@2. あまりそう思わない@3. ややそう思わない@4. どちらとも言えない@5. ややそう思う@6. かなりそう思う@7. 完全にそう思う	ロボットはこの情報に興味を持っている	1. 全くそう思わない@2. あまりそう思わない@3. ややそう思わない@4. どちらとも言えない@5. ややそう思う@6. かなりそう思う@7. 完全にそう思う	ロボットはこの情報に同意している	1. 全くそう思わない@2. あまりそう思わない@3. ややそう思わない@4. どちらとも言えない@5. ややそう思う@6. かなりそう思う@7. 完全にそう思う	
1	0							以下のURLの動画を見て各質問に回答してください。##https://taiga-mori.github.io/questionaire/9d.html	動画が視聴できた	視聴できた@視聴できなかった	ロボットはこの情報をあらかじめ知っていた	知っていた@知らなかった	ロボットの反応は自然だった	1. 全くそう思わない@2. あまりそう思わない@3. ややそう思わない@4. どちらとも言えない@5. ややそう思う@6. かなりそう思う@7. 完全にそう思う	ロボットはこの情報に興味を持っている	1. 全くそう思わない@2. あまりそう思わない@3. ややそう思わない@4. どちらとも言えない@5. ややそう思う@6. かなりそう思う@7. 完全にそう思う	ロボットはこの情報に同意している	1. 全くそう思わない@2. あまりそう思わない@3. ややそう思わない@4. どちらとも言えない@5. ややそう思う@6. かなりそう思う@7. 完全にそう思う	
1	0							以下のURLの動画を見て各質問に回答してください。##https://taiga-mori.github.io/questionaire/16soosoo.html	動画が視聴できた	視聴できた@視聴できなかった	ロボットはこの情報をあらかじめ知っていた	知っていた@知らなかった	ロボットの反応は自然だった	1. 全くそう思わない@2. あまりそう思わない@3. ややそう思わない@4. どちらとも言えない@5. ややそう思う@6. かなりそう思う@7. 完全にそう思う	ロボットはこの情報に興味を持っている	1. 全くそう思わない@2. あまりそう思わない@3. ややそう思わない@4. どちらとも言えない@5. ややそう思う@6. かなりそう思う@7. 完全にそう思う	ロボットはこの情報に同意している	1. 全くそう思わない@2. あまりそう思わない@3. ややそう思わない@4. どちらとも言えない@5. ややそう思う@6. かなりそう思う@7. 完全にそう思う	
1	0							以下のURLの動画を見て各質問に回答してください。##https://taiga-mori.github.io/questionaire/12usoosoo.html	動画が視聴できた	視聴できた@視聴できなかった	ロボットはこの情報をあらかじめ知っていた	知っていた@知らなかった	ロボットの反応は自然だった	1. 全くそう思わない@2. あまりそう思わない@3. ややそう思わない@4. どちらとも言えない@5. ややそう思う@6. かなりそう思う@7. 完全にそう思う	ロボットはこの情報に興味を持っている	1. 全くそう思わない@2. あまりそう思わない@3. ややそう思わない@4. どちらとも言えない@5. ややそう思う@6. かなりそう思う@7. 完全にそう思う	ロボットはこの情報に同意している	1. 全くそう思わない@2. あまりそう思わない@3. ややそう思わない@4. どちらとも言えない@5. ややそう思う@6. かなりそう思う@7. 完全にそう思う	
1	0							以下のURLの動画を見て各質問に回答してください。##https://taiga-mori.github.io/questionaire/23u.html	動画が視聴できた	視聴できた@視聴できなかった	ロボットはこの情報をあらかじめ知っていた	知っていた@知らなかった	ロボットの反応は自然だった	1. 全くそう思わない@2. あまりそう思わない@3. ややそう思わない@4. どちらとも言えない@5. ややそう思う@6. かなりそう思う@7. 完全にそう思う	ロボットはこの情報に興味を持っている	1. 全くそう思わない@2. あまりそう思わない@3. ややそう思わない@4. どちらとも言えない@5. ややそう思う@6. かなりそう思う@7. 完全にそう思う	ロボットはこの情報に同意している	1. 全くそう思わない@2. あまりそう思わない@3. ややそう思わない@4. どちらとも言えない@5. ややそう思う@6. かなりそう思う@7. 完全にそう思う	
1	0							あなたの年齢と性別を教えてください。	性別	男性@女性@その他@回答したくない	年齢	10代以下@20代@30代@40代@50代@60代@70代以上	質問はありません。「はい」を選択してください。	はい	質問はありません。「はい」を選択してください。	はい	質問はありません。「はい」を選択してください。	はい	
1	0							以下のURLの動画を見て各質問に回答してください。##https://taiga-mori.github.io/questionaire/15dunun.html	動画が視聴できた	視聴できた@視聴できなかった	ロボットはこの情報をあらかじめ知っていた	知っていた@知らなかった	ロボットの反応は自然だった	1. 全くそう思わない@2. あまりそう思わない@3. ややそう思わない@4. どちらとも言えない@5. ややそう思う@6. かなりそう思う@7. 完全にそう思う	ロボットはこの情報に興味を持っている	1. 全くそう思わない@2. あまりそう思わない@3. ややそう思わない@4. どちらとも言えない@5. ややそう思う@6. かなりそう思う@7. 完全にそう思う	ロボットはこの情報に同意している	1. 全くそう思わない@2. あまりそう思わない@3. ややそう思わない@4. どちらとも言えない@5. ややそう思う@6. かなりそう思う@7. 完全にそう思う	
1	0							以下のURLの動画を見て各質問に回答してください。##https://taiga-mori.github.io/questionaire/23u.html	動画が視聴できた	視聴できた@視聴できなかった	ロボットはこの情報をあらかじめ知っていた	知っていた@知らなかった	ロボットの反応は自然だった	1. 全くそう思わない@2. あまりそう思わない@3. ややそう思わない@4. どちらとも言えない@5. ややそう思う@6. かなりそう思う@7. 完全にそう思う	ロボットはこの情報に興味を持っている	1. 全くそう思わない@2. あまりそう思わない@3. ややそう思わない@4. どちらとも言えない@5. ややそう思う@6. かなりそう思う@7. 完全にそう思う	ロボットはこの情報に同意している	1. 全くそう思わない@2. あまりそう思わない@3. ややそう思わない@4. どちらとも言えない@5. ややそう思う@6. かなりそう思う@7. 完全にそう思う	
1	0							以下のURLの動画を見て各質問に回答してください。##https://taiga-mori.github.io/questionaire/8uunun.html	動画が視聴できた	視聴できた@視聴できなかった	ロボットはこの情報をあらかじめ知っていた	知っていた@知らなかった	ロボットの反応は自然だった	1. 全くそう思わない@2. あまりそう思わない@3. ややそう思わない@4. どちらとも言えない@5. ややそう思う@6. かなりそう思う@7. 完全にそう思う	ロボットはこの情報に興味を持っている	1. 全くそう思わない@2. あまりそう思わない@3. ややそう思わない@4. どちらとも言えない@5. ややそう思う@6. かなりそう思う@7. 完全にそう思う	ロボットはこの情報に同意している	1. 全くそう思わない@2. あまりそう思わない@3. ややそう思わない@4. どちらとも言えない@5. ややそう思う@6. かなりそう思う@7. 完全にそう思う	
1	0							以下のURLの動画を見て各質問に回答してください。##https://taiga-mori.github.io/questionaire/1hee.html	動画が視聴できた	視聴できた@視聴できなかった	ロボットはこの情報をあらかじめ知っていた	知っていた@知らなかった	ロボットの反応は自然だった	1. 全くそう思わない@2. あまりそう思わない@3. ややそう思わない@4. どちらとも言えない@5. ややそう思う@6. かなりそう思う@7. 完全にそう思う	ロボットはこの情報に興味を持っている	1. 全くそう思わない@2. あまりそう思わない@3. ややそう思わない@4. どちらとも言えない@5. ややそう思う@6. かなりそう思う@7. 完全にそう思う	ロボットはこの情報に同意している	1. 全くそう思わない@2. あまりそう思わない@3. ややそう思わない@4. どちらとも言えない@5. ややそう思う@6. かなりそう思う@7. 完全にそう思う	
1	0							以下のURLの動画を見て各質問に回答してください。##https://taiga-mori.github.io/questionaire/5dhee.html	動画が視聴できた	視聴できた@視聴できなかった	ロボットはこの情報をあらかじめ知っていた	知っていた@知らなかった	ロボットの反応は自然だった	1. 全くそう思わない@2. あまりそう思わない@3. ややそう思わない@4. どちらとも言えない@5. ややそう思う@6. かなりそう思う@7. 完全にそう思う	ロボットはこの情報に興味を持っている	1. 全くそう思わない@2. あまりそう思わない@3. ややそう思わない@4. どちらとも言えない@5. ややそう思う@6. かなりそう思う@7. 完全にそう思う	ロボットはこの情報に同意している	1. 全くそう思わない@2. あまりそう思わない@3. ややそう思わない@4. どちらとも言えない@5. ややそう思う@6. かなりそう思う@7. 完全にそう思う	
1	0							以下のURLの動画を見て各質問に回答してください。##https://taiga-mori.github.io/questionaire/17d.html	動画が視聴できた	視聴できた@視聴できなかった	ロボットはこの情報をあらかじめ知っていた	知っていた@知らなかった	ロボットの反応は自然だった	1. 全くそう思わない@2. あまりそう思わない@3. ややそう思わない@4. どちらとも言えない@5. ややそう思う@6. かなりそう思う@7. 完全にそう思う	ロボットはこの情報に興味を持っている	1. 全くそう思わない@2. あまりそう思わない@3. ややそう思わない@4. どちらとも言えない@5. ややそう思う@6. かなりそう思う@7. 完全にそう思う	ロボットはこの情報に同意している	1. 全くそう思わない@2. あまりそう思わない@3. ややそう思わない@4. どちらとも言えない@5. ややそう思う@6. かなりそう思う@7. 完全にそう思う	
1	0							以下のURLの動画を見て各質問に回答してください。##https://taiga-mori.github.io/questionaire/6unun.html	動画が視聴できた	視聴できた@視聴できなかった	ロボットはこの情報をあらかじめ知っていた	知っていた@知らなかった	ロボットの反応は自然だった	1. 全くそう思わない@2. あまりそう思わない@3. ややそう思わない@4. どちらとも言えない@5. ややそう思う@6. かなりそう思う@7. 完全にそう思う	ロボットはこの情報に興味を持っている	1. 全くそう思わない@2. あまりそう思わない@3. ややそう思わない@4. どちらとも言えない@5. ややそう思う@6. かなりそう思う@7. 完全にそう思う	ロボットはこの情報に同意している	1. 全くそう思わない@2. あまりそう思わない@3. ややそう思わない@4. どちらとも言えない@5. ややそう思う@6. かなりそう思う@7. 完全にそう思う	
1	0							以下のURLの動画を見て各質問に回答してください。##https://taiga-mori.github.io/questionaire/10uhee.html	動画が視聴できた	視聴できた@視聴できなかった	ロボットはこの情報をあらかじめ知っていた	知っていた@知らなかった	ロボットの反応は自然だった	1. 全くそう思わない@2. あまりそう思わない@3. ややそう思わない@4. どちらとも言えない@5. ややそう思う@6. かなりそう思う@7. 完全にそう思う	ロボットはこの情報に興味を持っている	1. 全くそう思わない@2. あまりそう思わない@3. ややそう思わない@4. どちらとも言えない@5. ややそう思う@6. かなりそう思う@7. 完全にそう思う	ロボットはこの情報に同意している	1. 全くそう思わない@2. あまりそう思わない@3. ややそう思わない@4. どちらとも言えない@5. ややそう思う@6. かなりそう思う@7. 完全にそう思う	
1	0							以下のURLの動画を見て各質問に回答してください。##https://taiga-mori.github.io/questionaire/19dsoosoo.html	動画が視聴できた	視聴できた@視聴できなかった	ロボットはこの情報をあらかじめ知っていた	知っていた@知らなかった	ロボットの反応は自然だった	1. 全くそう思わない@2. あまりそう思わない@3. ややそう思わない@4. どちらとも言えない@5. ややそう思う@6. かなりそう思う@7. 完全にそう思う	ロボットはこの情報に興味を持っている	1. 全くそう思わない@2. あまりそう思わない@3. ややそう思わない@4. どちらとも言えない@5. ややそう思う@6. かなりそう思う@7. 完全にそう思う	ロボットはこの情報に同意している	1. 全くそう思わない@2. あまりそう思わない@3. ややそう思わない@4. どちらとも言えない@5. ややそう思う@6. かなりそう思う@7. 完全にそう思う	
1	0							以下のURLの動画を見て各質問に回答してください。##https://taiga-mori.github.io/questionaire/22soosoo.html	動画が視聴できた	視聴できた@視聴できなかった	ロボットはこの情報をあらかじめ知っていた	知っていた@知らなかった	ロボットの反応は自然だった	1. 全くそう思わない@2. あまりそう思わない@3. ややそう思わない@4. どちらとも言えない@5. ややそう思う@6. かなりそう思う@7. 完全にそう思う	ロボットはこの情報に興味を持っている	1. 全くそう思わない@2. あまりそう思わない@3. ややそう思わない@4. どちらとも言えない@5. ややそう思う@6. かなりそう思う@7. 完全にそう思う	ロボットはこの情報に同意している	1. 全くそう思わない@2. あまりそう思わない@3. ややそう思わない@4. どちらとも言えない@5. ややそう思う@6. かなりそう思う@7. 完全にそう思う	
1	0							以下のURLの動画を見て各質問に回答してください。##https://taiga-mori.github.io/questionaire/12aa.html	動画が視聴できた	視聴できた@視聴できなかった	ロボットはこの情報をあらかじめ知っていた	知っていた@知らなかった	ロボットの反応は自然だった	1. 全くそう思わない@2. あまりそう思わない@3. ややそう思わない@4. どちらとも言えない@5. ややそう思う@6. かなりそう思う@7. 完全にそう思う	ロボットはこの情報に興味を持っている	1. 全くそう思わない@2. あまりそう思わない@3. ややそう思わない@4. どちらとも言えない@5. ややそう思う@6. かなりそう思う@7. 完全にそう思う	ロボットはこの情報に同意している	1. 全くそう思わない@2. あまりそう思わない@3. ややそう思わない@4. どちらとも言えない@5. ややそう思う@6. かなりそう思う@7. 完全にそう思う	
1	0							以下のURLの動画を見て各質問に回答してください。##https://taiga-mori.github.io/questionaire/24usoosoo.html	動画が視聴できた	視聴できた@視聴できなかった	ロボットはこの情報をあらかじめ知っていた	知っていた@知らなかった	ロボットの反応は自然だった	1. 全くそう思わない@2. あまりそう思わない@3. ややそう思わない@4. どちらとも言えない@5. ややそう思う@6. かなりそう思う@7. 完全にそう思う	ロボットはこの情報に興味を持っている	1. 全くそう思わない@2. あまりそう思わない@3. ややそう思わない@4. どちらとも言えない@5. ややそう思う@6. かなりそう思う@7. 完全にそう思う	ロボットはこの情報に同意している	1. 全くそう思わない@2. あまりそう思わない@3. ややそう思わない@4. どちらとも言えない@5. ややそう思う@6. かなりそう思う@7. 完全にそう思う	
1	0							以下のURLの動画を見て各質問に回答してください。##https://taiga-mori.github.io/questionaire/7d.html	動画が視聴できた	視聴できた@視聴できなかった	ロボットはこの情報をあらかじめ知っていた	知っていた@知らなかった	ロボットの反応は自然だった	1. 全くそう思わない@2. あまりそう思わない@3. ややそう思わない@4. どちらとも言えない@5. ややそう思う@6. かなりそう思う@7. 完全にそう思う	ロボットはこの情報に興味を持っている	1. 全くそう思わない@2. あまりそう思わない@3. ややそう思わない@4. どちらとも言えない@5. ややそう思う@6. かなりそう思う@7. 完全にそう思う	ロボットはこの情報に同意している	1. 全くそう思わない@2. あまりそう思わない@3. ややそう思わない@4. どちらとも言えない@5. ややそう思う@6. かなりそう思う@7. 完全にそう思う	
1	0							以下のURLの動画を見て各質問に回答してください。##https://taiga-mori.github.io/questionaire/14uaa.html	動画が視聴できた	視聴できた@視聴できなかった	ロボットはこの情報をあらかじめ知っていた	知っていた@知らなかった	ロボットの反応は自然だった	1. 全くそう思わない@2. あまりそう思わない@3. ややそう思わない@4. どちらとも言えない@5. ややそう思う@6. かなりそう思う@7. 完全にそう思う	ロボットはこの情報に興味を持っている	1. 全くそう思わない@2. あまりそう思わない@3. ややそう思わない@4. どちらとも言えない@5. ややそう思う@6. かなりそう思う@7. 完全にそう思う	ロボットはこの情報に同意している	1. 全くそう思わない@2. あまりそう思わない@3. ややそう思わない@4. どちらとも言えない@5. ややそう思う@6. かなりそう思う@7. 完全にそう思う	
1	0							以下のURLの動画を見て各質問に回答してください。##https://taiga-mori.github.io/questionaire/21daa.html	動画が視聴できた	視聴できた@視聴できなかった	ロボットはこの情報をあらかじめ知っていた	知っていた@知らなかった	ロボットの反応は自然だった	1. 全くそう思わない@2. あまりそう思わない@3. ややそう思わない@4. どちらとも言えない@5. ややそう思う@6. かなりそう思う@7. 完全にそう思う	ロボットはこの情報に興味を持っている	1. 全くそう思わない@2. あまりそう思わない@3. ややそう思わない@4. どちらとも言えない@5. ややそう思う@6. かなりそう思う@7. 完全にそう思う	ロボットはこの情報に同意している	1. 全くそう思わない@2. あまりそう思わない@3. ややそう思わない@4. どちらとも言えない@5. ややそう思う@6. かなりそう思う@7. 完全にそう思う	
1	0							以下のURLの動画を見て各質問に回答してください。##https://taiga-mori.github.io/questionaire/9u.html	動画が視聴できた	視聴できた@視聴できなかった	ロボットはこの情報をあらかじめ知っていた	知っていた@知らなかった	ロボットの反応は自然だった	1. 全くそう思わない@2. あまりそう思わない@3. ややそう思わない@4. どちらとも言えない@5. ややそう思う@6. かなりそう思う@7. 完全にそう思う	ロボットはこの情報に興味を持っている	1. 全くそう思わない@2. あまりそう思わない@3. ややそう思わない@4. どちらとも言えない@5. ややそう思う@6. かなりそう思う@7. 完全にそう思う	ロボットはこの情報に同意している	1. 全くそう思わない@2. あまりそう思わない@3. ややそう思わない@4. どちらとも言えない@5. ややそう思う@6. かなりそう思う@7. 完全にそう思う	
1	0							以下のURLの動画を見て各質問に回答してください。##https://taiga-mori.github.io/questionaire/13soodane.html	動画が視聴できた	視聴できた@視聴できなかった	ロボットはこの情報をあらかじめ知っていた	知っていた@知らなかった	ロボットの反応は自然だった	1. 全くそう思わない@2. あまりそう思わない@3. ややそう思わない@4. どちらとも言えない@5. ややそう思う@6. かなりそう思う@7. 完全にそう思う	ロボットはこの情報に興味を持っている	1. 全くそう思わない@2. あまりそう思わない@3. ややそう思わない@4. どちらとも言えない@5. ややそう思う@6. かなりそう思う@7. 完全にそう思う	ロボットはこの情報に同意している	1. 全くそう思わない@2. あまりそう思わない@3. ややそう思わない@4. どちらとも言えない@5. ややそう思う@6. かなりそう思う@7. 完全にそう思う	
1	0							以下のURLの動画を見て各質問に回答してください。##https://taiga-mori.github.io/questionaire/3usoodane.html	動画が視聴できた	視聴できた@視聴できなかった	ロボットはこの情報をあらかじめ知っていた	知っていた@知らなかった	ロボットの反応は自然だった	1. 全くそう思わない@2. あまりそう思わない@3. ややそう思わない@4. どちらとも言えない@5. ややそう思う@6. かなりそう思う@7. 完全にそう思う	ロボットはこの情報に興味を持っている	1. 全くそう思わない@2. あまりそう思わない@3. ややそう思わない@4. どちらとも言えない@5. ややそう思う@6. かなりそう思う@7. 完全にそう思う	ロボットはこの情報に同意している	1. 全くそう思わない@2. あまりそう思わない@3. ややそう思わない@4. どちらとも言えない@5. ややそう思う@6. かなりそう思う@7. 完全にそう思う	
1	0							以下のURLの動画を見て各質問に回答してください。##https://taiga-mori.github.io/questionaire/11huun.html	動画が視聴できた	視聴できた@視聴できなかった	ロボットはこの情報をあらかじめ知っていた	知っていた@知らなかった	ロボットの反応は自然だった	1. 全くそう思わない@2. あまりそう思わない@3. ややそう思わない@4. どちらとも言えない@5. ややそう思う@6. かなりそう思う@7. 完全にそう思う	ロボットはこの情報に興味を持っている	1. 全くそう思わない@2. あまりそう思わない@3. ややそう思わない@4. どちらとも言えない@5. ややそう思う@6. かなりそう思う@7. 完全にそう思う	ロボットはこの情報に同意している	1. 全くそう思わない@2. あまりそう思わない@3. ややそう思わない@4. どちらとも言えない@5. ややそう思う@6. かなりそう思う@7. 完全にそう思う	
1	0							以下のURLの動画を見て各質問に回答してください。##https://taiga-mori.github.io/questionaire/16dsoodane.html	動画が視聴できた	視聴できた@視聴できなかった	ロボットはこの情報をあらかじめ知っていた	知っていた@知らなかった	ロボットの反応は自然だった	1. 全くそう思わない@2. あまりそう思わない@3. ややそう思わない@4. どちらとも言えない@5. ややそう思う@6. かなりそう思う@7. 完全にそう思う	ロボットはこの情報に興味を持っている	1. 全くそう思わない@2. あまりそう思わない@3. ややそう思わない@4. どちらとも言えない@5. ややそう思う@6. かなりそう思う@7. 完全にそう思う	ロボットはこの情報に同意している	1. 全くそう思わない@2. あまりそう思わない@3. ややそう思わない@4. どちらとも言えない@5. ややそう思う@6. かなりそう思う@7. 完全にそう思う	
1	0							以下のURLの動画を見て各質問に回答してください。##https://taiga-mori.github.io/questionaire/4u.html	動画が視聴できた	視聴できた@視聴できなかった	ロボットはこの情報をあらかじめ知っていた	知っていた@知らなかった	ロボットの反応は自然だった	1. 全くそう思わない@2. あまりそう思わない@3. ややそう思わない@4. どちらとも言えない@5. ややそう思う@6. かなりそう思う@7. 完全にそう思う	ロボットはこの情報に興味を持っている	1. 全くそう思わない@2. あまりそう思わない@3. ややそう思わない@4. どちらとも言えない@5. ややそう思う@6. かなりそう思う@7. 完全にそう思う	ロボットはこの情報に同意している	1. 全くそう思わない@2. あまりそう思わない@3. ややそう思わない@4. どちらとも言えない@5. ややそう思う@6. かなりそう思う@7. 完全にそう思う	
1	0							以下のURLの動画を見て各質問に回答してください。##https://taiga-mori.github.io/questionaire/18dhuun.html	動画が視聴できた	視聴できた@視聴できなかった	ロボットはこの情報をあらかじめ知っていた	知っていた@知らなかった	ロボットの反応は自然だった	1. 全くそう思わない@2. あまりそう思わない@3. ややそう思わない@4. どちらとも言えない@5. ややそう思う@6. かなりそう思う@7. 完全にそう思う	ロボットはこの情報に興味を持っている	1. 全くそう思わない@2. あまりそう思わない@3. ややそう思わない@4. どちらとも言えない@5. ややそう思う@6. かなりそう思う@7. 完全にそう思う	ロボットはこの情報に同意している	1. 全くそう思わない@2. あまりそう思わない@3. ややそう思わない@4. どちらとも言えない@5. ややそう思う@6. かなりそう思う@7. 完全にそう思う	
1	0							以下のURLの動画を見て各質問に回答してください。##https://taiga-mori.github.io/questionaire/2uhuun.html	動画が視聴できた	視聴できた@視聴できなかった	ロボットはこの情報をあらかじめ知っていた	知っていた@知らなかった	ロボットの反応は自然だった	1. 全くそう思わない@2. あまりそう思わない@3. ややそう思わない@4. どちらとも言えない@5. ややそう思う@6. かなりそう思う@7. 完全にそう思う	ロボットはこの情報に興味を持っている	1. 全くそう思わない@2. あまりそう思わない@3. ややそう思わない@4. どちらとも言えない@5. ややそう思う@6. かなりそう思う@7. 完全にそう思う	ロボットはこの情報に同意している	1. 全くそう思わない@2. あまりそう思わない@3. ややそう思わない@4. どちらとも言えない@5. ややそう思う@6. かなりそう思う@7. 完全にそう思う	
1	0							以下のURLの動画を見て各質問に回答してください。##https://taiga-mori.github.io/questionaire/20d.html	動画が視聴できた	視聴できた@視聴できなかった	ロボットはこの情報をあらかじめ知っていた	知っていた@知らなかった	ロボットの反応は自然だった	1. 全くそう思わない@2. あまりそう思わない@3. ややそう思わない@4. どちらとも言えない@5. ややそう思う@6. かなりそう思う@7. 完全にそう思う	ロボットはこの情報に興味を持っている	1. 全くそう思わない@2. あまりそう思わない@3. ややそう思わない@4. どちらとも言えない@5. ややそう思う@6. かなりそう思う@7. 完全にそう思う	ロボットはこの情報に同意している	1. 全くそう思わない@2. あまりそう思わない@3. ややそう思わない@4. どちらとも言えない@5. ややそう思う@6. かなりそう思う@7. 完全にそう思う	
1	0							あなたの年齢と性別を教えてください。	性別	男性@女性@その他@回答したくない	年齢	10代以下@20代@30代@40代@50代@60代@70代以上	質問はありません。「はい」を選択してください。	はい	質問はありません。「はい」を選択してください。	はい	質問はありません。「はい」を選択してください。	はい	
1	0							以下のURLの動画を見て各質問に回答してください。##https://taiga-mori.github.io/questionaire/12dsoosoo.html	動画が視聴できた	視聴できた@視聴できなかった	ロボットはこの情報をあらかじめ知っていた	知っていた@知らなかった	ロボットの反応は自然だった	1. 全くそう思わない@2. あまりそう思わない@3. ややそう思わない@4. どちらとも言えない@5. ややそう思う@6. かなりそう思う@7. 完全にそう思う	ロボットはこの情報に興味を持っている	1. 全くそう思わない@2. あまりそう思わない@3. ややそう思わない@4. どちらとも言えない@5. ややそう思う@6. かなりそう思う@7. 完全にそう思う	ロボットはこの情報に同意している	1. 全くそう思わない@2. あまりそう思わない@3. ややそう思わない@4. どちらとも言えない@5. ややそう思う@6. かなりそう思う@7. 完全にそう思う	
1	0							以下のURLの動画を見て各質問に回答してください。##https://taiga-mori.github.io/questionaire/22d.html	動画が視聴できた	視聴できた@視聴できなかった	ロボットはこの情報をあらかじめ知っていた	知っていた@知らなかった	ロボットの反応は自然だった	1. 全くそう思わない@2. あまりそう思わない@3. ややそう思わない@4. どちらとも言えない@5. ややそう思う@6. かなりそう思う@7. 完全にそう思う	ロボットはこの情報に興味を持っている	1. 全くそう思わない@2. あまりそう思わない@3. ややそう思わない@4. どちらとも言えない@5. ややそう思う@6. かなりそう思う@7. 完全にそう思う	ロボットはこの情報に同意している	1. 全くそう思わない@2. あまりそう思わない@3. ややそう思わない@4. どちらとも言えない@5. ややそう思う@6. かなりそう思う@7. 完全にそう思う	
1	0							以下のURLの動画を見て各質問に回答してください。##https://taiga-mori.github.io/questionaire/21dhuun.html	動画が視聴できた	視聴できた@視聴できなかった	ロボットはこの情報をあらかじめ知っていた	知っていた@知らなかった	ロボットの反応は自然だった	1. 全くそう思わない@2. あまりそう思わない@3. ややそう思わない@4. どちらとも言えない@5. ややそう思う@6. かなりそう思う@7. 完全にそう思う	ロボットはこの情報に興味を持っている	1. 全くそう思わない@2. あまりそう思わない@3. ややそう思わない@4. どちらとも言えない@5. ややそう思う@6. かなりそう思う@7. 完全にそう思う	ロボットはこの情報に同意している	1. 全くそう思わない@2. あまりそう思わない@3. ややそう思わない@4. どちらとも言えない@5. ややそう思う@6. かなりそう思う@7. 完全にそう思う	
1	0							以下のURLの動画を見て各質問に回答してください。##https://taiga-mori.github.io/questionaire/20usoosoo.html	動画が視聴できた	視聴できた@視聴できなかった	ロボットはこの情報をあらかじめ知っていた	知っていた@知らなかった	ロボットの反応は自然だった	1. 全くそう思わない@2. あまりそう思わない@3. ややそう思わない@4. どちらとも言えない@5. ややそう思う@6. かなりそう思う@7. 完全にそう思う	ロボットはこの情報に興味を持っている	1. 全くそう思わない@2. あまりそう思わない@3. ややそう思わない@4. どちらとも言えない@5. ややそう思う@6. かなりそう思う@7. 完全にそう思う	ロボットはこの情報に同意している	1. 全くそう思わない@2. あまりそう思わない@3. ややそう思わない@4. どちらとも言えない@5. ややそう思う@6. かなりそう思う@7. 完全にそう思う	
1	0							以下のURLの動画を見て各質問に回答してください。##https://taiga-mori.github.io/questionaire/13u.html	動画が視聴できた	視聴できた@視聴できなかった	ロボットはこの情報をあらかじめ知っていた	知っていた@知らなかった	ロボットの反応は自然だった	1. 全くそう思わない@2. あまりそう思わない@3. ややそう思わない@4. どちらとも言えない@5. ややそう思う@6. かなりそう思う@7. 完全にそう思う	ロボットはこの情報に興味を持っている	1. 全くそう思わない@2. あまりそう思わない@3. ややそう思わない@4. どちらとも言えない@5. ややそう思う@6. かなりそう思う@7. 完全にそう思う	ロボットはこの情報に同意している	1. 全くそう思わない@2. あまりそう思わない@3. ややそう思わない@4. どちらとも言えない@5. ややそう思う@6. かなりそう思う@7. 完全にそう思う	
1	0							以下のURLの動画を見て各質問に回答してください。##https://taiga-mori.github.io/questionaire/23soosoo.html	動画が視聴できた	視聴できた@視聴できなかった	ロボットはこの情報をあらかじめ知っていた	知っていた@知らなかった	ロボットの反応は自然だった	1. 全くそう思わない@2. あまりそう思わない@3. ややそう思わない@4. どちらとも言えない@5. ややそう思う@6. かなりそう思う@7. 完全にそう思う	ロボットはこの情報に興味を持っている	1. 全くそう思わない@2. あまりそう思わない@3. ややそう思わない@4. どちらとも言えない@5. ややそう思う@6. かなりそう思う@7. 完全にそう思う	ロボットはこの情報に同意している	1. 全くそう思わない@2. あまりそう思わない@3. ややそう思わない@4. どちらとも言えない@5. ややそう思う@6. かなりそう思う@7. 完全にそう思う	
1	0							以下のURLの動画を見て各質問に回答してください。##https://taiga-mori.github.io/questionaire/3huun.html	動画が視聴できた	視聴できた@視聴できなかった	ロボットはこの情報をあらかじめ知っていた	知っていた@知らなかった	ロボットの反応は自然だった	1. 全くそう思わない@2. あまりそう思わない@3. ややそう思わない@4. どちらとも言えない@5. ややそう思う@6. かなりそう思う@7. 完全にそう思う	ロボットはこの情報に興味を持っている	1. 全くそう思わない@2. あまりそう思わない@3. ややそう思わない@4. どちらとも言えない@5. ややそう思う@6. かなりそう思う@7. 完全にそう思う	ロボットはこの情報に同意している	1. 全くそう思わない@2. あまりそう思わない@3. ややそう思わない@4. どちらとも言えない@5. ややそう思う@6. かなりそう思う@7. 完全にそう思う	
1	0							以下のURLの動画を見て各質問に回答してください。##https://taiga-mori.github.io/questionaire/5uhuun.html	動画が視聴できた	視聴できた@視聴できなかった	ロボットはこの情報をあらかじめ知っていた	知っていた@知らなかった	ロボットの反応は自然だった	1. 全くそう思わない@2. あまりそう思わない@3. ややそう思わない@4. どちらとも言えない@5. ややそう思う@6. かなりそう思う@7. 完全にそう思う	ロボットはこの情報に興味を持っている	1. 全くそう思わない@2. あまりそう思わない@3. ややそう思わない@4. どちらとも言えない@5. ややそう思う@6. かなりそう思う@7. 完全にそう思う	ロボットはこの情報に同意している	1. 全くそう思わない@2. あまりそう思わない@3. ややそう思わない@4. どちらとも言えない@5. ややそう思う@6. かなりそう思う@7. 完全にそう思う	
1	0							以下のURLの動画を見て各質問に回答してください。##https://taiga-mori.github.io/questionaire/8uaa.html	動画が視聴できた	視聴できた@視聴できなかった	ロボットはこの情報をあらかじめ知っていた	知っていた@知らなかった	ロボットの反応は自然だった	1. 全くそう思わない@2. あまりそう思わない@3. ややそう思わない@4. どちらとも言えない@5. ややそう思う@6. かなりそう思う@7. 完全にそう思う	ロボットはこの情報に興味を持っている	1. 全くそう思わない@2. あまりそう思わない@3. ややそう思わない@4. どちらとも言えない@5. ややそう思う@6. かなりそう思う@7. 完全にそう思う	ロボットはこの情報に同意している	1. 全くそう思わない@2. あまりそう思わない@3. ややそう思わない@4. どちらとも言えない@5. ややそう思う@6. かなりそう思う@7. 完全にそう思う	
1	0							以下のURLの動画を見て各質問に回答してください。##https://taiga-mori.github.io/questionaire/19usoodane.html	動画が視聴できた	視聴できた@視聴できなかった	ロボットはこの情報をあらかじめ知っていた	知っていた@知らなかった	ロボットの反応は自然だった	1. 全くそう思わない@2. あまりそう思わない@3. ややそう思わない@4. どちらとも言えない@5. ややそう思う@6. かなりそう思う@7. 完全にそう思う	ロボットはこの情報に興味を持っている	1. 全くそう思わない@2. あまりそう思わない@3. ややそう思わない@4. どちらとも言えない@5. ややそう思う@6. かなりそう思う@7. 完全にそう思う	ロボットはこの情報に同意している	1. 全くそう思わない@2. あまりそう思わない@3. ややそう思わない@4. どちらとも言えない@5. ややそう思う@6. かなりそう思う@7. 完全にそう思う	
1	0							以下のURLの動画を見て各質問に回答してください。##https://taiga-mori.github.io/questionaire/7u.html	動画が視聴できた	視聴できた@視聴できなかった	ロボットはこの情報をあらかじめ知っていた	知っていた@知らなかった	ロボットの反応は自然だった	1. 全くそう思わない@2. あまりそう思わない@3. ややそう思わない@4. どちらとも言えない@5. ややそう思う@6. かなりそう思う@7. 完全にそう思う	ロボットはこの情報に興味を持っている	1. 全くそう思わない@2. あまりそう思わない@3. ややそう思わない@4. どちらとも言えない@5. ややそう思う@6. かなりそう思う@7. 完全にそう思う	ロボットはこの情報に同意している	1. 全くそう思わない@2. あまりそう思わない@3. ややそう思わない@4. どちらとも言えない@5. ややそう思う@6. かなりそう思う@7. 完全にそう思う	
1	0							以下のURLの動画を見て各質問に回答してください。##https://taiga-mori.github.io/questionaire/24soodane.html	動画が視聴できた	視聴できた@視聴できなかった	ロボットはこの情報をあらかじめ知っていた	知っていた@知らなかった	ロボットの反応は自然だった	1. 全くそう思わない@2. あまりそう思わない@3. ややそう思わない@4. どちらとも言えない@5. ややそう思う@6. かなりそう思う@7. 完全にそう思う	ロボットはこの情報に興味を持っている	1. 全くそう思わない@2. あまりそう思わない@3. ややそう思わない@4. どちらとも言えない@5. ややそう思う@6. かなりそう思う@7. 完全にそう思う	ロボットはこの情報に同意している	1. 全くそう思わない@2. あまりそう思わない@3. ややそう思わない@4. どちらとも言えない@5. ややそう思う@6. かなりそう思う@7. 完全にそう思う	
1	0							以下のURLの動画を見て各質問に回答してください。##https://taiga-mori.github.io/questionaire/15d.html	動画が視聴できた	視聴できた@視聴できなかった	ロボットはこの情報をあらかじめ知っていた	知っていた@知らなかった	ロボットの反応は自然だった	1. 全くそう思わない@2. あまりそう思わない@3. ややそう思わない@4. どちらとも言えない@5. ややそう思う@6. かなりそう思う@7. 完全にそう思う	ロボットはこの情報に興味を持っている	1. 全くそう思わない@2. あまりそう思わない@3. ややそう思わない@4. どちらとも言えない@5. ややそう思う@6. かなりそう思う@7. 完全にそう思う	ロボットはこの情報に同意している	1. 全くそう思わない@2. あまりそう思わない@3. ややそう思わない@4. どちらとも言えない@5. ややそう思う@6. かなりそう思う@7. 完全にそう思う	
1	0							以下のURLの動画を見て各質問に回答してください。##https://taiga-mori.github.io/questionaire/16aa.html	動画が視聴できた	視聴できた@視聴できなかった	ロボットはこの情報をあらかじめ知っていた	知っていた@知らなかった	ロボットの反応は自然だった	1. 全くそう思わない@2. あまりそう思わない@3. ややそう思わない@4. どちらとも言えない@5. ややそう思う@6. かなりそう思う@7. 完全にそう思う	ロボットはこの情報に興味を持っている	1. 全くそう思わない@2. あまりそう思わない@3. ややそう思わない@4. どちらとも言えない@5. ややそう思う@6. かなりそう思う@7. 完全にそう思う	ロボットはこの情報に同意している	1. 全くそう思わない@2. あまりそう思わない@3. ややそう思わない@4. どちらとも言えない@5. ややそう思う@6. かなりそう思う@7. 完全にそう思う	
1	0							以下のURLの動画を見て各質問に回答してください。##https://taiga-mori.github.io/questionaire/6daa.html	動画が視聴できた	視聴できた@視聴できなかった	ロボットはこの情報をあらかじめ知っていた	知っていた@知らなかった	ロボットの反応は自然だった	1. 全くそう思わない@2. あまりそう思わない@3. ややそう思わない@4. どちらとも言えない@5. ややそう思う@6. かなりそう思う@7. 完全にそう思う	ロボットはこの情報に興味を持っている	1. 全くそう思わない@2. あまりそう思わない@3. ややそう思わない@4. どちらとも言えない@5. ややそう思う@6. かなりそう思う@7. 完全にそう思う	ロボットはこの情報に同意している	1. 全くそう思わない@2. あまりそう思わない@3. ややそう思わない@4. どちらとも言えない@5. ややそう思う@6. かなりそう思う@7. 完全にそう思う	
1	0							以下のURLの動画を見て各質問に回答してください。##https://taiga-mori.github.io/questionaire/11dsoodane.html	動画が視聴できた	視聴できた@視聴できなかった	ロボットはこの情報をあらかじめ知っていた	知っていた@知らなかった	ロボットの反応は自然だった	1. 全くそう思わない@2. あまりそう思わない@3. ややそう思わない@4. どちらとも言えない@5. ややそう思う@6. かなりそう思う@7. 完全にそう思う	ロボットはこの情報に興味を持っている	1. 全くそう思わない@2. あまりそう思わない@3. ややそう思わない@4. どちらとも言えない@5. ややそう思う@6. かなりそう思う@7. 完全にそう思う	ロボットはこの情報に同意している	1. 全くそう思わない@2. あまりそう思わない@3. ややそう思わない@4. どちらとも言えない@5. ややそう思う@6. かなりそう思う@7. 完全にそう思う	
1	0							以下のURLの動画を見て各質問に回答してください。##https://taiga-mori.github.io/questionaire/9d.html	動画が視聴できた	視聴できた@視聴できなかった	ロボットはこの情報をあらかじめ知っていた	知っていた@知らなかった	ロボットの反応は自然だった	1. 全くそう思わない@2. あまりそう思わない@3. ややそう思わない@4. どちらとも言えない@5. ややそう思う@6. かなりそう思う@7. 完全にそう思う	ロボットはこの情報に興味を持っている	1. 全くそう思わない@2. あまりそう思わない@3. ややそう思わない@4. どちらとも言えない@5. ややそう思う@6. かなりそう思う@7. 完全にそう思う	ロボットはこの情報に同意している	1. 全くそう思わない@2. あまりそう思わない@3. ややそう思わない@4. どちらとも言えない@5. ややそう思う@6. かなりそう思う@7. 完全にそう思う	
1	0							以下のURLの動画を見て各質問に回答してください。##https://taiga-mori.github.io/questionaire/18uhee.html	動画が視聴できた	視聴できた@視聴できなかった	ロボットはこの情報をあらかじめ知っていた	知っていた@知らなかった	ロボットの反応は自然だった	1. 全くそう思わない@2. あまりそう思わない@3. ややそう思わない@4. どちらとも言えない@5. ややそう思う@6. かなりそう思う@7. 完全にそう思う	ロボットはこの情報に興味を持っている	1. 全くそう思わない@2. あまりそう思わない@3. ややそう思わない@4. どちらとも言えない@5. ややそう思う@6. かなりそう思う@7. 完全にそう思う	ロボットはこの情報に同意している	1. 全くそう思わない@2. あまりそう思わない@3. ややそう思わない@4. どちらとも言えない@5. ややそう思う@6. かなりそう思う@7. 完全にそう思う	
1	0							以下のURLの動画を見て各質問に回答してください。##https://taiga-mori.github.io/questionaire/10unun.html	動画が視聴できた	視聴できた@視聴できなかった	ロボットはこの情報をあらかじめ知っていた	知っていた@知らなかった	ロボットの反応は自然だった	1. 全くそう思わない@2. あまりそう思わない@3. ややそう思わない@4. どちらとも言えない@5. ややそう思う@6. かなりそう思う@7. 完全にそう思う	ロボットはこの情報に興味を持っている	1. 全くそう思わない@2. あまりそう思わない@3. ややそう思わない@4. どちらとも言えない@5. ややそう思う@6. かなりそう思う@7. 完全にそう思う	ロボットはこの情報に同意している	1. 全くそう思わない@2. あまりそう思わない@3. ややそう思わない@4. どちらとも言えない@5. ややそう思う@6. かなりそう思う@7. 完全にそう思う	
1	0							以下のURLの動画を見て各質問に回答してください。##https://taiga-mori.github.io/questionaire/14u.html	動画が視聴できた	視聴できた@視聴できなかった	ロボットはこの情報をあらかじめ知っていた	知っていた@知らなかった	ロボットの反応は自然だった	1. 全くそう思わない@2. あまりそう思わない@3. ややそう思わない@4. どちらとも言えない@5. ややそう思う@6. かなりそう思う@7. 完全にそう思う	ロボットはこの情報に興味を持っている	1. 全くそう思わない@2. あまりそう思わない@3. ややそう思わない@4. どちらとも言えない@5. ややそう思う@6. かなりそう思う@7. 完全にそう思う	ロボットはこの情報に同意している	1. 全くそう思わない@2. あまりそう思わない@3. ややそう思わない@4. どちらとも言えない@5. ややそう思う@6. かなりそう思う@7. 完全にそう思う	
1	0							以下のURLの動画を見て各質問に回答してください。##https://taiga-mori.github.io/questionaire/4dhee.html	動画が視聴できた	視聴できた@視聴できなかった	ロボットはこの情報をあらかじめ知っていた	知っていた@知らなかった	ロボットの反応は自然だった	1. 全くそう思わない@2. あまりそう思わない@3. ややそう思わない@4. どちらとも言えない@5. ややそう思う@6. かなりそう思う@7. 完全にそう思う	ロボットはこの情報に興味を持っている	1. 全くそう思わない@2. あまりそう思わない@3. ややそう思わない@4. どちらとも言えない@5. ややそう思う@6. かなりそう思う@7. 完全にそう思う	ロボットはこの情報に同意している	1. 全くそう思わない@2. あまりそう思わない@3. ややそう思わない@4. どちらとも言えない@5. ややそう思う@6. かなりそう思う@7. 完全にそう思う	
1	0							以下のURLの動画を見て各質問に回答してください。##https://taiga-mori.github.io/questionaire/17hee.html	動画が視聴できた	視聴できた@視聴できなかった	ロボットはこの情報をあらかじめ知っていた	知っていた@知らなかった	ロボットの反応は自然だった	1. 全くそう思わない@2. あまりそう思わない@3. ややそう思わない@4. どちらとも言えない@5. ややそう思う@6. かなりそう思う@7. 完全にそう思う	ロボットはこの情報に興味を持っている	1. 全くそう思わない@2. あまりそう思わない@3. ややそう思わない@4. どちらとも言えない@5. ややそう思う@6. かなりそう思う@7. 完全にそう思う	ロボットはこの情報に同意している	1. 全くそう思わない@2. あまりそう思わない@3. ややそう思わない@4. どちらとも言えない@5. ややそう思う@6. かなりそう思う@7. 完全にそう思う	
1	0							以下のURLの動画を見て各質問に回答してください。##https://taiga-mori.github.io/questionaire/1uunun.html	動画が視聴できた	視聴できた@視聴できなかった	ロボットはこの情報をあらかじめ知っていた	知っていた@知らなかった	ロボットの反応は自然だった	1. 全くそう思わない@2. あまりそう思わない@3. ややそう思わない@4. どちらとも言えない@5. ややそう思う@6. かなりそう思う@7. 完全にそう思う	ロボットはこの情報に興味を持っている	1. 全くそう思わない@2. あまりそう思わない@3. ややそう思わない@4. どちらとも言えない@5. ややそう思う@6. かなりそう思う@7. 完全にそう思う	ロボットはこの情報に同意している	1. 全くそう思わない@2. あまりそう思わない@3. ややそう思わない@4. どちらとも言えない@5. ややそう思う@6. かなりそう思う@7. 完全にそう思う	
1	0							以下のURLの動画を見て各質問に回答してください。##https://taiga-mori.github.io/questionaire/2dunun.html	動画が視聴できた	視聴できた@視聴できなかった	ロボットはこの情報をあらかじめ知っていた	知っていた@知らなかった	ロボットの反応は自然だった	1. 全くそう思わない@2. あまりそう思わない@3. ややそう思わない@4. どちらとも言えない@5. ややそう思う@6. かなりそう思う@7. 完全にそう思う	ロボットはこの情報に興味を持っている	1. 全くそう思わない@2. あまりそう思わない@3. ややそう思わない@4. どちらとも言えない@5. ややそう思う@6. かなりそう思う@7. 完全にそう思う	ロボットはこの情報に同意している	1. 全くそう思わない@2. あまりそう思わない@3. ややそう思わない@4. どちらとも言えない@5. ややそう思う@6. かなりそう思う@7. 完全にそう思う	
1	0							あなたの年齢と性別を教えてください。	性別	男性@女性@その他@回答したくない	年齢	10代以下@20代@30代@40代@50代@60代@70代以上	質問はありません。「はい」を選択してください。	はい	質問はありません。「はい」を選択してください。	はい	質問はありません。「はい」を選択してください。	はい	
1	0							以下のURLの動画を見て各質問に回答してください。##https://taiga-mori.github.io/questionaire/1d.html	動画が視聴できた	視聴できた@視聴できなかった	ロボットはこの情報をあらかじめ知っていた	知っていた@知らなかった	ロボットの反応は自然だった	1. 全くそう思わない@2. あまりそう思わない@3. ややそう思わない@4. どちらとも言えない@5. ややそう思う@6. かなりそう思う@7. 完全にそう思う	ロボットはこの情報に興味を持っている	1. 全くそう思わない@2. あまりそう思わない@3. ややそう思わない@4. どちらとも言えない@5. ややそう思う@6. かなりそう思う@7. 完全にそう思う	ロボットはこの情報に同意している	1. 全くそう思わない@2. あまりそう思わない@3. ややそう思わない@4. どちらとも言えない@5. ややそう思う@6. かなりそう思う@7. 完全にそう思う	
1	0							以下のURLの動画を見て各質問に回答してください。##https://taiga-mori.github.io/questionaire/10soosoo.html	動画が視聴できた	視聴できた@視聴できなかった	ロボットはこの情報をあらかじめ知っていた	知っていた@知らなかった	ロボットの反応は自然だった	1. 全くそう思わない@2. あまりそう思わない@3. ややそう思わない@4. どちらとも言えない@5. ややそう思う@6. かなりそう思う@7. 完全にそう思う	ロボットはこの情報に興味を持っている	1. 全くそう思わない@2. あまりそう思わない@3. ややそう思わない@4. どちらとも言えない@5. ややそう思う@6. かなりそう思う@7. 完全にそう思う	ロボットはこの情報に同意している	1. 全くそう思わない@2. あまりそう思わない@3. ややそう思わない@4. どちらとも言えない@5. ややそう思う@6. かなりそう思う@7. 完全にそう思う	
1	0							以下のURLの動画を見て各質問に回答してください。##https://taiga-mori.github.io/questionaire/9uaa.html	動画が視聴できた	視聴できた@視聴できなかった	ロボットはこの情報をあらかじめ知っていた	知っていた@知らなかった	ロボットの反応は自然だった	1. 全くそう思わない@2. あまりそう思わない@3. ややそう思わない@4. どちらとも言えない@5. ややそう思う@6. かなりそう思う@7. 完全にそう思う	ロボットはこの情報に興味を持っている	1. 全くそう思わない@2. あまりそう思わない@3. ややそう思わない@4. どちらとも言えない@5. ややそう思う@6. かなりそう思う@7. 完全にそう思う	ロボットはこの情報に同意している	1. 全くそう思わない@2. あまりそう思わない@3. ややそう思わない@4. どちらとも言えない@5. ややそう思う@6. かなりそう思う@7. 完全にそう思う	
1	0							以下のURLの動画を見て各質問に回答してください。##https://taiga-mori.github.io/questionaire/22aa.html	動画が視聴できた	視聴できた@視聴できなかった	ロボットはこの情報をあらかじめ知っていた	知っていた@知らなかった	ロボットの反応は自然だった	1. 全くそう思わない@2. あまりそう思わない@3. ややそう思わない@4. どちらとも言えない@5. ややそう思う@6. かなりそう思う@7. 完全にそう思う	ロボットはこの情報に興味を持っている	1. 全くそう思わない@2. あまりそう思わない@3. ややそう思わない@4. どちらとも言えない@5. ややそう思う@6. かなりそう思う@7. 完全にそう思う	ロボットはこの情報に同意している	1. 全くそう思わない@2. あまりそう思わない@3. ややそう思わない@4. どちらとも言えない@5. ややそう思う@6. かなりそう思う@7. 完全にそう思う	
1	0							以下のURLの動画を見て各質問に回答してください。##https://taiga-mori.github.io/questionaire/7u.html	動画が視聴できた	視聴できた@視聴できなかった	ロボットはこの情報をあらかじめ知っていた	知っていた@知らなかった	ロボットの反応は自然だった	1. 全くそう思わない@2. あまりそう思わない@3. ややそう思わない@4. どちらとも言えない@5. ややそう思う@6. かなりそう思う@7. 完全にそう思う	ロボットはこの情報に興味を持っている	1. 全くそう思わない@2. あまりそう思わない@3. ややそう思わない@4. どちらとも言えない@5. ややそう思う@6. かなりそう思う@7. 完全にそう思う	ロボットはこの情報に同意している	1. 全くそう思わない@2. あまりそう思わない@3. ややそう思わない@4. どちらとも言えない@5. ややそう思う@6. かなりそう思う@7. 完全にそう思う	
1	0							以下のURLの動画を見て各質問に回答してください。##https://taiga-mori.github.io/questionaire/18daa.html	動画が視聴できた	視聴できた@視聴できなかった	ロボットはこの情報をあらかじめ知っていた	知っていた@知らなかった	ロボットの反応は自然だった	1. 全くそう思わない@2. あまりそう思わない@3. ややそう思わない@4. どちらとも言えない@5. ややそう思う@6. かなりそう思う@7. 完全にそう思う	ロボットはこの情報に興味を持っている	1. 全くそう思わない@2. あまりそう思わない@3. ややそう思わない@4. どちらとも言えない@5. ややそう思う@6. かなりそう思う@7. 完全にそう思う	ロボットはこの情報に同意している	1. 全くそう思わない@2. あまりそう思わない@3. ややそう思わない@4. どちらとも言えない@5. ややそう思う@6. かなりそう思う@7. 完全にそう思う	
1	0							以下のURLの動画を見て各質問に回答してください。##https://taiga-mori.github.io/questionaire/12usoosoo.html	動画が視聴できた	視聴できた@視聴できなかった	ロボットはこの情報をあらかじめ知っていた	知っていた@知らなかった	ロボットの反応は自然だった	1. 全くそう思わない@2. あまりそう思わない@3. ややそう思わない@4. どちらとも言えない@5. ややそう思う@6. かなりそう思う@7. 完全にそう思う	ロボットはこの情報に興味を持っている	1. 全くそう思わない@2. あまりそう思わない@3. ややそう思わない@4. どちらとも言えない@5. ややそう思う@6. かなりそう思う@7. 完全にそう思う	ロボットはこの情報に同意している	1. 全くそう思わない@2. あまりそう思わない@3. ややそう思わない@4. どちらとも言えない@5. ややそう思う@6. かなりそう思う@7. 完全にそう思う	
1	0							以下のURLの動画を見て各質問に回答してください。##https://taiga-mori.github.io/questionaire/6dsoosoo.html	動画が視聴できた	視聴できた@視聴できなかった	ロボットはこの情報をあらかじめ知っていた	知っていた@知らなかった	ロボットの反応は自然だった	1. 全くそう思わない@2. あまりそう思わない@3. ややそう思わない@4. どちらとも言えない@5. ややそう思う@6. かなりそう思う@7. 完全にそう思う	ロボットはこの情報に興味を持っている	1. 全くそう思わない@2. あまりそう思わない@3. ややそう思わない@4. どちらとも言えない@5. ややそう思う@6. かなりそう思う@7. 完全にそう思う	ロボットはこの情報に同意している	1. 全くそう思わない@2. あまりそう思わない@3. ややそう思わない@4. どちらとも言えない@5. ややそう思う@6. かなりそう思う@7. 完全にそう思う	
1	0							以下のURLの動画を見て各質問に回答してください。##https://taiga-mori.github.io/questionaire/16uunun.html	動画が視聴できた	視聴できた@視聴できなかった	ロボットはこの情報をあらかじめ知っていた	知っていた@知らなかった	ロボットの反応は自然だった	1. 全くそう思わない@2. あまりそう思わない@3. ややそう思わない@4. どちらとも言えない@5. ややそう思う@6. かなりそう思う@7. 完全にそう思う	ロボットはこの情報に興味を持っている	1. 全くそう思わない@2. あまりそう思わない@3. ややそう思わない@4. どちらとも言えない@5. ややそう思う@6. かなりそう思う@7. 完全にそう思う	ロボットはこの情報に同意している	1. 全くそう思わない@2. あまりそう思わない@3. ややそう思わない@4. どちらとも言えない@5. ややそう思う@6. かなりそう思う@7. 完全にそう思う	
1	0							以下のURLの動画を見て各質問に回答してください。##https://taiga-mori.github.io/questionaire/20dunun.html	動画が視聴できた	視聴できた@視聴できなかった	ロボットはこの情報をあらかじめ知っていた	知っていた@知らなかった	ロボットの反応は自然だった	1. 全くそう思わない@2. あまりそう思わない@3. ややそう思わない@4. どちらとも言えない@5. ややそう思う@6. かなりそう思う@7. 完全にそう思う	ロボットはこの情報に興味を持っている	1. 全くそう思わない@2. あまりそう思わない@3. ややそう思わない@4. どちらとも言えない@5. ややそう思う@6. かなりそう思う@7. 完全にそう思う	ロボットはこの情報に同意している	1. 全くそう思わない@2. あまりそう思わない@3. ややそう思わない@4. どちらとも言えない@5. ややそう思う@6. かなりそう思う@7. 完全にそう思う	
1	0							以下のURLの動画を見て各質問に回答してください。##https://taiga-mori.github.io/questionaire/13unun.html	動画が視聴できた	視聴できた@視聴できなかった	ロボットはこの情報をあらかじめ知っていた	知っていた@知らなかった	ロボットの反応は自然だった	1. 全くそう思わない@2. あまりそう思わない@3. ややそう思わない@4. どちらとも言えない@5. ややそう思う@6. かなりそう思う@7. 完全にそう思う	ロボットはこの情報に興味を持っている	1. 全くそう思わない@2. あまりそう思わない@3. ややそう思わない@4. どちらとも言えない@5. ややそう思う@6. かなりそう思う@7. 完全にそう思う	ロボットはこの情報に同意している	1. 全くそう思わない@2. あまりそう思わない@3. ややそう思わない@4. どちらとも言えない@5. ややそう思う@6. かなりそう思う@7. 完全にそう思う	
1	0							以下のURLの動画を見て各質問に回答してください。##https://taiga-mori.github.io/questionaire/23u.html	動画が視聴できた	視聴できた@視聴できなかった	ロボットはこの情報をあらかじめ知っていた	知っていた@知らなかった	ロボットの反応は自然だった	1. 全くそう思わない@2. あまりそう思わない@3. ややそう思わない@4. どちらとも言えない@5. ややそう思う@6. かなりそう思う@7. 完全にそう思う	ロボットはこの情報に興味を持っている	1. 全くそう思わない@2. あまりそう思わない@3. ややそう思わない@4. どちらとも言えない@5. ややそう思う@6. かなりそう思う@7. 完全にそう思う	ロボットはこの情報に同意している	1. 全くそう思わない@2. あまりそう思わない@3. ややそう思わない@4. どちらとも言えない@5. ややそう思う@6. かなりそう思う@7. 完全にそう思う	
1	0							以下のURLの動画を見て各質問に回答してください。##https://taiga-mori.github.io/questionaire/2hee.html	動画が視聴できた	視聴できた@視聴できなかった	ロボットはこの情報をあらかじめ知っていた	知っていた@知らなかった	ロボットの反応は自然だった	1. 全くそう思わない@2. あまりそう思わない@3. ややそう思わない@4. どちらとも言えない@5. ややそう思う@6. かなりそう思う@7. 完全にそう思う	ロボットはこの情報に興味を持っている	1. 全くそう思わない@2. あまりそう思わない@3. ややそう思わない@4. どちらとも言えない@5. ややそう思う@6. かなりそう思う@7. 完全にそう思う	ロボットはこの情報に同意している	1. 全くそう思わない@2. あまりそう思わない@3. ややそう思わない@4. どちらとも言えない@5. ややそう思う@6. かなりそう思う@7. 完全にそう思う	
1	0							以下のURLの動画を見て各質問に回答してください。##https://taiga-mori.github.io/questionaire/19uhee.html	動画が視聴できた	視聴できた@視聴できなかった	ロボットはこの情報をあらかじめ知っていた	知っていた@知らなかった	ロボットの反応は自然だった	1. 全くそう思わない@2. あまりそう思わない@3. ややそう思わない@4. どちらとも言えない@5. ややそう思う@6. かなりそう思う@7. 完全にそう思う	ロボットはこの情報に興味を持っている	1. 全くそう思わない@2. あまりそう思わない@3. ややそう思わない@4. どちらとも言えない@5. ややそう思う@6. かなりそう思う@7. 完全にそう思う	ロボットはこの情報に同意している	1. 全くそう思わない@2. あまりそう思わない@3. ややそう思わない@4. どちらとも言えない@5. ややそう思う@6. かなりそう思う@7. 完全にそう思う	
1	0							以下のURLの動画を見て各質問に回答してください。##https://taiga-mori.github.io/questionaire/5dhee.html	動画が視聴できた	視聴できた@視聴できなかった	ロボットはこの情報をあらかじめ知っていた	知っていた@知らなかった	ロボットの反応は自然だった	1. 全くそう思わない@2. あまりそう思わない@3. ややそう思わない@4. どちらとも言えない@5. ややそう思う@6. かなりそう思う@7. 完全にそう思う	ロボットはこの情報に興味を持っている	1. 全くそう思わない@2. あまりそう思わない@3. ややそう思わない@4. どちらとも言えない@5. ややそう思う@6. かなりそう思う@7. 完全にそう思う	ロボットはこの情報に同意している	1. 全くそう思わない@2. あまりそう思わない@3. ややそう思わない@4. どちらとも言えない@5. ややそう思う@6. かなりそう思う@7. 完全にそう思う	
1	0							以下のURLの動画を見て各質問に回答してください。##https://taiga-mori.github.io/questionaire/15d.html	動画が視聴できた	視聴できた@視聴できなかった	ロボットはこの情報をあらかじめ知っていた	知っていた@知らなかった	ロボットの反応は自然だった	1. 全くそう思わない@2. あまりそう思わない@3. ややそう思わない@4. どちらとも言えない@5. ややそう思う@6. かなりそう思う@7. 完全にそう思う	ロボットはこの情報に興味を持っている	1. 全くそう思わない@2. あまりそう思わない@3. ややそう思わない@4. どちらとも言えない@5. ややそう思う@6. かなりそう思う@7. 完全にそう思う	ロボットはこの情報に同意している	1. 全くそう思わない@2. あまりそう思わない@3. ややそう思わない@4. どちらとも言えない@5. ややそう思う@6. かなりそう思う@7. 完全にそう思う	
1	0							以下のURLの動画を見て各質問に回答してください。##https://taiga-mori.github.io/questionaire/11uhuun.html	動画が視聴できた	視聴できた@視聴できなかった	ロボットはこの情報をあらかじめ知っていた	知っていた@知らなかった	ロボットの反応は自然だった	1. 全くそう思わない@2. あまりそう思わない@3. ややそう思わない@4. どちらとも言えない@5. ややそう思う@6. かなりそう思う@7. 完全にそう思う	ロボットはこの情報に興味を持っている	1. 全くそう思わない@2. あまりそう思わない@3. ややそう思わない@4. どちらとも言えない@5. ややそう思う@6. かなりそう思う@7. 完全にそう思う	ロボットはこの情報に同意している	1. 全くそう思わない@2. あまりそう思わない@3. ややそう思わない@4. どちらとも言えない@5. ややそう思う@6. かなりそう思う@7. 完全にそう思う	
1	0							以下のURLの動画を見て各質問に回答してください。##https://taiga-mori.github.io/questionaire/3dhuun.html	動画が視聴できた	視聴できた@視聴できなかった	ロボットはこの情報をあらかじめ知っていた	知っていた@知らなかった	ロボットの反応は自然だった	1. 全くそう思わない@2. あまりそう思わない@3. ややそう思わない@4. どちらとも言えない@5. ややそう思う@6. かなりそう思う@7. 完全にそう思う	ロボットはこの情報に興味を持っている	1. 全くそう思わない@2. あまりそう思わない@3. ややそう思わない@4. どちらとも言えない@5. ややそう思う@6. かなりそう思う@7. 完全にそう思う	ロボットはこの情報に同意している	1. 全くそう思わない@2. あまりそう思わない@3. ややそう思わない@4. どちらとも言えない@5. ややそう思う@6. かなりそう思う@7. 完全にそう思う	
1	0							以下のURLの動画を見て各質問に回答してください。##https://taiga-mori.github.io/questionaire/17d.html	動画が視聴できた	視聴できた@視聴できなかった	ロボットはこの情報をあらかじめ知っていた	知っていた@知らなかった	ロボットの反応は自然だった	1. 全くそう思わない@2. あまりそう思わない@3. ややそう思わない@4. どちらとも言えない@5. ややそう思う@6. かなりそう思う@7. 完全にそう思う	ロボットはこの情報に興味を持っている	1. 全くそう思わない@2. あまりそう思わない@3. ややそう思わない@4. どちらとも言えない@5. ややそう思う@6. かなりそう思う@7. 完全にそう思う	ロボットはこの情報に同意している	1. 全くそう思わない@2. あまりそう思わない@3. ややそう思わない@4. どちらとも言えない@5. ややそう思う@6. かなりそう思う@7. 完全にそう思う	
1	0							以下のURLの動画を見て各質問に回答してください。##https://taiga-mori.github.io/questionaire/24dsoodane.html	動画が視聴できた	視聴できた@視聴できなかった	ロボットはこの情報をあらかじめ知っていた	知っていた@知らなかった	ロボットの反応は自然だった	1. 全くそう思わない@2. あまりそう思わない@3. ややそう思わない@4. どちらとも言えない@5. ややそう思う@6. かなりそう思う@7. 完全にそう思う	ロボットはこの情報に興味を持っている	1. 全くそう思わない@2. あまりそう思わない@3. ややそう思わない@4. どちらとも言えない@5. ややそう思う@6. かなりそう思う@7. 完全にそう思う	ロボットはこの情報に同意している	1. 全くそう思わない@2. あまりそう思わない@3. ややそう思わない@4. どちらとも言えない@5. ややそう思う@6. かなりそう思う@7. 完全にそう思う	
1	0							以下のURLの動画を見て各質問に回答してください。##https://taiga-mori.github.io/questionaire/21u.html	動画が視聴できた	視聴できた@視聴できなかった	ロボットはこの情報をあらかじめ知っていた	知っていた@知らなかった	ロボットの反応は自然だった	1. 全くそう思わない@2. あまりそう思わない@3. ややそう思わない@4. どちらとも言えない@5. ややそう思う@6. かなりそう思う@7. 完全にそう思う	ロボットはこの情報に興味を持っている	1. 全くそう思わない@2. あまりそう思わない@3. ややそう思わない@4. どちらとも言えない@5. ややそう思う@6. かなりそう思う@7. 完全にそう思う	ロボットはこの情報に同意している	1. 全くそう思わない@2. あまりそう思わない@3. ややそう思わない@4. どちらとも言えない@5. ややそう思う@6. かなりそう思う@7. 完全にそう思う	
1	0							以下のURLの動画を見て各質問に回答してください。##https://taiga-mori.github.io/questionaire/8soodane.html	動画が視聴できた	視聴できた@視聴できなかった	ロボットはこの情報をあらかじめ知っていた	知っていた@知らなかった	ロボットの反応は自然だった	1. 全くそう思わない@2. あまりそう思わない@3. ややそう思わない@4. どちらとも言えない@5. ややそう思う@6. かなりそう思う@7. 完全にそう思う	ロボットはこの情報に興味を持っている	1. 全くそう思わない@2. あまりそう思わない@3. ややそう思わない@4. どちらとも言えない@5. ややそう思う@6. かなりそう思う@7. 完全にそう思う	ロボットはこの情報に同意している	1. 全くそう思わない@2. あまりそう思わない@3. ややそう思わない@4. どちらとも言えない@5. ややそう思う@6. かなりそう思う@7. 完全にそう思う	
1	0							以下のURLの動画を見て各質問に回答してください。##https://taiga-mori.github.io/questionaire/4huun.html	動画が視聴できた	視聴できた@視聴できなかった	ロボットはこの情報をあらかじめ知っていた	知っていた@知らなかった	ロボットの反応は自然だった	1. 全くそう思わない@2. あまりそう思わない@3. ややそう思わない@4. どちらとも言えない@5. ややそう思う@6. かなりそう思う@7. 完全にそう思う	ロボットはこの情報に興味を持っている	1. 全くそう思わない@2. あまりそう思わない@3. ややそう思わない@4. どちらとも言えない@5. ややそう思う@6. かなりそう思う@7. 完全にそう思う	ロボットはこの情報に同意している	1. 全くそう思わない@2. あまりそう思わない@3. ややそう思わない@4. どちらとも言えない@5. ややそう思う@6. かなりそう思う@7. 完全にそう思う	
1	0							以下のURLの動画を見て各質問に回答してください。##https://taiga-mori.github.io/questionaire/14usoodane.html	動画が視聴できた	視聴できた@視聴できなかった	ロボットはこの情報をあらかじめ知っていた	知っていた@知らなかった	ロボットの反応は自然だった	1. 全くそう思わない@2. あまりそう思わない@3. ややそう思わない@4. どちらとも言えない@5. ややそう思う@6. かなりそう思う@7. 完全にそう思う	ロボットはこの情報に興味を持っている	1. 全くそう思わない@2. あまりそう思わない@3. ややそう思わない@4. どちらとも言えない@5. ややそう思う@6. かなりそう思う@7. 完全にそう思う	ロボットはこの情報に同意している	1. 全くそう思わない@2. あまりそう思わない@3. ややそう思わない@4. どちらとも言えない@5. ややそう思う@6. かなりそう思う@7. 完全にそう思う	
1	0							あなたの年齢と性別を教えてください。	性別	男性@女性@その他@回答したくない	年齢	10代以下@20代@30代@40代@50代@60代@70代以上	質問はありません。「はい」を選択してください。	はい	質問はありません。「はい」を選択してください。	はい	質問はありません。「はい」を選択してください。	はい	
1	0							以下のURLの動画を見て各質問に回答してください。##https://taiga-mori.github.io/questionaire/11unun.html	動画が視聴できた	視聴できた@視聴できなかった	ロボットはこの情報をあらかじめ知っていた	知っていた@知らなかった	ロボットの反応は自然だった	1. 全くそう思わない@2. あまりそう思わない@3. ややそう思わない@4. どちらとも言えない@5. ややそう思う@6. かなりそう思う@7. 完全にそう思う	ロボットはこの情報に興味を持っている	1. 全くそう思わない@2. あまりそう思わない@3. ややそう思わない@4. どちらとも言えない@5. ややそう思う@6. かなりそう思う@7. 完全にそう思う	ロボットはこの情報に同意している	1. 全くそう思わない@2. あまりそう思わない@3. ややそう思わない@4. どちらとも言えない@5. ややそう思う@6. かなりそう思う@7. 完全にそう思う	
1	0							以下のURLの動画を見て各質問に回答してください。##https://taiga-mori.github.io/questionaire/19dunun.html	動画が視聴できた	視聴できた@視聴できなかった	ロボットはこの情報をあらかじめ知っていた	知っていた@知らなかった	ロボットの反応は自然だった	1. 全くそう思わない@2. あまりそう思わない@3. ややそう思わない@4. どちらとも言えない@5. ややそう思う@6. かなりそう思う@7. 完全にそう思う	ロボットはこの情報に興味を持っている	1. 全くそう思わない@2. あまりそう思わない@3. ややそう思わない@4. どちらとも言えない@5. ややそう思う@6. かなりそう思う@7. 完全にそう思う	ロボットはこの情報に同意している	1. 全くそう思わない@2. あまりそう思わない@3. ややそう思わない@4. どちらとも言えない@5. ややそう思う@6. かなりそう思う@7. 完全にそう思う	
1	0							以下のURLの動画を見て各質問に回答してください。##https://taiga-mori.github.io/questionaire/16d.html	動画が視聴できた	視聴できた@視聴できなかった	ロボットはこの情報をあらかじめ知っていた	知っていた@知らなかった	ロボットの反応は自然だった	1. 全くそう思わない@2. あまりそう思わない@3. ややそう思わない@4. どちらとも言えない@5. ややそう思う@6. かなりそう思う@7. 完全にそう思う	ロボットはこの情報に興味を持っている	1. 全くそう思わない@2. あまりそう思わない@3. ややそう思わない@4. どちらとも言えない@5. ややそう思う@6. かなりそう思う@7. 完全にそう思う	ロボットはこの情報に同意している	1. 全くそう思わない@2. あまりそう思わない@3. ややそう思わない@4. どちらとも言えない@5. ややそう思う@6. かなりそう思う@7. 完全にそう思う	
1	0							以下のURLの動画を見て各質問に回答してください。##https://taiga-mori.github.io/questionaire/15hee.html	動画が視聴できた	視聴できた@視聴できなかった	ロボットはこの情報をあらかじめ知っていた	知っていた@知らなかった	ロボットの反応は自然だった	1. 全くそう思わない@2. あまりそう思わない@3. ややそう思わない@4. どちらとも言えない@5. ややそう思う@6. かなりそう思う@7. 完全にそう思う	ロボットはこの情報に興味を持っている	1. 全くそう思わない@2. あまりそう思わない@3. ややそう思わない@4. どちらとも言えない@5. ややそう思う@6. かなりそう思う@7. 完全にそう思う	ロボットはこの情報に同意している	1. 全くそう思わない@2. あまりそう思わない@3. ややそう思わない@4. どちらとも言えない@5. ややそう思う@6. かなりそう思う@7. 完全にそう思う	
1	0							以下のURLの動画を見て各質問に回答してください。##https://taiga-mori.github.io/questionaire/24u.html	動画が視聴できた	視聴できた@視聴できなかった	ロボットはこの情報をあらかじめ知っていた	知っていた@知らなかった	ロボットの反応は自然だった	1. 全くそう思わない@2. あまりそう思わない@3. ややそう思わない@4. どちらとも言えない@5. ややそう思う@6. かなりそう思う@7. 完全にそう思う	ロボットはこの情報に興味を持っている	1. 全くそう思わない@2. あまりそう思わない@3. ややそう思わない@4. どちらとも言えない@5. ややそう思う@6. かなりそう思う@7. 完全にそう思う	ロボットはこの情報に同意している	1. 全くそう思わない@2. あまりそう思わない@3. ややそう思わない@4. どちらとも言えない@5. ややそう思う@6. かなりそう思う@7. 完全にそう思う	
1	0							以下のURLの動画を見て各質問に回答してください。##https://taiga-mori.github.io/questionaire/6uunun.html	動画が視聴できた	視聴できた@視聴できなかった	ロボットはこの情報をあらかじめ知っていた	知っていた@知らなかった	ロボットの反応は自然だった	1. 全くそう思わない@2. あまりそう思わない@3. ややそう思わない@4. どちらとも言えない@5. ややそう思う@6. かなりそう思う@7. 完全にそう思う	ロボットはこの情報に興味を持っている	1. 全くそう思わない@2. あまりそう思わない@3. ややそう思わない@4. どちらとも言えない@5. ややそう思う@6. かなりそう思う@7. 完全にそう思う	ロボットはこの情報に同意している	1. 全くそう思わない@2. あまりそう思わない@3. ややそう思わない@4. どちらとも言えない@5. ややそう思う@6. かなりそう思う@7. 完全にそう思う	
1	0							以下のURLの動画を見て各質問に回答してください。##https://taiga-mori.github.io/questionaire/5uhee.html	動画が視聴できた	視聴できた@視聴できなかった	ロボットはこの情報をあらかじめ知っていた	知っていた@知らなかった	ロボットの反応は自然だった	1. 全くそう思わない@2. あまりそう思わない@3. ややそう思わない@4. どちらとも言えない@5. ややそう思う@6. かなりそう思う@7. 完全にそう思う	ロボットはこの情報に興味を持っている	1. 全くそう思わない@2. あまりそう思わない@3. ややそう思わない@4. どちらとも言えない@5. ややそう思う@6. かなりそう思う@7. 完全にそう思う	ロボットはこの情報に同意している	1. 全くそう思わない@2. あまりそう思わない@3. ややそう思わない@4. どちらとも言えない@5. ややそう思う@6. かなりそう思う@7. 完全にそう思う	
1	0							以下のURLの動画を見て各質問に回答してください。##https://taiga-mori.github.io/questionaire/2dhee.html	動画が視聴できた	視聴できた@視聴できなかった	ロボットはこの情報をあらかじめ知っていた	知っていた@知らなかった	ロボットの反応は自然だった	1. 全くそう思わない@2. あまりそう思わない@3. ややそう思わない@4. どちらとも言えない@5. ややそう思う@6. かなりそう思う@7. 完全にそう思う	ロボットはこの情報に興味を持っている	1. 全くそう思わない@2. あまりそう思わない@3. ややそう思わない@4. どちらとも言えない@5. ややそう思う@6. かなりそう思う@7. 完全にそう思う	ロボットはこの情報に同意している	1. 全くそう思わない@2. あまりそう思わない@3. ややそう思わない@4. どちらとも言えない@5. ややそう思う@6. かなりそう思う@7. 完全にそう思う	
1	0							以下のURLの動画を見て各質問に回答してください。##https://taiga-mori.github.io/questionaire/23aa.html	動画が視聴できた	視聴できた@視聴できなかった	ロボットはこの情報をあらかじめ知っていた	知っていた@知らなかった	ロボットの反応は自然だった	1. 全くそう思わない@2. あまりそう思わない@3. ややそう思わない@4. どちらとも言えない@5. ややそう思う@6. かなりそう思う@7. 完全にそう思う	ロボットはこの情報に興味を持っている	1. 全くそう思わない@2. あまりそう思わない@3. ややそう思わない@4. どちらとも言えない@5. ややそう思う@6. かなりそう思う@7. 完全にそう思う	ロボットはこの情報に同意している	1. 全くそう思わない@2. あまりそう思わない@3. ややそう思わない@4. どちらとも言えない@5. ややそう思う@6. かなりそう思う@7. 完全にそう思う	
1	0							以下のURLの動画を見て各質問に回答してください。##https://taiga-mori.github.io/questionaire/1uaa.html	動画が視聴できた	視聴できた@視聴できなかった	ロボットはこの情報をあらかじめ知っていた	知っていた@知らなかった	ロボットの反応は自然だった	1. 全くそう思わない@2. あまりそう思わない@3. ややそう思わない@4. どちらとも言えない@5. ややそう思う@6. かなりそう思う@7. 完全にそう思う	ロボットはこの情報に興味を持っている	1. 全くそう思わない@2. あまりそう思わない@3. ややそう思わない@4. どちらとも言えない@5. ややそう思う@6. かなりそう思う@7. 完全にそう思う	ロボットはこの情報に同意している	1. 全くそう思わない@2. あまりそう思わない@3. ややそう思わない@4. どちらとも言えない@5. ややそう思う@6. かなりそう思う@7. 完全にそう思う	
1	0							以下のURLの動画を見て各質問に回答してください。##https://taiga-mori.github.io/questionaire/18d.html	動画が視聴できた	視聴できた@視聴できなかった	ロボットはこの情報をあらかじめ知っていた	知っていた@知らなかった	ロボットの反応は自然だった	1. 全くそう思わない@2. あまりそう思わない@3. ややそう思わない@4. どちらとも言えない@5. ややそう思う@6. かなりそう思う@7. 完全にそう思う	ロボットはこの情報に興味を持っている	1. 全くそう思わない@2. あまりそう思わない@3. ややそう思わない@4. どちらとも言えない@5. ややそう思う@6. かなりそう思う@7. 完全にそう思う	ロボットはこの情報に同意している	1. 全くそう思わない@2. あまりそう思わない@3. ややそう思わない@4. どちらとも言えない@5. ややそう思う@6. かなりそう思う@7. 完全にそう思う	
1	0							以下のURLの動画を見て各質問に回答してください。##https://taiga-mori.github.io/questionaire/3usoodane.html	動画が視聴できた	視聴できた@視聴できなかった	ロボットはこの情報をあらかじめ知っていた	知っていた@知らなかった	ロボットの反応は自然だった	1. 全くそう思わない@2. あまりそう思わない@3. ややそう思わない@4. どちらとも言えない@5. ややそう思う@6. かなりそう思う@7. 完全にそう思う	ロボットはこの情報に興味を持っている	1. 全くそう思わない@2. あまりそう思わない@3. ややそう思わない@4. どちらとも言えない@5. ややそう思う@6. かなりそう思う@7. 完全にそう思う	ロボットはこの情報に同意している	1. 全くそう思わない@2. あまりそう思わない@3. ややそう思わない@4. どちらとも言えない@5. ややそう思う@6. かなりそう思う@7. 完全にそう思う	
1	0							以下のURLの動画を見て各質問に回答してください。##https://taiga-mori.github.io/questionaire/13daa.html	動画が視聴できた	視聴できた@視聴できなかった	ロボットはこの情報をあらかじめ知っていた	知っていた@知らなかった	ロボットの反応は自然だった	1. 全くそう思わない@2. あまりそう思わない@3. ややそう思わない@4. どちらとも言えない@5. ややそう思う@6. かなりそう思う@7. 完全にそう思う	ロボットはこの情報に興味を持っている	1. 全くそう思わない@2. あまりそう思わない@3. ややそう思わない@4. どちらとも言えない@5. ややそう思う@6. かなりそう思う@7. 完全にそう思う	ロボットはこの情報に同意している	1. 全くそう思わない@2. あまりそう思わない@3. ややそう思わない@4. どちらとも言えない@5. ややそう思う@6. かなりそう思う@7. 完全にそう思う	
1	0							以下のURLの動画を見て各質問に回答してください。##https://taiga-mori.github.io/questionaire/12soodane.html	動画が視聴できた	視聴できた@視聴できなかった	ロボットはこの情報をあらかじめ知っていた	知っていた@知らなかった	ロボットの反応は自然だった	1. 全くそう思わない@2. あまりそう思わない@3. ややそう思わない@4. どちらとも言えない@5. ややそう思う@6. かなりそう思う@7. 完全にそう思う	ロボットはこの情報に興味を持っている	1. 全くそう思わない@2. あまりそう思わない@3. ややそう思わない@4. どちらとも言えない@5. ややそう思う@6. かなりそう思う@7. 完全にそう思う	ロボットはこの情報に同意している	1. 全くそう思わない@2. あまりそう思わない@3. ややそう思わない@4. どちらとも言えない@5. ややそう思う@6. かなりそう思う@7. 完全にそう思う	
1	0							以下のURLの動画を見て各質問に回答してください。##https://taiga-mori.github.io/questionaire/22u.html	動画が視聴できた	視聴できた@視聴できなかった	ロボットはこの情報をあらかじめ知っていた	知っていた@知らなかった	ロボットの反応は自然だった	1. 全くそう思わない@2. あまりそう思わない@3. ややそう思わない@4. どちらとも言えない@5. ややそう思う@6. かなりそう思う@7. 完全にそう思う	ロボットはこの情報に興味を持っている	1. 全くそう思わない@2. あまりそう思わない@3. ややそう思わない@4. どちらとも言えない@5. ややそう思う@6. かなりそう思う@7. 完全にそう思う	ロボットはこの情報に同意している	1. 全くそう思わない@2. あまりそう思わない@3. ややそう思わない@4. どちらとも言えない@5. ややそう思う@6. かなりそう思う@7. 完全にそう思う	
1	0							以下のURLの動画を見て各質問に回答してください。##https://taiga-mori.github.io/questionaire/9dsoodane.html	動画が視聴できた	視聴できた@視聴できなかった	ロボットはこの情報をあらかじめ知っていた	知っていた@知らなかった	ロボットの反応は自然だった	1. 全くそう思わない@2. あまりそう思わない@3. ややそう思わない@4. どちらとも言えない@5. ややそう思う@6. かなりそう思う@7. 完全にそう思う	ロボットはこの情報に興味を持っている	1. 全くそう思わない@2. あまりそう思わない@3. ややそう思わない@4. どちらとも言えない@5. ややそう思う@6. かなりそう思う@7. 完全にそう思う	ロボットはこの情報に同意している	1. 全くそう思わない@2. あまりそう思わない@3. ややそう思わない@4. どちらとも言えない@5. ややそう思う@6. かなりそう思う@7. 完全にそう思う	
1	0							以下のURLの動画を見て各質問に回答してください。##https://taiga-mori.github.io/questionaire/7soosoo.html	動画が視聴できた	視聴できた@視聴できなかった	ロボットはこの情報をあらかじめ知っていた	知っていた@知らなかった	ロボットの反応は自然だった	1. 全くそう思わない@2. あまりそう思わない@3. ややそう思わない@4. どちらとも言えない@5. ややそう思う@6. かなりそう思う@7. 完全にそう思う	ロボットはこの情報に興味を持っている	1. 全くそう思わない@2. あまりそう思わない@3. ややそう思わない@4. どちらとも言えない@5. ややそう思う@6. かなりそう思う@7. 完全にそう思う	ロボットはこの情報に同意している	1. 全くそう思わない@2. あまりそう思わない@3. ややそう思わない@4. どちらとも言えない@5. ややそう思う@6. かなりそう思う@7. 完全にそう思う	
1	0							以下のURLの動画を見て各質問に回答してください。##https://taiga-mori.github.io/questionaire/20d.html	動画が視聴できた	視聴できた@視聴できなかった	ロボットはこの情報をあらかじめ知っていた	知っていた@知らなかった	ロボットの反応は自然だった	1. 全くそう思わない@2. あまりそう思わない@3. ややそう思わない@4. どちらとも言えない@5. ややそう思う@6. かなりそう思う@7. 完全にそう思う	ロボットはこの情報に興味を持っている	1. 全くそう思わない@2. あまりそう思わない@3. ややそう思わない@4. どちらとも言えない@5. ややそう思う@6. かなりそう思う@7. 完全にそう思う	ロボットはこの情報に同意している	1. 全くそう思わない@2. あまりそう思わない@3. ややそう思わない@4. どちらとも言えない@5. ややそう思う@6. かなりそう思う@7. 完全にそう思う	
1	0							以下のURLの動画を見て各質問に回答してください。##https://taiga-mori.github.io/questionaire/8usoosoo.html	動画が視聴できた	視聴できた@視聴できなかった	ロボットはこの情報をあらかじめ知っていた	知っていた@知らなかった	ロボットの反応は自然だった	1. 全くそう思わない@2. あまりそう思わない@3. ややそう思わない@4. どちらとも言えない@5. ややそう思う@6. かなりそう思う@7. 完全にそう思う	ロボットはこの情報に興味を持っている	1. 全くそう思わない@2. あまりそう思わない@3. ややそう思わない@4. どちらとも言えない@5. ややそう思う@6. かなりそう思う@7. 完全にそう思う	ロボットはこの情報に同意している	1. 全くそう思わない@2. あまりそう思わない@3. ややそう思わない@4. どちらとも言えない@5. ややそう思う@6. かなりそう思う@7. 完全にそう思う	
1	0							以下のURLの動画を見て各質問に回答してください。##https://taiga-mori.github.io/questionaire/17dsoosoo.html	動画が視聴できた	視聴できた@視聴できなかった	ロボットはこの情報をあらかじめ知っていた	知っていた@知らなかった	ロボットの反応は自然だった	1. 全くそう思わない@2. あまりそう思わない@3. ややそう思わない@4. どちらとも言えない@5. ややそう思う@6. かなりそう思う@7. 完全にそう思う	ロボットはこの情報に興味を持っている	1. 全くそう思わない@2. あまりそう思わない@3. ややそう思わない@4. どちらとも言えない@5. ややそう思う@6. かなりそう思う@7. 完全にそう思う	ロボットはこの情報に同意している	1. 全くそう思わない@2. あまりそう思わない@3. ややそう思わない@4. どちらとも言えない@5. ややそう思う@6. かなりそう思う@7. 完全にそう思う	
1	0							以下のURLの動画を見て各質問に回答してください。##https://taiga-mori.github.io/questionaire/21uhuun.html	動画が視聴できた	視聴できた@視聴できなかった	ロボットはこの情報をあらかじめ知っていた	知っていた@知らなかった	ロボットの反応は自然だった	1. 全くそう思わない@2. あまりそう思わない@3. ややそう思わない@4. どちらとも言えない@5. ややそう思う@6. かなりそう思う@7. 完全にそう思う	ロボットはこの情報に興味を持っている	1. 全くそう思わない@2. あまりそう思わない@3. ややそう思わない@4. どちらとも言えない@5. ややそう思う@6. かなりそう思う@7. 完全にそう思う	ロボットはこの情報に同意している	1. 全くそう思わない@2. あまりそう思わない@3. ややそう思わない@4. どちらとも言えない@5. ややそう思う@6. かなりそう思う@7. 完全にそう思う	
1	0							以下のURLの動画を見て各質問に回答してください。##https://taiga-mori.github.io/questionaire/4u.html	動画が視聴できた	視聴できた@視聴できなかった	ロボットはこの情報をあらかじめ知っていた	知っていた@知らなかった	ロボットの反応は自然だった	1. 全くそう思わない@2. あまりそう思わない@3. ややそう思わない@4. どちらとも言えない@5. ややそう思う@6. かなりそう思う@7. 完全にそう思う	ロボットはこの情報に興味を持っている	1. 全くそう思わない@2. あまりそう思わない@3. ややそう思わない@4. どちらとも言えない@5. ややそう思う@6. かなりそう思う@7. 完全にそう思う	ロボットはこの情報に同意している	1. 全くそう思わない@2. あまりそう思わない@3. ややそう思わない@4. どちらとも言えない@5. ややそう思う@6. かなりそう思う@7. 完全にそう思う	
1	0							以下のURLの動画を見て各質問に回答してください。##https://taiga-mori.github.io/questionaire/10huun.html	動画が視聴できた	視聴できた@視聴できなかった	ロボットはこの情報をあらかじめ知っていた	知っていた@知らなかった	ロボットの反応は自然だった	1. 全くそう思わない@2. あまりそう思わない@3. ややそう思わない@4. どちらとも言えない@5. ややそう思う@6. かなりそう思う@7. 完全にそう思う	ロボットはこの情報に興味を持っている	1. 全くそう思わない@2. あまりそう思わない@3. ややそう思わない@4. どちらとも言えない@5. ややそう思う@6. かなりそう思う@7. 完全にそう思う	ロボットはこの情報に同意している	1. 全くそう思わない@2. あまりそう思わない@3. ややそう思わない@4. どちらとも言えない@5. ややそう思う@6. かなりそう思う@7. 完全にそう思う	
1	0							以下のURLの動画を見て各質問に回答してください。##https://taiga-mori.github.io/questionaire/14dhuun.html	動画が視聴できた	視聴できた@視聴できなかった	ロボットはこの情報をあらかじめ知っていた	知っていた@知らなかった	ロボットの反応は自然だった	1. 全くそう思わない@2. あまりそう思わない@3. ややそう思わない@4. どちらとも言えない@5. ややそう思う@6. かなりそう思う@7. 完全にそう思う	ロボットはこの情報に興味を持っている	1. 全くそう思わない@2. あまりそう思わない@3. ややそう思わない@4. どちらとも言えない@5. ややそう思う@6. かなりそう思う@7. 完全にそう思う	ロボットはこの情報に同意している	1. 全くそう思わない@2. あまりそう思わない@3. ややそう思わない@4. どちらとも言えない@5. ややそう思う@6. かなりそう思う@7. 完全にそう思う	
1	0							あなたの年齢と性別を教えてください。	性別	男性@女性@その他@回答したくない	年齢	10代以下@20代@30代@40代@50代@60代@70代以上	質問はありません。「はい」を選択してください。	はい	質問はありません。「はい」を選択してください。	はい	質問はありません。「はい」を選択してください。	はい	
1	0							以下のURLの動画を見て各質問に回答してください。##https://taiga-mori.github.io/questionaire/14u.html	動画が視聴できた	視聴できた@視聴できなかった	ロボットはこの情報をあらかじめ知っていた	知っていた@知らなかった	ロボットの反応は自然だった	1. 全くそう思わない@2. あまりそう思わない@3. ややそう思わない@4. どちらとも言えない@5. ややそう思う@6. かなりそう思う@7. 完全にそう思う	ロボットはこの情報に興味を持っている	1. 全くそう思わない@2. あまりそう思わない@3. ややそう思わない@4. どちらとも言えない@5. ややそう思う@6. かなりそう思う@7. 完全にそう思う	ロボットはこの情報に同意している	1. 全くそう思わない@2. あまりそう思わない@3. ややそう思わない@4. どちらとも言えない@5. ややそう思う@6. かなりそう思う@7. 完全にそう思う	
1	0							以下のURLの動画を見て各質問に回答してください。##https://taiga-mori.github.io/questionaire/4huun.html	動画が視聴できた	視聴できた@視聴できなかった	ロボットはこの情報をあらかじめ知っていた	知っていた@知らなかった	ロボットの反応は自然だった	1. 全くそう思わない@2. あまりそう思わない@3. ややそう思わない@4. どちらとも言えない@5. ややそう思う@6. かなりそう思う@7. 完全にそう思う	ロボットはこの情報に興味を持っている	1. 全くそう思わない@2. あまりそう思わない@3. ややそう思わない@4. どちらとも言えない@5. ややそう思う@6. かなりそう思う@7. 完全にそう思う	ロボットはこの情報に同意している	1. 全くそう思わない@2. あまりそう思わない@3. ややそう思わない@4. どちらとも言えない@5. ややそう思う@6. かなりそう思う@7. 完全にそう思う	
1	0							以下のURLの動画を見て各質問に回答してください。##https://taiga-mori.github.io/questionaire/21dhuun.html	動画が視聴できた	視聴できた@視聴できなかった	ロボットはこの情報をあらかじめ知っていた	知っていた@知らなかった	ロボットの反応は自然だった	1. 全くそう思わない@2. あまりそう思わない@3. ややそう思わない@4. どちらとも言えない@5. ややそう思う@6. かなりそう思う@7. 完全にそう思う	ロボットはこの情報に興味を持っている	1. 全くそう思わない@2. あまりそう思わない@3. ややそう思わない@4. どちらとも言えない@5. ややそう思う@6. かなりそう思う@7. 完全にそう思う	ロボットはこの情報に同意している	1. 全くそう思わない@2. あまりそう思わない@3. ややそう思わない@4. どちらとも言えない@5. ややそう思う@6. かなりそう思う@7. 完全にそう思う	
1	0							以下のURLの動画を見て各質問に回答してください。##https://taiga-mori.github.io/questionaire/16uunun.html	動画が視聴できた	視聴できた@視聴できなかった	ロボットはこの情報をあらかじめ知っていた	知っていた@知らなかった	ロボットの反応は自然だった	1. 全くそう思わない@2. あまりそう思わない@3. ややそう思わない@4. どちらとも言えない@5. ややそう思う@6. かなりそう思う@7. 完全にそう思う	ロボットはこの情報に興味を持っている	1. 全くそう思わない@2. あまりそう思わない@3. ややそう思わない@4. どちらとも言えない@5. ややそう思う@6. かなりそう思う@7. 完全にそう思う	ロボットはこの情報に同意している	1. 全くそう思わない@2. あまりそう思わない@3. ややそう思わない@4. どちらとも言えない@5. ややそう思う@6. かなりそう思う@7. 完全にそう思う	
1	0							以下のURLの動画を見て各質問に回答してください。##https://taiga-mori.github.io/questionaire/9dunun.html	動画が視聴できた	視聴できた@視聴できなかった	ロボットはこの情報をあらかじめ知っていた	知っていた@知らなかった	ロボットの反応は自然だった	1. 全くそう思わない@2. あまりそう思わない@3. ややそう思わない@4. どちらとも言えない@5. ややそう思う@6. かなりそう思う@7. 完全にそう思う	ロボットはこの情報に興味を持っている	1. 全くそう思わない@2. あまりそう思わない@3. ややそう思わない@4. どちらとも言えない@5. ややそう思う@6. かなりそう思う@7. 完全にそう思う	ロボットはこの情報に同意している	1. 全くそう思わない@2. あまりそう思わない@3. ややそう思わない@4. どちらとも言えない@5. ややそう思う@6. かなりそう思う@7. 完全にそう思う	
1	0							以下のURLの動画を見て各質問に回答してください。##https://taiga-mori.github.io/questionaire/22unun.html	動画が視聴できた	視聴できた@視聴できなかった	ロボットはこの情報をあらかじめ知っていた	知っていた@知らなかった	ロボットの反応は自然だった	1. 全くそう思わない@2. あまりそう思わない@3. ややそう思わない@4. どちらとも言えない@5. ややそう思う@6. かなりそう思う@7. 完全にそう思う	ロボットはこの情報に興味を持っている	1. 全くそう思わない@2. あまりそう思わない@3. ややそう思わない@4. どちらとも言えない@5. ややそう思う@6. かなりそう思う@7. 完全にそう思う	ロボットはこの情報に同意している	1. 全くそう思わない@2. あまりそう思わない@3. ややそう思わない@4. どちらとも言えない@5. ややそう思う@6. かなりそう思う@7. 完全にそう思う	
1	0							以下のURLの動画を見て各質問に回答してください。##https://taiga-mori.github.io/questionaire/20d.html	動画が視聴できた	視聴できた@視聴できなかった	ロボットはこの情報をあらかじめ知っていた	知っていた@知らなかった	ロボットの反応は自然だった	1. 全くそう思わない@2. あまりそう思わない@3. ややそう思わない@4. どちらとも言えない@5. ややそう思う@6. かなりそう思う@7. 完全にそう思う	ロボットはこの情報に興味を持っている	1. 全くそう思わない@2. あまりそう思わない@3. ややそう思わない@4. どちらとも言えない@5. ややそう思う@6. かなりそう思う@7. 完全にそう思う	ロボットはこの情報に同意している	1. 全くそう思わない@2. あまりそう思わない@3. ややそう思わない@4. どちらとも言えない@5. ややそう思う@6. かなりそう思う@7. 完全にそう思う	
1	0							以下のURLの動画を見て各質問に回答してください。##https://taiga-mori.github.io/questionaire/5uhuun.html	動画が視聴できた	視聴できた@視聴できなかった	ロボットはこの情報をあらかじめ知っていた	知っていた@知らなかった	ロボットの反応は自然だった	1. 全くそう思わない@2. あまりそう思わない@3. ややそう思わない@4. どちらとも言えない@5. ややそう思う@6. かなりそう思う@7. 完全にそう思う	ロボットはこの情報に興味を持っている	1. 全くそう思わない@2. あまりそう思わない@3. ややそう思わない@4. どちらとも言えない@5. ややそう思う@6. かなりそう思う@7. 完全にそう思う	ロボットはこの情報に同意している	1. 全くそう思わない@2. あまりそう思わない@3. ややそう思わない@4. どちらとも言えない@5. ややそう思う@6. かなりそう思う@7. 完全にそう思う	
1	0							以下のURLの動画を見て各質問に回答してください。##https://taiga-mori.github.io/questionaire/6dsoodane.html	動画が視聴できた	視聴できた@視聴できなかった	ロボットはこの情報をあらかじめ知っていた	知っていた@知らなかった	ロボットの反応は自然だった	1. 全くそう思わない@2. あまりそう思わない@3. ややそう思わない@4. どちらとも言えない@5. ややそう思う@6. かなりそう思う@7. 完全にそう思う	ロボットはこの情報に興味を持っている	1. 全くそう思わない@2. あまりそう思わない@3. ややそう思わない@4. どちらとも言えない@5. ややそう思う@6. かなりそう思う@7. 完全にそう思う	ロボットはこの情報に同意している	1. 全くそう思わない@2. あまりそう思わない@3. ややそう思わない@4. どちらとも言えない@5. ややそう思う@6. かなりそう思う@7. 完全にそう思う	
1	0							以下のURLの動画を見て各質問に回答してください。##https://taiga-mori.github.io/questionaire/19usoodane.html	動画が視聴できた	視聴できた@視聴できなかった	ロボットはこの情報をあらかじめ知っていた	知っていた@知らなかった	ロボットの反応は自然だった	1. 全くそう思わない@2. あまりそう思わない@3. ややそう思わない@4. どちらとも言えない@5. ややそう思う@6. かなりそう思う@7. 完全にそう思う	ロボットはこの情報に興味を持っている	1. 全くそう思わない@2. あまりそう思わない@3. ややそう思わない@4. どちらとも言えない@5. ややそう思う@6. かなりそう思う@7. 完全にそう思う	ロボットはこの情報に同意している	1. 全くそう思わない@2. あまりそう思わない@3. ややそう思わない@4. どちらとも言えない@5. ややそう思う@6. かなりそう思う@7. 完全にそう思う	
1	0							以下のURLの動画を見て各質問に回答してください。##https://taiga-mori.github.io/questionaire/24d.html	動画が視聴できた	視聴できた@視聴できなかった	ロボットはこの情報をあらかじめ知っていた	知っていた@知らなかった	ロボットの反応は自然だった	1. 全くそう思わない@2. あまりそう思わない@3. ややそう思わない@4. どちらとも言えない@5. ややそう思う@6. かなりそう思う@7. 完全にそう思う	ロボットはこの情報に興味を持っている	1. 全くそう思わない@2. あまりそう思わない@3. ややそう思わない@4. どちらとも言えない@5. ややそう思う@6. かなりそう思う@7. 完全にそう思う	ロボットはこの情報に同意している	1. 全くそう思わない@2. あまりそう思わない@3. ややそう思わない@4. どちらとも言えない@5. ややそう思う@6. かなりそう思う@7. 完全にそう思う	
1	0							以下のURLの動画を見て各質問に回答してください。##https://taiga-mori.github.io/questionaire/12soodane.html	動画が視聴できた	視聴できた@視聴できなかった	ロボットはこの情報をあらかじめ知っていた	知っていた@知らなかった	ロボットの反応は自然だった	1. 全くそう思わない@2. あまりそう思わない@3. ややそう思わない@4. どちらとも言えない@5. ややそう思う@6. かなりそう思う@7. 完全にそう思う	ロボットはこの情報に興味を持っている	1. 全くそう思わない@2. あまりそう思わない@3. ややそう思わない@4. どちらとも言えない@5. ややそう思う@6. かなりそう思う@7. 完全にそう思う	ロボットはこの情報に同意している	1. 全くそう思わない@2. あまりそう思わない@3. ややそう思わない@4. どちらとも言えない@5. ややそう思う@6. かなりそう思う@7. 完全にそう思う	
1	0							以下のURLの動画を見て各質問に回答してください。##https://taiga-mori.github.io/questionaire/15hee.html	動画が視聴できた	視聴できた@視聴できなかった	ロボットはこの情報をあらかじめ知っていた	知っていた@知らなかった	ロボットの反応は自然だった	1. 全くそう思わない@2. あまりそう思わない@3. ややそう思わない@4. どちらとも言えない@5. ややそう思う@6. かなりそう思う@7. 完全にそう思う	ロボットはこの情報に興味を持っている	1. 全くそう思わない@2. あまりそう思わない@3. ややそう思わない@4. どちらとも言えない@5. ややそう思う@6. かなりそう思う@7. 完全にそう思う	ロボットはこの情報に同意している	1. 全くそう思わない@2. あまりそう思わない@3. ややそう思わない@4. どちらとも言えない@5. ややそう思う@6. かなりそう思う@7. 完全にそう思う	
1	0							以下のURLの動画を見て各質問に回答してください。##https://taiga-mori.github.io/questionaire/8uhee.html	動画が視聴できた	視聴できた@視聴できなかった	ロボットはこの情報をあらかじめ知っていた	知っていた@知らなかった	ロボットの反応は自然だった	1. 全くそう思わない@2. あまりそう思わない@3. ややそう思わない@4. どちらとも言えない@5. ややそう思う@6. かなりそう思う@7. 完全にそう思う	ロボットはこの情報に興味を持っている	1. 全くそう思わない@2. あまりそう思わない@3. ややそう思わない@4. どちらとも言えない@5. ややそう思う@6. かなりそう思う@7. 完全にそう思う	ロボットはこの情報に同意している	1. 全くそう思わない@2. あまりそう思わない@3. ややそう思わない@4. どちらとも言えない@5. ややそう思う@6. かなりそう思う@7. 完全にそう思う	
1	0							以下のURLの動画を見て各質問に回答してください。##https://taiga-mori.github.io/questionaire/23u.html	動画が視聴できた	視聴できた@視聴できなかった	ロボットはこの情報をあらかじめ知っていた	知っていた@知らなかった	ロボットの反応は自然だった	1. 全くそう思わない@2. あまりそう思わない@3. ややそう思わない@4. どちらとも言えない@5. ややそう思う@6. かなりそう思う@7. 完全にそう思う	ロボットはこの情報に興味を持っている	1. 全くそう思わない@2. あまりそう思わない@3. ややそう思わない@4. どちらとも言えない@5. ややそう思う@6. かなりそう思う@7. 完全にそう思う	ロボットはこの情報に同意している	1. 全くそう思わない@2. あまりそう思わない@3. ややそう思わない@4. どちらとも言えない@5. ややそう思う@6. かなりそう思う@7. 完全にそう思う	
1	0							以下のURLの動画を見て各質問に回答してください。##https://taiga-mori.github.io/questionaire/11dhee.html	動画が視聴できた	視聴できた@視聴できなかった	ロボットはこの情報をあらかじめ知っていた	知っていた@知らなかった	ロボットの反応は自然だった	1. 全くそう思わない@2. あまりそう思わない@3. ややそう思わない@4. どちらとも言えない@5. ややそう思う@6. かなりそう思う@7. 完全にそう思う	ロボットはこの情報に興味を持っている	1. 全くそう思わない@2. あまりそう思わない@3. ややそう思わない@4. どちらとも言えない@5. ややそう思う@6. かなりそう思う@7. 完全にそう思う	ロボットはこの情報に同意している	1. 全くそう思わない@2. あまりそう思わない@3. ややそう思わない@4. どちらとも言えない@5. ややそう思う@6. かなりそう思う@7. 完全にそう思う	
1	0							以下のURLの動画を見て各質問に回答してください。##https://taiga-mori.github.io/questionaire/17dsoosoo.html	動画が視聴できた	視聴できた@視聴できなかった	ロボットはこの情報をあらかじめ知っていた	知っていた@知らなかった	ロボットの反応は自然だった	1. 全くそう思わない@2. あまりそう思わない@3. ややそう思わない@4. どちらとも言えない@5. ややそう思う@6. かなりそう思う@7. 完全にそう思う	ロボットはこの情報に興味を持っている	1. 全くそう思わない@2. あまりそう思わない@3. ややそう思わない@4. どちらとも言えない@5. ややそう思う@6. かなりそう思う@7. 完全にそう思う	ロボットはこの情報に同意している	1. 全くそう思わない@2. あまりそう思わない@3. ややそう思わない@4. どちらとも言えない@5. ややそう思う@6. かなりそう思う@7. 完全にそう思う	
1	0							以下のURLの動画を見て各質問に回答してください。##https://taiga-mori.github.io/questionaire/7u.html	動画が視聴できた	視聴できた@視聴できなかった	ロボットはこの情報をあらかじめ知っていた	知っていた@知らなかった	ロボットの反応は自然だった	1. 全くそう思わない@2. あまりそう思わない@3. ややそう思わない@4. どちらとも言えない@5. ややそう思う@6. かなりそう思う@7. 完全にそう思う	ロボットはこの情報に興味を持っている	1. 全くそう思わない@2. あまりそう思わない@3. ややそう思わない@4. どちらとも言えない@5. ややそう思う@6. かなりそう思う@7. 完全にそう思う	ロボットはこの情報に同意している	1. 全くそう思わない@2. あまりそう思わない@3. ややそう思わない@4. どちらとも言えない@5. ややそう思う@6. かなりそう思う@7. 完全にそう思う	
1	0							以下のURLの動画を見て各質問に回答してください。##https://taiga-mori.github.io/questionaire/18usoosoo.html	動画が視聴できた	視聴できた@視聴できなかった	ロボットはこの情報をあらかじめ知っていた	知っていた@知らなかった	ロボットの反応は自然だった	1. 全くそう思わない@2. あまりそう思わない@3. ややそう思わない@4. どちらとも言えない@5. ややそう思う@6. かなりそう思う@7. 完全にそう思う	ロボットはこの情報に興味を持っている	1. 全くそう思わない@2. あまりそう思わない@3. ややそう思わない@4. どちらとも言えない@5. ややそう思う@6. かなりそう思う@7. 完全にそう思う	ロボットはこの情報に同意している	1. 全くそう思わない@2. あまりそう思わない@3. ややそう思わない@4. どちらとも言えない@5. ややそう思う@6. かなりそう思う@7. 完全にそう思う	
1	0							以下のURLの動画を見て各質問に回答してください。##https://taiga-mori.github.io/questionaire/1uaa.html	動画が視聴できた	視聴できた@視聴できなかった	ロボットはこの情報をあらかじめ知っていた	知っていた@知らなかった	ロボットの反応は自然だった	1. 全くそう思わない@2. あまりそう思わない@3. ややそう思わない@4. どちらとも言えない@5. ややそう思う@6. かなりそう思う@7. 完全にそう思う	ロボットはこの情報に興味を持っている	1. 全くそう思わない@2. あまりそう思わない@3. ややそう思わない@4. どちらとも言えない@5. ややそう思う@6. かなりそう思う@7. 完全にそう思う	ロボットはこの情報に同意している	1. 全くそう思わない@2. あまりそう思わない@3. ややそう思わない@4. どちらとも言えない@5. ややそう思う@6. かなりそう思う@7. 完全にそう思う	
1	0							以下のURLの動画を見て各質問に回答してください。##https://taiga-mori.github.io/questionaire/3aa.html	動画が視聴できた	視聴できた@視聴できなかった	ロボットはこの情報をあらかじめ知っていた	知っていた@知らなかった	ロボットの反応は自然だった	1. 全くそう思わない@2. あまりそう思わない@3. ややそう思わない@4. どちらとも言えない@5. ややそう思う@6. かなりそう思う@7. 完全にそう思う	ロボットはこの情報に興味を持っている	1. 全くそう思わない@2. あまりそう思わない@3. ややそう思わない@4. どちらとも言えない@5. ややそう思う@6. かなりそう思う@7. 完全にそう思う	ロボットはこの情報に同意している	1. 全くそう思わない@2. あまりそう思わない@3. ややそう思わない@4. どちらとも言えない@5. ややそう思う@6. かなりそう思う@7. 完全にそう思う	
1	0							以下のURLの動画を見て各質問に回答してください。##https://taiga-mori.github.io/questionaire/2d.html	動画が視聴できた	視聴できた@視聴できなかった	ロボットはこの情報をあらかじめ知っていた	知っていた@知らなかった	ロボットの反応は自然だった	1. 全くそう思わない@2. あまりそう思わない@3. ややそう思わない@4. どちらとも言えない@5. ややそう思う@6. かなりそう思う@7. 完全にそう思う	ロボットはこの情報に興味を持っている	1. 全くそう思わない@2. あまりそう思わない@3. ややそう思わない@4. どちらとも言えない@5. ややそう思う@6. かなりそう思う@7. 完全にそう思う	ロボットはこの情報に同意している	1. 全くそう思わない@2. あまりそう思わない@3. ややそう思わない@4. どちらとも言えない@5. ややそう思う@6. かなりそう思う@7. 完全にそう思う	
1	0							以下のURLの動画を見て各質問に回答してください。##https://taiga-mori.github.io/questionaire/10soosoo.html	動画が視聴できた	視聴できた@視聴できなかった	ロボットはこの情報をあらかじめ知っていた	知っていた@知らなかった	ロボットの反応は自然だった	1. 全くそう思わない@2. あまりそう思わない@3. ややそう思わない@4. どちらとも言えない@5. ややそう思う@6. かなりそう思う@7. 完全にそう思う	ロボットはこの情報に興味を持っている	1. 全くそう思わない@2. あまりそう思わない@3. ややそう思わない@4. どちらとも言えない@5. ややそう思う@6. かなりそう思う@7. 完全にそう思う	ロボットはこの情報に同意している	1. 全くそう思わない@2. あまりそう思わない@3. ややそう思わない@4. どちらとも言えない@5. ややそう思う@6. かなりそう思う@7. 完全にそう思う	
1	0							以下のURLの動画を見て各質問に回答してください。##https://taiga-mori.github.io/questionaire/13daa.html	動画が視聴できた	視聴できた@視聴できなかった	ロボットはこの情報をあらかじめ知っていた	知っていた@知らなかった	ロボットの反応は自然だった	1. 全くそう思わない@2. あまりそう思わない@3. ややそう思わない@4. どちらとも言えない@5. ややそう思う@6. かなりそう思う@7. 完全にそう思う	ロボットはこの情報に興味を持っている	1. 全くそう思わない@2. あまりそう思わない@3. ややそう思わない@4. どちらとも言えない@5. ややそう思う@6. かなりそう思う@7. 完全にそう思う	ロボットはこの情報に同意している	1. 全くそう思わない@2. あまりそう思わない@3. ややそう思わない@4. どちらとも言えない@5. ややそう思う@6. かなりそう思う@7. 完全にそう思う	
1	0							あなたの年齢と性別を教えてください。	性別	男性@女性@その他@回答したくない	年齢	10代以下@20代@30代@40代@50代@60代@70代以上	質問はありません。「はい」を選択してください。	はい	質問はありません。「はい」を選択してください。	はい	質問はありません。「はい」を選択してください。	はい	
1	0							以下のURLの動画を見て各質問に回答してください。##https://taiga-mori.github.io/questionaire/8uunun.html	動画が視聴できた	視聴できた@視聴できなかった	ロボットはこの情報をあらかじめ知っていた	知っていた@知らなかった	ロボットの反応は自然だった	1. 全くそう思わない@2. あまりそう思わない@3. ややそう思わない@4. どちらとも言えない@5. ややそう思う@6. かなりそう思う@7. 完全にそう思う	ロボットはこの情報に興味を持っている	1. 全くそう思わない@2. あまりそう思わない@3. ややそう思わない@4. どちらとも言えない@5. ややそう思う@6. かなりそう思う@7. 完全にそう思う	ロボットはこの情報に同意している	1. 全くそう思わない@2. あまりそう思わない@3. ややそう思わない@4. どちらとも言えない@5. ややそう思う@6. かなりそう思う@7. 完全にそう思う	
1	0							以下のURLの動画を見て各質問に回答してください。##https://taiga-mori.github.io/questionaire/14uaa.html	動画が視聴できた	視聴できた@視聴できなかった	ロボットはこの情報をあらかじめ知っていた	知っていた@知らなかった	ロボットの反応は自然だった	1. 全くそう思わない@2. あまりそう思わない@3. ややそう思わない@4. どちらとも言えない@5. ややそう思う@6. かなりそう思う@7. 完全にそう思う	ロボットはこの情報に興味を持っている	1. 全くそう思わない@2. あまりそう思わない@3. ややそう思わない@4. どちらとも言えない@5. ややそう思う@6. かなりそう思う@7. 完全にそう思う	ロボットはこの情報に同意している	1. 全くそう思わない@2. あまりそう思わない@3. ややそう思わない@4. どちらとも言えない@5. ややそう思う@6. かなりそう思う@7. 完全にそう思う	
1	0							以下のURLの動画を見て各質問に回答してください。##https://taiga-mori.github.io/questionaire/23unun.html	動画が視聴できた	視聴できた@視聴できなかった	ロボットはこの情報をあらかじめ知っていた	知っていた@知らなかった	ロボットの反応は自然だった	1. 全くそう思わない@2. あまりそう思わない@3. ややそう思わない@4. どちらとも言えない@5. ややそう思う@6. かなりそう思う@7. 完全にそう思う	ロボットはこの情報に興味を持っている	1. 全くそう思わない@2. あまりそう思わない@3. ややそう思わない@4. どちらとも言えない@5. ややそう思う@6. かなりそう思う@7. 完全にそう思う	ロボットはこの情報に同意している	1. 全くそう思わない@2. あまりそう思わない@3. ややそう思わない@4. どちらとも言えない@5. ややそう思う@6. かなりそう思う@7. 完全にそう思う	
1	0							以下のURLの動画を見て各質問に回答してください。##https://taiga-mori.github.io/questionaire/24aa.html	動画が視聴できた	視聴できた@視聴できなかった	ロボットはこの情報をあらかじめ知っていた	知っていた@知らなかった	ロボットの反応は自然だった	1. 全くそう思わない@2. あまりそう思わない@3. ややそう思わない@4. どちらとも言えない@5. ややそう思う@6. かなりそう思う@7. 完全にそう思う	ロボットはこの情報に興味を持っている	1. 全くそう思わない@2. あまりそう思わない@3. ややそう思わない@4. どちらとも言えない@5. ややそう思う@6. かなりそう思う@7. 完全にそう思う	ロボットはこの情報に同意している	1. 全くそう思わない@2. あまりそう思わない@3. ややそう思わない@4. どちらとも言えない@5. ややそう思う@6. かなりそう思う@7. 完全にそう思う	
1	0							以下のURLの動画を見て各質問に回答してください。##https://taiga-mori.github.io/questionaire/11daa.html	動画が視聴できた	視聴できた@視聴できなかった	ロボットはこの情報をあらかじめ知っていた	知っていた@知らなかった	ロボットの反応は自然だった	1. 全くそう思わない@2. あまりそう思わない@3. ややそう思わない@4. どちらとも言えない@5. ややそう思う@6. かなりそう思う@7. 完全にそう思う	ロボットはこの情報に興味を持っている	1. 全くそう思わない@2. あまりそう思わない@3. ややそう思わない@4. どちらとも言えない@5. ややそう思う@6. かなりそう思う@7. 完全にそう思う	ロボットはこの情報に同意している	1. 全くそう思わない@2. あまりそう思わない@3. ややそう思わない@4. どちらとも言えない@5. ややそう思う@6. かなりそう思う@7. 完全にそう思う	
1	0							以下のURLの動画を見て各質問に回答してください。##https://taiga-mori.github.io/questionaire/5dunun.html	動画が視聴できた	視聴できた@視聴できなかった	ロボットはこの情報をあらかじめ知っていた	知っていた@知らなかった	ロボットの反応は自然だった	1. 全くそう思わない@2. あまりそう思わない@3. ややそう思わない@4. どちらとも言えない@5. ややそう思う@6. かなりそう思う@7. 完全にそう思う	ロボットはこの情報に興味を持っている	1. 全くそう思わない@2. あまりそう思わない@3. ややそう思わない@4. どちらとも言えない@5. ややそう思う@6. かなりそう思う@7. 完全にそう思う	ロボットはこの情報に同意している	1. 全くそう思わない@2. あまりそう思わない@3. ややそう思わない@4. どちらとも言えない@5. ややそう思う@6. かなりそう思う@7. 完全にそう思う	
1	0							以下のURLの動画を見て各質問に回答してください。##https://taiga-mori.github.io/questionaire/22u.html	動画が視聴できた	視聴できた@視聴できなかった	ロボットはこの情報をあらかじめ知っていた	知っていた@知らなかった	ロボットの反応は自然だった	1. 全くそう思わない@2. あまりそう思わない@3. ややそう思わない@4. どちらとも言えない@5. ややそう思う@6. かなりそう思う@7. 完全にそう思う	ロボットはこの情報に興味を持っている	1. 全くそう思わない@2. あまりそう思わない@3. ややそう思わない@4. どちらとも言えない@5. ややそう思う@6. かなりそう思う@7. 完全にそう思う	ロボットはこの情報に同意している	1. 全くそう思わない@2. あまりそう思わない@3. ややそう思わない@4. どちらとも言えない@5. ややそう思う@6. かなりそう思う@7. 完全にそう思う	
1	0							以下のURLの動画を見て各質問に回答してください。##https://taiga-mori.github.io/questionaire/1d.html	動画が視聴できた	視聴できた@視聴できなかった	ロボットはこの情報をあらかじめ知っていた	知っていた@知らなかった	ロボットの反応は自然だった	1. 全くそう思わない@2. あまりそう思わない@3. ややそう思わない@4. どちらとも言えない@5. ややそう思う@6. かなりそう思う@7. 完全にそう思う	ロボットはこの情報に興味を持っている	1. 全くそう思わない@2. あまりそう思わない@3. ややそう思わない@4. どちらとも言えない@5. ややそう思う@6. かなりそう思う@7. 完全にそう思う	ロボットはこの情報に同意している	1. 全くそう思わない@2. あまりそう思わない@3. ややそう思わない@4. どちらとも言えない@5. ややそう思う@6. かなりそう思う@7. 完全にそう思う	
1	0							以下のURLの動画を見て各質問に回答してください。##https://taiga-mori.github.io/questionaire/17u.html	動画が視聴できた	視聴できた@視聴できなかった	ロボットはこの情報をあらかじめ知っていた	知っていた@知らなかった	ロボットの反応は自然だった	1. 全くそう思わない@2. あまりそう思わない@3. ややそう思わない@4. どちらとも言えない@5. ややそう思う@6. かなりそう思う@7. 完全にそう思う	ロボットはこの情報に興味を持っている	1. 全くそう思わない@2. あまりそう思わない@3. ややそう思わない@4. どちらとも言えない@5. ややそう思う@6. かなりそう思う@7. 完全にそう思う	ロボットはこの情報に同意している	1. 全くそう思わない@2. あまりそう思わない@3. ややそう思わない@4. どちらとも言えない@5. ややそう思う@6. かなりそう思う@7. 完全にそう思う	
1	0							以下のURLの動画を見て各質問に回答してください。##https://taiga-mori.github.io/questionaire/19uhuun.html	動画が視聴できた	視聴できた@視聴できなかった	ロボットはこの情報をあらかじめ知っていた	知っていた@知らなかった	ロボットの反応は自然だった	1. 全くそう思わない@2. あまりそう思わない@3. ややそう思わない@4. どちらとも言えない@5. ややそう思う@6. かなりそう思う@7. 完全にそう思う	ロボットはこの情報に興味を持っている	1. 全くそう思わない@2. あまりそう思わない@3. ややそう思わない@4. どちらとも言えない@5. ややそう思う@6. かなりそう思う@7. 完全にそう思う	ロボットはこの情報に同意している	1. 全くそう思わない@2. あまりそう思わない@3. ややそう思わない@4. どちらとも言えない@5. ややそう思う@6. かなりそう思う@7. 完全にそう思う	
1	0							以下のURLの動画を見て各質問に回答してください。##https://taiga-mori.github.io/questionaire/3dhuun.html	動画が視聴できた	視聴できた@視聴できなかった	ロボットはこの情報をあらかじめ知っていた	知っていた@知らなかった	ロボットの反応は自然だった	1. 全くそう思わない@2. あまりそう思わない@3. ややそう思わない@4. どちらとも言えない@5. ややそう思う@6. かなりそう思う@7. 完全にそう思う	ロボットはこの情報に興味を持っている	1. 全くそう思わない@2. あまりそう思わない@3. ややそう思わない@4. どちらとも言えない@5. ややそう思う@6. かなりそう思う@7. 完全にそう思う	ロボットはこの情報に同意している	1. 全くそう思わない@2. あまりそう思わない@3. ややそう思わない@4. どちらとも言えない@5. ややそう思う@6. かなりそう思う@7. 完全にそう思う	
1	0							以下のURLの動画を見て各質問に回答してください。##https://taiga-mori.github.io/questionaire/4dsoodane.html	動画が視聴できた	視聴できた@視聴できなかった	ロボットはこの情報をあらかじめ知っていた	知っていた@知らなかった	ロボットの反応は自然だった	1. 全くそう思わない@2. あまりそう思わない@3. ややそう思わない@4. どちらとも言えない@5. ややそう思う@6. かなりそう思う@7. 完全にそう思う	ロボットはこの情報に興味を持っている	1. 全くそう思わない@2. あまりそう思わない@3. ややそう思わない@4. どちらとも言えない@5. ややそう思う@6. かなりそう思う@7. 完全にそう思う	ロボットはこの情報に同意している	1. 全くそう思わない@2. あまりそう思わない@3. ややそう思わない@4. どちらとも言えない@5. ややそう思う@6. かなりそう思う@7. 完全にそう思う	
1	0							以下のURLの動画を見て各質問に回答してください。##https://taiga-mori.github.io/questionaire/18soodane.html	動画が視聴できた	視聴できた@視聴できなかった	ロボットはこの情報をあらかじめ知っていた	知っていた@知らなかった	ロボットの反応は自然だった	1. 全くそう思わない@2. あまりそう思わない@3. ややそう思わない@4. どちらとも言えない@5. ややそう思う@6. かなりそう思う@7. 完全にそう思う	ロボットはこの情報に興味を持っている	1. 全くそう思わない@2. あまりそう思わない@3. ややそう思わない@4. どちらとも言えない@5. ややそう思う@6. かなりそう思う@7. 完全にそう思う	ロボットはこの情報に同意している	1. 全くそう思わない@2. あまりそう思わない@3. ややそう思わない@4. どちらとも言えない@5. ややそう思う@6. かなりそう思う@7. 完全にそう思う	
1	0							以下のURLの動画を見て各質問に回答してください。##https://taiga-mori.github.io/questionaire/2usoodane.html	動画が視聴できた	視聴できた@視聴できなかった	ロボットはこの情報をあらかじめ知っていた	知っていた@知らなかった	ロボットの反応は自然だった	1. 全くそう思わない@2. あまりそう思わない@3. ややそう思わない@4. どちらとも言えない@5. ややそう思う@6. かなりそう思う@7. 完全にそう思う	ロボットはこの情報に興味を持っている	1. 全くそう思わない@2. あまりそう思わない@3. ややそう思わない@4. どちらとも言えない@5. ややそう思う@6. かなりそう思う@7. 完全にそう思う	ロボットはこの情報に同意している	1. 全くそう思わない@2. あまりそう思わない@3. ややそう思わない@4. どちらとも言えない@5. ややそう思う@6. かなりそう思う@7. 完全にそう思う	
1	0							以下のURLの動画を見て各質問に回答してください。##https://taiga-mori.github.io/questionaire/10huun.html	動画が視聴できた	視聴できた@視聴できなかった	ロボットはこの情報をあらかじめ知っていた	知っていた@知らなかった	ロボットの反応は自然だった	1. 全くそう思わない@2. あまりそう思わない@3. ややそう思わない@4. どちらとも言えない@5. ややそう思う@6. かなりそう思う@7. 完全にそう思う	ロボットはこの情報に興味を持っている	1. 全くそう思わない@2. あまりそう思わない@3. ややそう思わない@4. どちらとも言えない@5. ややそう思う@6. かなりそう思う@7. 完全にそう思う	ロボットはこの情報に同意している	1. 全くそう思わない@2. あまりそう思わない@3. ややそう思わない@4. どちらとも言えない@5. ややそう思う@6. かなりそう思う@7. 完全にそう思う	
1	0							以下のURLの動画を見て各質問に回答してください。##https://taiga-mori.github.io/questionaire/12d.html	動画が視聴できた	視聴できた@視聴できなかった	ロボットはこの情報をあらかじめ知っていた	知っていた@知らなかった	ロボットの反応は自然だった	1. 全くそう思わない@2. あまりそう思わない@3. ややそう思わない@4. どちらとも言えない@5. ややそう思う@6. かなりそう思う@7. 完全にそう思う	ロボットはこの情報に興味を持っている	1. 全くそう思わない@2. あまりそう思わない@3. ややそう思わない@4. どちらとも言えない@5. ややそう思う@6. かなりそう思う@7. 完全にそう思う	ロボットはこの情報に同意している	1. 全くそう思わない@2. あまりそう思わない@3. ややそう思わない@4. どちらとも言えない@5. ややそう思う@6. かなりそう思う@7. 完全にそう思う	
1	0							以下のURLの動画を見て各質問に回答してください。##https://taiga-mori.github.io/questionaire/20u.html	動画が視聴できた	視聴できた@視聴できなかった	ロボットはこの情報をあらかじめ知っていた	知っていた@知らなかった	ロボットの反応は自然だった	1. 全くそう思わない@2. あまりそう思わない@3. ややそう思わない@4. どちらとも言えない@5. ややそう思う@6. かなりそう思う@7. 完全にそう思う	ロボットはこの情報に興味を持っている	1. 全くそう思わない@2. あまりそう思わない@3. ややそう思わない@4. どちらとも言えない@5. ややそう思う@6. かなりそう思う@7. 完全にそう思う	ロボットはこの情報に同意している	1. 全くそう思わない@2. あまりそう思わない@3. ややそう思わない@4. どちらとも言えない@5. ややそう思う@6. かなりそう思う@7. 完全にそう思う	
1	0							以下のURLの動画を見て各質問に回答してください。##https://taiga-mori.github.io/questionaire/13soosoo.html	動画が視聴できた	視聴できた@視聴できなかった	ロボットはこの情報をあらかじめ知っていた	知っていた@知らなかった	ロボットの反応は自然だった	1. 全くそう思わない@2. あまりそう思わない@3. ややそう思わない@4. どちらとも言えない@5. ややそう思う@6. かなりそう思う@7. 完全にそう思う	ロボットはこの情報に興味を持っている	1. 全くそう思わない@2. あまりそう思わない@3. ややそう思わない@4. どちらとも言えない@5. ややそう思う@6. かなりそう思う@7. 完全にそう思う	ロボットはこの情報に同意している	1. 全くそう思わない@2. あまりそう思わない@3. ややそう思わない@4. どちらとも言えない@5. ややそう思う@6. かなりそう思う@7. 完全にそう思う	
1	0							以下のURLの動画を見て各質問に回答してください。##https://taiga-mori.github.io/questionaire/7uhee.html	動画が視聴できた	視聴できた@視聴できなかった	ロボットはこの情報をあらかじめ知っていた	知っていた@知らなかった	ロボットの反応は自然だった	1. 全くそう思わない@2. あまりそう思わない@3. ややそう思わない@4. どちらとも言えない@5. ややそう思う@6. かなりそう思う@7. 完全にそう思う	ロボットはこの情報に興味を持っている	1. 全くそう思わない@2. あまりそう思わない@3. ややそう思わない@4. どちらとも言えない@5. ややそう思う@6. かなりそう思う@7. 完全にそう思う	ロボットはこの情報に同意している	1. 全くそう思わない@2. あまりそう思わない@3. ややそう思わない@4. どちらとも言えない@5. ややそう思う@6. かなりそう思う@7. 完全にそう思う	
1	0							以下のURLの動画を見て各質問に回答してください。##https://taiga-mori.github.io/questionaire/15hee.html	動画が視聴できた	視聴できた@視聴できなかった	ロボットはこの情報をあらかじめ知っていた	知っていた@知らなかった	ロボットの反応は自然だった	1. 全くそう思わない@2. あまりそう思わない@3. ややそう思わない@4. どちらとも言えない@5. ややそう思う@6. かなりそう思う@7. 完全にそう思う	ロボットはこの情報に興味を持っている	1. 全くそう思わない@2. あまりそう思わない@3. ややそう思わない@4. どちらとも言えない@5. ややそう思う@6. かなりそう思う@7. 完全にそう思う	ロボットはこの情報に同意している	1. 全くそう思わない@2. あまりそう思わない@3. ややそう思わない@4. どちらとも言えない@5. ややそう思う@6. かなりそう思う@7. 完全にそう思う	
1	0							以下のURLの動画を見て各質問に回答してください。##https://taiga-mori.github.io/questionaire/16dsoosoo.html	動画が視聴できた	視聴できた@視聴できなかった	ロボットはこの情報をあらかじめ知っていた	知っていた@知らなかった	ロボットの反応は自然だった	1. 全くそう思わない@2. あまりそう思わない@3. ややそう思わない@4. どちらとも言えない@5. ややそう思う@6. かなりそう思う@7. 完全にそう思う	ロボットはこの情報に興味を持っている	1. 全くそう思わない@2. あまりそう思わない@3. ややそう思わない@4. どちらとも言えない@5. ややそう思う@6. かなりそう思う@7. 完全にそう思う	ロボットはこの情報に同意している	1. 全くそう思わない@2. あまりそう思わない@3. ややそう思わない@4. どちらとも言えない@5. ややそう思う@6. かなりそう思う@7. 完全にそう思う	
1	0							以下のURLの動画を見て各質問に回答してください。##https://taiga-mori.github.io/questionaire/6d.html	動画が視聴できた	視聴できた@視聴できなかった	ロボットはこの情報をあらかじめ知っていた	知っていた@知らなかった	ロボットの反応は自然だった	1. 全くそう思わない@2. あまりそう思わない@3. ややそう思わない@4. どちらとも言えない@5. ややそう思う@6. かなりそう思う@7. 完全にそう思う	ロボットはこの情報に興味を持っている	1. 全くそう思わない@2. あまりそう思わない@3. ややそう思わない@4. どちらとも言えない@5. ややそう思う@6. かなりそう思う@7. 完全にそう思う	ロボットはこの情報に同意している	1. 全くそう思わない@2. あまりそう思わない@3. ややそう思わない@4. どちらとも言えない@5. ややそう思う@6. かなりそう思う@7. 完全にそう思う	
1	0							以下のURLの動画を見て各質問に回答してください。##https://taiga-mori.github.io/questionaire/9dhee.html	動画が視聴できた	視聴できた@視聴できなかった	ロボットはこの情報をあらかじめ知っていた	知っていた@知らなかった	ロボットの反応は自然だった	1. 全くそう思わない@2. あまりそう思わない@3. ややそう思わない@4. どちらとも言えない@5. ややそう思う@6. かなりそう思う@7. 完全にそう思う	ロボットはこの情報に興味を持っている	1. 全くそう思わない@2. あまりそう思わない@3. ややそう思わない@4. どちらとも言えない@5. ややそう思う@6. かなりそう思う@7. 完全にそう思う	ロボットはこの情報に同意している	1. 全くそう思わない@2. あまりそう思わない@3. ややそう思わない@4. どちらとも言えない@5. ややそう思う@6. かなりそう思う@7. 完全にそう思う	
1	0							以下のURLの動画を見て各質問に回答してください。##https://taiga-mori.github.io/questionaire/21usoosoo.html	動画が視聴できた	視聴できた@視聴できなかった	ロボットはこの情報をあらかじめ知っていた	知っていた@知らなかった	ロボットの反応は自然だった	1. 全くそう思わない@2. あまりそう思わない@3. ややそう思わない@4. どちらとも言えない@5. ややそう思う@6. かなりそう思う@7. 完全にそう思う	ロボットはこの情報に興味を持っている	1. 全くそう思わない@2. あまりそう思わない@3. ややそう思わない@4. どちらとも言えない@5. ややそう思う@6. かなりそう思う@7. 完全にそう思う	ロボットはこの情報に同意している	1. 全くそう思わない@2. あまりそう思わない@3. ややそう思わない@4. どちらとも言えない@5. ややそう思う@6. かなりそう思う@7. 完全にそう思う	
1	0							あなたの年齢と性別を教えてください。	性別	男性@女性@その他@回答したくない	年齢	10代以下@20代@30代@40代@50代@60代@70代以上	質問はありません。「はい」を選択してください。	はい	質問はありません。「はい」を選択してください。	はい	質問はありません。「はい」を選択してください。	はい	
1	0							以下のURLの動画を見て各質問に回答してください。##https://taiga-mori.github.io/questionaire/5dunun.html	動画が視聴できた	視聴できた@視聴できなかった	ロボットはこの情報をあらかじめ知っていた	知っていた@知らなかった	ロボットの反応は自然だった	1. 全くそう思わない@2. あまりそう思わない@3. ややそう思わない@4. どちらとも言えない@5. ややそう思う@6. かなりそう思う@7. 完全にそう思う	ロボットはこの情報に興味を持っている	1. 全くそう思わない@2. あまりそう思わない@3. ややそう思わない@4. どちらとも言えない@5. ややそう思う@6. かなりそう思う@7. 完全にそう思う	ロボットはこの情報に同意している	1. 全くそう思わない@2. あまりそう思わない@3. ややそう思わない@4. どちらとも言えない@5. ややそう思う@6. かなりそう思う@7. 完全にそう思う	
1	0							以下のURLの動画を見て各質問に回答してください。##https://taiga-mori.github.io/questionaire/7huun.html	動画が視聴できた	視聴できた@視聴できなかった	ロボットはこの情報をあらかじめ知っていた	知っていた@知らなかった	ロボットの反応は自然だった	1. 全くそう思わない@2. あまりそう思わない@3. ややそう思わない@4. どちらとも言えない@5. ややそう思う@6. かなりそう思う@7. 完全にそう思う	ロボットはこの情報に興味を持っている	1. 全くそう思わない@2. あまりそう思わない@3. ややそう思わない@4. どちらとも言えない@5. ややそう思う@6. かなりそう思う@7. 完全にそう思う	ロボットはこの情報に同意している	1. 全くそう思わない@2. あまりそう思わない@3. ややそう思わない@4. どちらとも言えない@5. ややそう思う@6. かなりそう思う@7. 完全にそう思う	
1	0							以下のURLの動画を見て各質問に回答してください。##https://taiga-mori.github.io/questionaire/22d.html	動画が視聴できた	視聴できた@視聴できなかった	ロボットはこの情報をあらかじめ知っていた	知っていた@知らなかった	ロボットの反応は自然だった	1. 全くそう思わない@2. あまりそう思わない@3. ややそう思わない@4. どちらとも言えない@5. ややそう思う@6. かなりそう思う@7. 完全にそう思う	ロボットはこの情報に興味を持っている	1. 全くそう思わない@2. あまりそう思わない@3. ややそう思わない@4. どちらとも言えない@5. ややそう思う@6. かなりそう思う@7. 完全にそう思う	ロボットはこの情報に同意している	1. 全くそう思わない@2. あまりそう思わない@3. ややそう思わない@4. どちらとも言えない@5. ややそう思う@6. かなりそう思う@7. 完全にそう思う	
1	0							以下のURLの動画を見て各質問に回答してください。##https://taiga-mori.github.io/questionaire/12dhuun.html	動画が視聴できた	視聴できた@視聴できなかった	ロボットはこの情報をあらかじめ知っていた	知っていた@知らなかった	ロボットの反応は自然だった	1. 全くそう思わない@2. あまりそう思わない@3. ややそう思わない@4. どちらとも言えない@5. ややそう思う@6. かなりそう思う@7. 完全にそう思う	ロボットはこの情報に興味を持っている	1. 全くそう思わない@2. あまりそう思わない@3. ややそう思わない@4. どちらとも言えない@5. ややそう思う@6. かなりそう思う@7. 完全にそう思う	ロボットはこの情報に同意している	1. 全くそう思わない@2. あまりそう思わない@3. ややそう思わない@4. どちらとも言えない@5. ややそう思う@6. かなりそう思う@7. 完全にそう思う	
1	0							以下のURLの動画を見て各質問に回答してください。##https://taiga-mori.github.io/questionaire/13uhuun.html	動画が視聴できた	視聴できた@視聴できなかった	ロボットはこの情報をあらかじめ知っていた	知っていた@知らなかった	ロボットの反応は自然だった	1. 全くそう思わない@2. あまりそう思わない@3. ややそう思わない@4. どちらとも言えない@5. ややそう思う@6. かなりそう思う@7. 完全にそう思う	ロボットはこの情報に興味を持っている	1. 全くそう思わない@2. あまりそう思わない@3. ややそう思わない@4. どちらとも言えない@5. ややそう思う@6. かなりそう思う@7. 完全にそう思う	ロボットはこの情報に同意している	1. 全くそう思わない@2. あまりそう思わない@3. ややそう思わない@4. どちらとも言えない@5. ややそう思う@6. かなりそう思う@7. 完全にそう思う	
1	0							以下のURLの動画を見て各質問に回答してください。##https://taiga-mori.github.io/questionaire/10uunun.html	動画が視聴できた	視聴できた@視聴できなかった	ロボットはこの情報をあらかじめ知っていた	知っていた@知らなかった	ロボットの反応は自然だった	1. 全くそう思わない@2. あまりそう思わない@3. ややそう思わない@4. どちらとも言えない@5. ややそう思う@6. かなりそう思う@7. 完全にそう思う	ロボットはこの情報に興味を持っている	1. 全くそう思わない@2. あまりそう思わない@3. ややそう思わない@4. どちらとも言えない@5. ややそう思う@6. かなりそう思う@7. 完全にそう思う	ロボットはこの情報に同意している	1. 全くそう思わない@2. あまりそう思わない@3. ややそう思わない@4. どちらとも言えない@5. ややそう思う@6. かなりそう思う@7. 完全にそう思う	
1	0							以下のURLの動画を見て各質問に回答してください。##https://taiga-mori.github.io/questionaire/1u.html	動画が視聴できた	視聴できた@視聴できなかった	ロボットはこの情報をあらかじめ知っていた	知っていた@知らなかった	ロボットの反応は自然だった	1. 全くそう思わない@2. あまりそう思わない@3. ややそう思わない@4. どちらとも言えない@5. ややそう思う@6. かなりそう思う@7. 完全にそう思う	ロボットはこの情報に興味を持っている	1. 全くそう思わない@2. あまりそう思わない@3. ややそう思わない@4. どちらとも言えない@5. ややそう思う@6. かなりそう思う@7. 完全にそう思う	ロボットはこの情報に同意している	1. 全くそう思わない@2. あまりそう思わない@3. ややそう思わない@4. どちらとも言えない@5. ややそう思う@6. かなりそう思う@7. 完全にそう思う	
1	0							以下のURLの動画を見て各質問に回答してください。##https://taiga-mori.github.io/questionaire/15unun.html	動画が視聴できた	視聴できた@視聴できなかった	ロボットはこの情報をあらかじめ知っていた	知っていた@知らなかった	ロボットの反応は自然だった	1. 全くそう思わない@2. あまりそう思わない@3. ややそう思わない@4. どちらとも言えない@5. ややそう思う@6. かなりそう思う@7. 完全にそう思う	ロボットはこの情報に興味を持っている	1. 全くそう思わない@2. あまりそう思わない@3. ややそう思わない@4. どちらとも言えない@5. ややそう思う@6. かなりそう思う@7. 完全にそう思う	ロボットはこの情報に同意している	1. 全くそう思わない@2. あまりそう思わない@3. ややそう思わない@4. どちらとも言えない@5. ややそう思う@6. かなりそう思う@7. 完全にそう思う	
1	0							以下のURLの動画を見て各質問に回答してください。##https://taiga-mori.github.io/questionaire/14uhee.html	動画が視聴できた	視聴できた@視聴できなかった	ロボットはこの情報をあらかじめ知っていた	知っていた@知らなかった	ロボットの反応は自然だった	1. 全くそう思わない@2. あまりそう思わない@3. ややそう思わない@4. どちらとも言えない@5. ややそう思う@6. かなりそう思う@7. 完全にそう思う	ロボットはこの情報に興味を持っている	1. 全くそう思わない@2. あまりそう思わない@3. ややそう思わない@4. どちらとも言えない@5. ややそう思う@6. かなりそう思う@7. 完全にそう思う	ロボットはこの情報に同意している	1. 全くそう思わない@2. あまりそう思わない@3. ややそう思わない@4. どちらとも言えない@5. ややそう思う@6. かなりそう思う@7. 完全にそう思う	
1	0							以下のURLの動画を見て各質問に回答してください。##https://taiga-mori.github.io/questionaire/23dhee.html	動画が視聴できた	視聴できた@視聴できなかった	ロボットはこの情報をあらかじめ知っていた	知っていた@知らなかった	ロボットの反応は自然だった	1. 全くそう思わない@2. あまりそう思わない@3. ややそう思わない@4. どちらとも言えない@5. ややそう思う@6. かなりそう思う@7. 完全にそう思う	ロボットはこの情報に興味を持っている	1. 全くそう思わない@2. あまりそう思わない@3. ややそう思わない@4. どちらとも言えない@5. ややそう思う@6. かなりそう思う@7. 完全にそう思う	ロボットはこの情報に同意している	1. 全くそう思わない@2. あまりそう思わない@3. ややそう思わない@4. どちらとも言えない@5. ややそう思う@6. かなりそう思う@7. 完全にそう思う	
1	0							以下のURLの動画を見て各質問に回答してください。##https://taiga-mori.github.io/questionaire/2soosoo.html	動画が視聴できた	視聴できた@視聴できなかった	ロボットはこの情報をあらかじめ知っていた	知っていた@知らなかった	ロボットの反応は自然だった	1. 全くそう思わない@2. あまりそう思わない@3. ややそう思わない@4. どちらとも言えない@5. ややそう思う@6. かなりそう思う@7. 完全にそう思う	ロボットはこの情報に興味を持っている	1. 全くそう思わない@2. あまりそう思わない@3. ややそう思わない@4. どちらとも言えない@5. ややそう思う@6. かなりそう思う@7. 完全にそう思う	ロボットはこの情報に同意している	1. 全くそう思わない@2. あまりそう思わない@3. ややそう思わない@4. どちらとも言えない@5. ややそう思う@6. かなりそう思う@7. 完全にそう思う	
1	0							以下のURLの動画を見て各質問に回答してください。##https://taiga-mori.github.io/questionaire/19u.html	動画が視聴できた	視聴できた@視聴できなかった	ロボットはこの情報をあらかじめ知っていた	知っていた@知らなかった	ロボットの反応は自然だった	1. 全くそう思わない@2. あまりそう思わない@3. ややそう思わない@4. どちらとも言えない@5. ややそう思う@6. かなりそう思う@7. 完全にそう思う	ロボットはこの情報に興味を持っている	1. 全くそう思わない@2. あまりそう思わない@3. ややそう思わない@4. どちらとも言えない@5. ややそう思う@6. かなりそう思う@7. 完全にそう思う	ロボットはこの情報に同意している	1. 全くそう思わない@2. あまりそう思わない@3. ややそう思わない@4. どちらとも言えない@5. ややそう思う@6. かなりそう思う@7. 完全にそう思う	
1	0							以下のURLの動画を見て各質問に回答してください。##https://taiga-mori.github.io/questionaire/24usoosoo.html	動画が視聴できた	視聴できた@視聴できなかった	ロボットはこの情報をあらかじめ知っていた	知っていた@知らなかった	ロボットの反応は自然だった	1. 全くそう思わない@2. あまりそう思わない@3. ややそう思わない@4. どちらとも言えない@5. ややそう思う@6. かなりそう思う@7. 完全にそう思う	ロボットはこの情報に興味を持っている	1. 全くそう思わない@2. あまりそう思わない@3. ややそう思わない@4. どちらとも言えない@5. ややそう思う@6. かなりそう思う@7. 完全にそう思う	ロボットはこの情報に同意している	1. 全くそう思わない@2. あまりそう思わない@3. ややそう思わない@4. どちらとも言えない@5. ややそう思う@6. かなりそう思う@7. 完全にそう思う	
1	0							以下のURLの動画を見て各質問に回答してください。##https://taiga-mori.github.io/questionaire/3d.html	動画が視聴できた	視聴できた@視聴できなかった	ロボットはこの情報をあらかじめ知っていた	知っていた@知らなかった	ロボットの反応は自然だった	1. 全くそう思わない@2. あまりそう思わない@3. ややそう思わない@4. どちらとも言えない@5. ややそう思う@6. かなりそう思う@7. 完全にそう思う	ロボットはこの情報に興味を持っている	1. 全くそう思わない@2. あまりそう思わない@3. ややそう思わない@4. どちらとも言えない@5. ややそう思う@6. かなりそう思う@7. 完全にそう思う	ロボットはこの情報に同意している	1. 全くそう思わない@2. あまりそう思わない@3. ややそう思わない@4. どちらとも言えない@5. ややそう思う@6. かなりそう思う@7. 完全にそう思う	
1	0							以下のURLの動画を見て各質問に回答してください。##https://taiga-mori.github.io/questionaire/16hee.html	動画が視聴できた	視聴できた@視聴できなかった	ロボットはこの情報をあらかじめ知っていた	知っていた@知らなかった	ロボットの反応は自然だった	1. 全くそう思わない@2. あまりそう思わない@3. ややそう思わない@4. どちらとも言えない@5. ややそう思う@6. かなりそう思う@7. 完全にそう思う	ロボットはこの情報に興味を持っている	1. 全くそう思わない@2. あまりそう思わない@3. ややそう思わない@4. どちらとも言えない@5. ややそう思う@6. かなりそう思う@7. 完全にそう思う	ロボットはこの情報に同意している	1. 全くそう思わない@2. あまりそう思わない@3. ややそう思わない@4. どちらとも言えない@5. ややそう思う@6. かなりそう思う@7. 完全にそう思う	
1	0							以下のURLの動画を見て各質問に回答してください。##https://taiga-mori.github.io/questionaire/6dsoosoo.html	動画が視聴できた	視聴できた@視聴できなかった	ロボットはこの情報をあらかじめ知っていた	知っていた@知らなかった	ロボットの反応は自然だった	1. 全くそう思わない@2. あまりそう思わない@3. ややそう思わない@4. どちらとも言えない@5. ややそう思う@6. かなりそう思う@7. 完全にそう思う	ロボットはこの情報に興味を持っている	1. 全くそう思わない@2. あまりそう思わない@3. ややそう思わない@4. どちらとも言えない@5. ややそう思う@6. かなりそう思う@7. 完全にそう思う	ロボットはこの情報に同意している	1. 全くそう思わない@2. あまりそう思わない@3. ややそう思わない@4. どちらとも言えない@5. ややそう思う@6. かなりそう思う@7. 完全にそう思う	
1	0							以下のURLの動画を見て各質問に回答してください。##https://taiga-mori.github.io/questionaire/20soodane.html	動画が視聴できた	視聴できた@視聴できなかった	ロボットはこの情報をあらかじめ知っていた	知っていた@知らなかった	ロボットの反応は自然だった	1. 全くそう思わない@2. あまりそう思わない@3. ややそう思わない@4. どちらとも言えない@5. ややそう思う@6. かなりそう思う@7. 完全にそう思う	ロボットはこの情報に興味を持っている	1. 全くそう思わない@2. あまりそう思わない@3. ややそう思わない@4. どちらとも言えない@5. ややそう思う@6. かなりそう思う@7. 完全にそう思う	ロボットはこの情報に同意している	1. 全くそう思わない@2. あまりそう思わない@3. ややそう思わない@4. どちらとも言えない@5. ややそう思う@6. かなりそう思う@7. 完全にそう思う	
1	0							以下のURLの動画を見て各質問に回答してください。##https://taiga-mori.github.io/questionaire/11usoodane.html	動画が視聴できた	視聴できた@視聴できなかった	ロボットはこの情報をあらかじめ知っていた	知っていた@知らなかった	ロボットの反応は自然だった	1. 全くそう思わない@2. あまりそう思わない@3. ややそう思わない@4. どちらとも言えない@5. ややそう思う@6. かなりそう思う@7. 完全にそう思う	ロボットはこの情報に興味を持っている	1. 全くそう思わない@2. あまりそう思わない@3. ややそう思わない@4. どちらとも言えない@5. ややそう思う@6. かなりそう思う@7. 完全にそう思う	ロボットはこの情報に同意している	1. 全くそう思わない@2. あまりそう思わない@3. ややそう思わない@4. どちらとも言えない@5. ややそう思う@6. かなりそう思う@7. 完全にそう思う	
1	0							以下のURLの動画を見て各質問に回答してください。##https://taiga-mori.github.io/questionaire/9uaa.html	動画が視聴できた	視聴できた@視聴できなかった	ロボットはこの情報をあらかじめ知っていた	知っていた@知らなかった	ロボットの反応は自然だった	1. 全くそう思わない@2. あまりそう思わない@3. ややそう思わない@4. どちらとも言えない@5. ややそう思う@6. かなりそう思う@7. 完全にそう思う	ロボットはこの情報に興味を持っている	1. 全くそう思わない@2. あまりそう思わない@3. ややそう思わない@4. どちらとも言えない@5. ややそう思う@6. かなりそう思う@7. 完全にそう思う	ロボットはこの情報に同意している	1. 全くそう思わない@2. あまりそう思わない@3. ややそう思わない@4. どちらとも言えない@5. ややそう思う@6. かなりそう思う@7. 完全にそう思う	
1	0							以下のURLの動画を見て各質問に回答してください。##https://taiga-mori.github.io/questionaire/17d.html	動画が視聴できた	視聴できた@視聴できなかった	ロボットはこの情報をあらかじめ知っていた	知っていた@知らなかった	ロボットの反応は自然だった	1. 全くそう思わない@2. あまりそう思わない@3. ややそう思わない@4. どちらとも言えない@5. ややそう思う@6. かなりそう思う@7. 完全にそう思う	ロボットはこの情報に興味を持っている	1. 全くそう思わない@2. あまりそう思わない@3. ややそう思わない@4. どちらとも言えない@5. ややそう思う@6. かなりそう思う@7. 完全にそう思う	ロボットはこの情報に同意している	1. 全くそう思わない@2. あまりそう思わない@3. ややそう思わない@4. どちらとも言えない@5. ややそう思う@6. かなりそう思う@7. 完全にそう思う	
1	0							以下のURLの動画を見て各質問に回答してください。##https://taiga-mori.github.io/questionaire/21dsoodane.html	動画が視聴できた	視聴できた@視聴できなかった	ロボットはこの情報をあらかじめ知っていた	知っていた@知らなかった	ロボットの反応は自然だった	1. 全くそう思わない@2. あまりそう思わない@3. ややそう思わない@4. どちらとも言えない@5. ややそう思う@6. かなりそう思う@7. 完全にそう思う	ロボットはこの情報に興味を持っている	1. 全くそう思わない@2. あまりそう思わない@3. ややそう思わない@4. どちらとも言えない@5. ややそう思う@6. かなりそう思う@7. 完全にそう思う	ロボットはこの情報に同意している	1. 全くそう思わない@2. あまりそう思わない@3. ややそう思わない@4. どちらとも言えない@5. ややそう思う@6. かなりそう思う@7. 完全にそう思う	
1	0							以下のURLの動画を見て各質問に回答してください。##https://taiga-mori.github.io/questionaire/4aa.html	動画が視聴できた	視聴できた@視聴できなかった	ロボットはこの情報をあらかじめ知っていた	知っていた@知らなかった	ロボットの反応は自然だった	1. 全くそう思わない@2. あまりそう思わない@3. ややそう思わない@4. どちらとも言えない@5. ややそう思う@6. かなりそう思う@7. 完全にそう思う	ロボットはこの情報に興味を持っている	1. 全くそう思わない@2. あまりそう思わない@3. ややそう思わない@4. どちらとも言えない@5. ややそう思う@6. かなりそう思う@7. 完全にそう思う	ロボットはこの情報に同意している	1. 全くそう思わない@2. あまりそう思わない@3. ややそう思わない@4. どちらとも言えない@5. ややそう思う@6. かなりそう思う@7. 完全にそう思う	
1	0							以下のURLの動画を見て各質問に回答してください。##https://taiga-mori.github.io/questionaire/18u.html	動画が視聴できた	視聴できた@視聴できなかった	ロボットはこの情報をあらかじめ知っていた	知っていた@知らなかった	ロボットの反応は自然だった	1. 全くそう思わない@2. あまりそう思わない@3. ややそう思わない@4. どちらとも言えない@5. ややそう思う@6. かなりそう思う@7. 完全にそう思う	ロボットはこの情報に興味を持っている	1. 全くそう思わない@2. あまりそう思わない@3. ややそう思わない@4. どちらとも言えない@5. ややそう思う@6. かなりそう思う@7. 完全にそう思う	ロボットはこの情報に同意している	1. 全くそう思わない@2. あまりそう思わない@3. ややそう思わない@4. どちらとも言えない@5. ややそう思う@6. かなりそう思う@7. 完全にそう思う	
1	0							以下のURLの動画を見て各質問に回答してください。##https://taiga-mori.github.io/questionaire/8daa.html	動画が視聴できた	視聴できた@視聴できなかった	ロボットはこの情報をあらかじめ知っていた	知っていた@知らなかった	ロボットの反応は自然だった	1. 全くそう思わない@2. あまりそう思わない@3. ややそう思わない@4. どちらとも言えない@5. ややそう思う@6. かなりそう思う@7. 完全にそう思う	ロボットはこの情報に興味を持っている	1. 全くそう思わない@2. あまりそう思わない@3. ややそう思わない@4. どちらとも言えない@5. ややそう思う@6. かなりそう思う@7. 完全にそう思う	ロボットはこの情報に同意している	1. 全くそう思わない@2. あまりそう思わない@3. ややそう思わない@4. どちらとも言えない@5. ややそう思う@6. かなりそう思う@7. 完全にそう思う	
1	0							あなたの年齢と性別を教えてください。	性別	男性@女性@その他@回答したくない	年齢	10代以下@20代@30代@40代@50代@60代@70代以上	質問はありません。「はい」を選択してください。	はい	質問はありません。「はい」を選択してください。	はい	質問はありません。「はい」を選択してください。	はい	
1	0							以下のURLの動画を見て各質問に回答してください。##https://taiga-mori.github.io/questionaire/7u.html	動画が視聴できた	視聴できた@視聴できなかった	ロボットはこの情報をあらかじめ知っていた	知っていた@知らなかった	ロボットの反応は自然だった	1. 全くそう思わない@2. あまりそう思わない@3. ややそう思わない@4. どちらとも言えない@5. ややそう思う@6. かなりそう思う@7. 完全にそう思う	ロボットはこの情報に興味を持っている	1. 全くそう思わない@2. あまりそう思わない@3. ややそう思わない@4. どちらとも言えない@5. ややそう思う@6. かなりそう思う@7. 完全にそう思う	ロボットはこの情報に同意している	1. 全くそう思わない@2. あまりそう思わない@3. ややそう思わない@4. どちらとも言えない@5. ややそう思う@6. かなりそう思う@7. 完全にそう思う	
1	0							以下のURLの動画を見て各質問に回答してください。##https://taiga-mori.github.io/questionaire/9dhee.html	動画が視聴できた	視聴できた@視聴できなかった	ロボットはこの情報をあらかじめ知っていた	知っていた@知らなかった	ロボットの反応は自然だった	1. 全くそう思わない@2. あまりそう思わない@3. ややそう思わない@4. どちらとも言えない@5. ややそう思う@6. かなりそう思う@7. 完全にそう思う	ロボットはこの情報に興味を持っている	1. 全くそう思わない@2. あまりそう思わない@3. ややそう思わない@4. どちらとも言えない@5. ややそう思う@6. かなりそう思う@7. 完全にそう思う	ロボットはこの情報に同意している	1. 全くそう思わない@2. あまりそう思わない@3. ややそう思わない@4. どちらとも言えない@5. ややそう思う@6. かなりそう思う@7. 完全にそう思う	
1	0							以下のURLの動画を見て各質問に回答してください。##https://taiga-mori.github.io/questionaire/14uhee.html	動画が視聴できた	視聴できた@視聴できなかった	ロボットはこの情報をあらかじめ知っていた	知っていた@知らなかった	ロボットの反応は自然だった	1. 全くそう思わない@2. あまりそう思わない@3. ややそう思わない@4. どちらとも言えない@5. ややそう思う@6. かなりそう思う@7. 完全にそう思う	ロボットはこの情報に興味を持っている	1. 全くそう思わない@2. あまりそう思わない@3. ややそう思わない@4. どちらとも言えない@5. ややそう思う@6. かなりそう思う@7. 完全にそう思う	ロボットはこの情報に同意している	1. 全くそう思わない@2. あまりそう思わない@3. ややそう思わない@4. どちらとも言えない@5. ややそう思う@6. かなりそう思う@7. 完全にそう思う	
1	0							以下のURLの動画を見て各質問に回答してください。##https://taiga-mori.github.io/questionaire/11dunun.html	動画が視聴できた	視聴できた@視聴できなかった	ロボットはこの情報をあらかじめ知っていた	知っていた@知らなかった	ロボットの反応は自然だった	1. 全くそう思わない@2. あまりそう思わない@3. ややそう思わない@4. どちらとも言えない@5. ややそう思う@6. かなりそう思う@7. 完全にそう思う	ロボットはこの情報に興味を持っている	1. 全くそう思わない@2. あまりそう思わない@3. ややそう思わない@4. どちらとも言えない@5. ややそう思う@6. かなりそう思う@7. 完全にそう思う	ロボットはこの情報に同意している	1. 全くそう思わない@2. あまりそう思わない@3. ややそう思わない@4. どちらとも言えない@5. ややそう思う@6. かなりそう思う@7. 完全にそう思う	
1	0							以下のURLの動画を見て各質問に回答してください。##https://taiga-mori.github.io/questionaire/20d.html	動画が視聴できた	視聴できた@視聴できなかった	ロボットはこの情報をあらかじめ知っていた	知っていた@知らなかった	ロボットの反応は自然だった	1. 全くそう思わない@2. あまりそう思わない@3. ややそう思わない@4. どちらとも言えない@5. ややそう思う@6. かなりそう思う@7. 完全にそう思う	ロボットはこの情報に興味を持っている	1. 全くそう思わない@2. あまりそう思わない@3. ややそう思わない@4. どちらとも言えない@5. ややそう思う@6. かなりそう思う@7. 完全にそう思う	ロボットはこの情報に同意している	1. 全くそう思わない@2. あまりそう思わない@3. ややそう思わない@4. どちらとも言えない@5. ややそう思う@6. かなりそう思う@7. 完全にそう思う	
1	0							以下のURLの動画を見て各質問に回答してください。##https://taiga-mori.github.io/questionaire/17unun.html	動画が視聴できた	視聴できた@視聴できなかった	ロボットはこの情報をあらかじめ知っていた	知っていた@知らなかった	ロボットの反応は自然だった	1. 全くそう思わない@2. あまりそう思わない@3. ややそう思わない@4. どちらとも言えない@5. ややそう思う@6. かなりそう思う@7. 完全にそう思う	ロボットはこの情報に興味を持っている	1. 全くそう思わない@2. あまりそう思わない@3. ややそう思わない@4. どちらとも言えない@5. ややそう思う@6. かなりそう思う@7. 完全にそう思う	ロボットはこの情報に同意している	1. 全くそう思わない@2. あまりそう思わない@3. ややそう思わない@4. どちらとも言えない@5. ややそう思う@6. かなりそう思う@7. 完全にそう思う	
1	0							以下のURLの動画を見て各質問に回答してください。##https://taiga-mori.github.io/questionaire/12hee.html	動画が視聴できた	視聴できた@視聴できなかった	ロボットはこの情報をあらかじめ知っていた	知っていた@知らなかった	ロボットの反応は自然だった	1. 全くそう思わない@2. あまりそう思わない@3. ややそう思わない@4. どちらとも言えない@5. ややそう思う@6. かなりそう思う@7. 完全にそう思う	ロボットはこの情報に興味を持っている	1. 全くそう思わない@2. あまりそう思わない@3. ややそう思わない@4. どちらとも言えない@5. ややそう思う@6. かなりそう思う@7. 完全にそう思う	ロボットはこの情報に同意している	1. 全くそう思わない@2. あまりそう思わない@3. ややそう思わない@4. どちらとも言えない@5. ややそう思う@6. かなりそう思う@7. 完全にそう思う	
1	0							以下のURLの動画を見て各質問に回答してください。##https://taiga-mori.github.io/questionaire/18uunun.html	動画が視聴できた	視聴できた@視聴できなかった	ロボットはこの情報をあらかじめ知っていた	知っていた@知らなかった	ロボットの反応は自然だった	1. 全くそう思わない@2. あまりそう思わない@3. ややそう思わない@4. どちらとも言えない@5. ややそう思う@6. かなりそう思う@7. 完全にそう思う	ロボットはこの情報に興味を持っている	1. 全くそう思わない@2. あまりそう思わない@3. ややそう思わない@4. どちらとも言えない@5. ややそう思う@6. かなりそう思う@7. 完全にそう思う	ロボットはこの情報に同意している	1. 全くそう思わない@2. あまりそう思わない@3. ややそう思わない@4. どちらとも言えない@5. ややそう思う@6. かなりそう思う@7. 完全にそう思う	
1	0							以下のURLの動画を見て各質問に回答してください。##https://taiga-mori.github.io/questionaire/3uaa.html	動画が視聴できた	視聴できた@視聴できなかった	ロボットはこの情報をあらかじめ知っていた	知っていた@知らなかった	ロボットの反応は自然だった	1. 全くそう思わない@2. あまりそう思わない@3. ややそう思わない@4. どちらとも言えない@5. ややそう思う@6. かなりそう思う@7. 完全にそう思う	ロボットはこの情報に興味を持っている	1. 全くそう思わない@2. あまりそう思わない@3. ややそう思わない@4. どちらとも言えない@5. ややそう思う@6. かなりそう思う@7. 完全にそう思う	ロボットはこの情報に同意している	1. 全くそう思わない@2. あまりそう思わない@3. ややそう思わない@4. どちらとも言えない@5. ややそう思う@6. かなりそう思う@7. 完全にそう思う	
1	0							以下のURLの動画を見て各質問に回答してください。##https://taiga-mori.github.io/questionaire/23d.html	動画が視聴できた	視聴できた@視聴できなかった	ロボットはこの情報をあらかじめ知っていた	知っていた@知らなかった	ロボットの反応は自然だった	1. 全くそう思わない@2. あまりそう思わない@3. ややそう思わない@4. どちらとも言えない@5. ややそう思う@6. かなりそう思う@7. 完全にそう思う	ロボットはこの情報に興味を持っている	1. 全くそう思わない@2. あまりそう思わない@3. ややそう思わない@4. どちらとも言えない@5. ややそう思う@6. かなりそう思う@7. 完全にそう思う	ロボットはこの情報に同意している	1. 全くそう思わない@2. あまりそう思わない@3. ややそう思わない@4. どちらとも言えない@5. ややそう思う@6. かなりそう思う@7. 完全にそう思う	
1	0							以下のURLの動画を見て各質問に回答してください。##https://taiga-mori.github.io/questionaire/13usoodane.html	動画が視聴できた	視聴できた@視聴できなかった	ロボットはこの情報をあらかじめ知っていた	知っていた@知らなかった	ロボットの反応は自然だった	1. 全くそう思わない@2. あまりそう思わない@3. ややそう思わない@4. どちらとも言えない@5. ややそう思う@6. かなりそう思う@7. 完全にそう思う	ロボットはこの情報に興味を持っている	1. 全くそう思わない@2. あまりそう思わない@3. ややそう思わない@4. どちらとも言えない@5. ややそう思う@6. かなりそう思う@7. 完全にそう思う	ロボットはこの情報に同意している	1. 全くそう思わない@2. あまりそう思わない@3. ややそう思わない@4. どちらとも言えない@5. ややそう思う@6. かなりそう思う@7. 完全にそう思う	
1	0							以下のURLの動画を見て各質問に回答してください。##https://taiga-mori.github.io/questionaire/19dsoodane.html	動画が視聴できた	視聴できた@視聴できなかった	ロボットはこの情報をあらかじめ知っていた	知っていた@知らなかった	ロボットの反応は自然だった	1. 全くそう思わない@2. あまりそう思わない@3. ややそう思わない@4. どちらとも言えない@5. ややそう思う@6. かなりそう思う@7. 完全にそう思う	ロボットはこの情報に興味を持っている	1. 全くそう思わない@2. あまりそう思わない@3. ややそう思わない@4. どちらとも言えない@5. ややそう思う@6. かなりそう思う@7. 完全にそう思う	ロボットはこの情報に同意している	1. 全くそう思わない@2. あまりそう思わない@3. ややそう思わない@4. どちらとも言えない@5. ややそう思う@6. かなりそう思う@7. 完全にそう思う	
1	0							以下のURLの動画を見て各質問に回答してください。##https://taiga-mori.github.io/questionaire/6soodane.html	動画が視聴できた	視聴できた@視聴できなかった	ロボットはこの情報をあらかじめ知っていた	知っていた@知らなかった	ロボットの反応は自然だった	1. 全くそう思わない@2. あまりそう思わない@3. ややそう思わない@4. どちらとも言えない@5. ややそう思う@6. かなりそう思う@7. 完全にそう思う	ロボットはこの情報に興味を持っている	1. 全くそう思わない@2. あまりそう思わない@3. ややそう思わない@4. どちらとも言えない@5. ややそう思う@6. かなりそう思う@7. 完全にそう思う	ロボットはこの情報に同意している	1. 全くそう思わない@2. あまりそう思わない@3. ややそう思わない@4. どちらとも言えない@5. ややそう思う@6. かなりそう思う@7. 完全にそう思う	
1	0							以下のURLの動画を見て各質問に回答してください。##https://taiga-mori.github.io/questionaire/16aa.html	動画が視聴できた	視聴できた@視聴できなかった	ロボットはこの情報をあらかじめ知っていた	知っていた@知らなかった	ロボットの反応は自然だった	1. 全くそう思わない@2. あまりそう思わない@3. ややそう思わない@4. どちらとも言えない@5. ややそう思う@6. かなりそう思う@7. 完全にそう思う	ロボットはこの情報に興味を持っている	1. 全くそう思わない@2. あまりそう思わない@3. ややそう思わない@4. どちらとも言えない@5. ややそう思う@6. かなりそう思う@7. 完全にそう思う	ロボットはこの情報に同意している	1. 全くそう思わない@2. あまりそう思わない@3. ややそう思わない@4. どちらとも言えない@5. ややそう思う@6. かなりそう思う@7. 完全にそう思う	
1	0							以下のURLの動画を見て各質問に回答してください。##https://taiga-mori.github.io/questionaire/21daa.html	動画が視聴できた	視聴できた@視聴できなかった	ロボットはこの情報をあらかじめ知っていた	知っていた@知らなかった	ロボットの反応は自然だった	1. 全くそう思わない@2. あまりそう思わない@3. ややそう思わない@4. どちらとも言えない@5. ややそう思う@6. かなりそう思う@7. 完全にそう思う	ロボットはこの情報に興味を持っている	1. 全くそう思わない@2. あまりそう思わない@3. ややそう思わない@4. どちらとも言えない@5. ややそう思う@6. かなりそう思う@7. 完全にそう思う	ロボットはこの情報に同意している	1. 全くそう思わない@2. あまりそう思わない@3. ややそう思わない@4. どちらとも言えない@5. ややそう思う@6. かなりそう思う@7. 完全にそう思う	
1	0							以下のURLの動画を見て各質問に回答してください。##https://taiga-mori.github.io/questionaire/4u.html	動画が視聴できた	視聴できた@視聴できなかった	ロボットはこの情報をあらかじめ知っていた	知っていた@知らなかった	ロボットの反応は自然だった	1. 全くそう思わない@2. あまりそう思わない@3. ややそう思わない@4. どちらとも言えない@5. ややそう思う@6. かなりそう思う@7. 完全にそう思う	ロボットはこの情報に興味を持っている	1. 全くそう思わない@2. あまりそう思わない@3. ややそう思わない@4. どちらとも言えない@5. ややそう思う@6. かなりそう思う@7. 完全にそう思う	ロボットはこの情報に同意している	1. 全くそう思わない@2. あまりそう思わない@3. ややそう思わない@4. どちらとも言えない@5. ややそう思う@6. かなりそう思う@7. 完全にそう思う	
1	0							以下のURLの動画を見て各質問に回答してください。##https://taiga-mori.github.io/questionaire/22dhuun.html	動画が視聴できた	視聴できた@視聴できなかった	ロボットはこの情報をあらかじめ知っていた	知っていた@知らなかった	ロボットの反応は自然だった	1. 全くそう思わない@2. あまりそう思わない@3. ややそう思わない@4. どちらとも言えない@5. ややそう思う@6. かなりそう思う@7. 完全にそう思う	ロボットはこの情報に興味を持っている	1. 全くそう思わない@2. あまりそう思わない@3. ややそう思わない@4. どちらとも言えない@5. ややそう思う@6. かなりそう思う@7. 完全にそう思う	ロボットはこの情報に同意している	1. 全くそう思わない@2. あまりそう思わない@3. ややそう思わない@4. どちらとも言えない@5. ややそう思う@6. かなりそう思う@7. 完全にそう思う	
1	0							以下のURLの動画を見て各質問に回答してください。##https://taiga-mori.github.io/questionaire/10huun.html	動画が視聴できた	視聴できた@視聴できなかった	ロボットはこの情報をあらかじめ知っていた	知っていた@知らなかった	ロボットの反応は自然だった	1. 全くそう思わない@2. あまりそう思わない@3. ややそう思わない@4. どちらとも言えない@5. ややそう思う@6. かなりそう思う@7. 完全にそう思う	ロボットはこの情報に興味を持っている	1. 全くそう思わない@2. あまりそう思わない@3. ややそう思わない@4. どちらとも言えない@5. ややそう思う@6. かなりそう思う@7. 完全にそう思う	ロボットはこの情報に同意している	1. 全くそう思わない@2. あまりそう思わない@3. ややそう思わない@4. どちらとも言えない@5. ややそう思う@6. かなりそう思う@7. 完全にそう思う	
1	0							以下のURLの動画を見て各質問に回答してください。##https://taiga-mori.github.io/questionaire/24soosoo.html	動画が視聴できた	視聴できた@視聴できなかった	ロボットはこの情報をあらかじめ知っていた	知っていた@知らなかった	ロボットの反応は自然だった	1. 全くそう思わない@2. あまりそう思わない@3. ややそう思わない@4. どちらとも言えない@5. ややそう思う@6. かなりそう思う@7. 完全にそう思う	ロボットはこの情報に興味を持っている	1. 全くそう思わない@2. あまりそう思わない@3. ややそう思わない@4. どちらとも言えない@5. ややそう思う@6. かなりそう思う@7. 完全にそう思う	ロボットはこの情報に同意している	1. 全くそう思わない@2. あまりそう思わない@3. ややそう思わない@4. どちらとも言えない@5. ややそう思う@6. かなりそう思う@7. 完全にそう思う	
1	0							以下のURLの動画を見て各質問に回答してください。##https://taiga-mori.github.io/questionaire/2u.html	動画が視聴できた	視聴できた@視聴できなかった	ロボットはこの情報をあらかじめ知っていた	知っていた@知らなかった	ロボットの反応は自然だった	1. 全くそう思わない@2. あまりそう思わない@3. ややそう思わない@4. どちらとも言えない@5. ややそう思う@6. かなりそう思う@7. 完全にそう思う	ロボットはこの情報に興味を持っている	1. 全くそう思わない@2. あまりそう思わない@3. ややそう思わない@4. どちらとも言えない@5. ややそう思う@6. かなりそう思う@7. 完全にそう思う	ロボットはこの情報に同意している	1. 全くそう思わない@2. あまりそう思わない@3. ややそう思わない@4. どちらとも言えない@5. ややそう思う@6. かなりそう思う@7. 完全にそう思う	
1	0							以下のURLの動画を見て各質問に回答してください。##https://taiga-mori.github.io/questionaire/8d.html	動画が視聴できた	視聴できた@視聴できなかった	ロボットはこの情報をあらかじめ知っていた	知っていた@知らなかった	ロボットの反応は自然だった	1. 全くそう思わない@2. あまりそう思わない@3. ややそう思わない@4. どちらとも言えない@5. ややそう思う@6. かなりそう思う@7. 完全にそう思う	ロボットはこの情報に興味を持っている	1. 全くそう思わない@2. あまりそう思わない@3. ややそう思わない@4. どちらとも言えない@5. ややそう思う@6. かなりそう思う@7. 完全にそう思う	ロボットはこの情報に同意している	1. 全くそう思わない@2. あまりそう思わない@3. ややそう思わない@4. どちらとも言えない@5. ややそう思う@6. かなりそう思う@7. 完全にそう思う	
1	0							以下のURLの動画を見て各質問に回答してください。##https://taiga-mori.github.io/questionaire/5usoosoo.html	動画が視聴できた	視聴できた@視聴できなかった	ロボットはこの情報をあらかじめ知っていた	知っていた@知らなかった	ロボットの反応は自然だった	1. 全くそう思わない@2. あまりそう思わない@3. ややそう思わない@4. どちらとも言えない@5. ややそう思う@6. かなりそう思う@7. 完全にそう思う	ロボットはこの情報に興味を持っている	1. 全くそう思わない@2. あまりそう思わない@3. ややそう思わない@4. どちらとも言えない@5. ややそう思う@6. かなりそう思う@7. 完全にそう思う	ロボットはこの情報に同意している	1. 全くそう思わない@2. あまりそう思わない@3. ややそう思わない@4. どちらとも言えない@5. ややそう思う@6. かなりそう思う@7. 完全にそう思う	
1	0							以下のURLの動画を見て各質問に回答してください。##https://taiga-mori.github.io/questionaire/1dsoosoo.html	動画が視聴できた	視聴できた@視聴できなかった	ロボットはこの情報をあらかじめ知っていた	知っていた@知らなかった	ロボットの反応は自然だった	1. 全くそう思わない@2. あまりそう思わない@3. ややそう思わない@4. どちらとも言えない@5. ややそう思う@6. かなりそう思う@7. 完全にそう思う	ロボットはこの情報に興味を持っている	1. 全くそう思わない@2. あまりそう思わない@3. ややそう思わない@4. どちらとも言えない@5. ややそう思う@6. かなりそう思う@7. 完全にそう思う	ロボットはこの情報に同意している	1. 全くそう思わない@2. あまりそう思わない@3. ややそう思わない@4. どちらとも言えない@5. ややそう思う@6. かなりそう思う@7. 完全にそう思う	
1	0							以下のURLの動画を見て各質問に回答してください。##https://taiga-mori.github.io/questionaire/15uhuun.html	動画が視聴できた	視聴できた@視聴できなかった	ロボットはこの情報をあらかじめ知っていた	知っていた@知らなかった	ロボットの反応は自然だった	1. 全くそう思わない@2. あまりそう思わない@3. ややそう思わない@4. どちらとも言えない@5. ややそう思う@6. かなりそう思う@7. 完全にそう思う	ロボットはこの情報に興味を持っている	1. 全くそう思わない@2. あまりそう思わない@3. ややそう思わない@4. どちらとも言えない@5. ややそう思う@6. かなりそう思う@7. 完全にそう思う	ロボットはこの情報に同意している	1. 全くそう思わない@2. あまりそう思わない@3. ややそう思わない@4. どちらとも言えない@5. ややそう思う@6. かなりそう思う@7. 完全にそう思う	
1	0							あなたの年齢と性別を教えてください。	性別	男性@女性@その他@回答したくない	年齢	10代以下@20代@30代@40代@50代@60代@70代以上	質問はありません。「はい」を選択してください。	はい	質問はありません。「はい」を選択してください。	はい	質問はありません。「はい」を選択してください。	はい	
1	0							以下のURLの動画を見て各質問に回答してください。##https://taiga-mori.github.io/questionaire/19uhuun.html	動画が視聴できた	視聴できた@視聴できなかった	ロボットはこの情報をあらかじめ知っていた	知っていた@知らなかった	ロボットの反応は自然だった	1. 全くそう思わない@2. あまりそう思わない@3. ややそう思わない@4. どちらとも言えない@5. ややそう思う@6. かなりそう思う@7. 完全にそう思う	ロボットはこの情報に興味を持っている	1. 全くそう思わない@2. あまりそう思わない@3. ややそう思わない@4. どちらとも言えない@5. ややそう思う@6. かなりそう思う@7. 完全にそう思う	ロボットはこの情報に同意している	1. 全くそう思わない@2. あまりそう思わない@3. ややそう思わない@4. どちらとも言えない@5. ややそう思う@6. かなりそう思う@7. 完全にそう思う	
1	0							以下のURLの動画を見て各質問に回答してください。##https://taiga-mori.github.io/questionaire/20soodane.html	動画が視聴できた	視聴できた@視聴できなかった	ロボットはこの情報をあらかじめ知っていた	知っていた@知らなかった	ロボットの反応は自然だった	1. 全くそう思わない@2. あまりそう思わない@3. ややそう思わない@4. どちらとも言えない@5. ややそう思う@6. かなりそう思う@7. 完全にそう思う	ロボットはこの情報に興味を持っている	1. 全くそう思わない@2. あまりそう思わない@3. ややそう思わない@4. どちらとも言えない@5. ややそう思う@6. かなりそう思う@7. 完全にそう思う	ロボットはこの情報に同意している	1. 全くそう思わない@2. あまりそう思わない@3. ややそう思わない@4. どちらとも言えない@5. ややそう思う@6. かなりそう思う@7. 完全にそう思う	
1	0							以下のURLの動画を見て各質問に回答してください。##https://taiga-mori.github.io/questionaire/7u.html	動画が視聴できた	視聴できた@視聴できなかった	ロボットはこの情報をあらかじめ知っていた	知っていた@知らなかった	ロボットの反応は自然だった	1. 全くそう思わない@2. あまりそう思わない@3. ややそう思わない@4. どちらとも言えない@5. ややそう思う@6. かなりそう思う@7. 完全にそう思う	ロボットはこの情報に興味を持っている	1. 全くそう思わない@2. あまりそう思わない@3. ややそう思わない@4. どちらとも言えない@5. ややそう思う@6. かなりそう思う@7. 完全にそう思う	ロボットはこの情報に同意している	1. 全くそう思わない@2. あまりそう思わない@3. ややそう思わない@4. どちらとも言えない@5. ややそう思う@6. かなりそう思う@7. 完全にそう思う	
1	0							以下のURLの動画を見て各質問に回答してください。##https://taiga-mori.github.io/questionaire/11dsoodane.html	動画が視聴できた	視聴できた@視聴できなかった	ロボットはこの情報をあらかじめ知っていた	知っていた@知らなかった	ロボットの反応は自然だった	1. 全くそう思わない@2. あまりそう思わない@3. ややそう思わない@4. どちらとも言えない@5. ややそう思う@6. かなりそう思う@7. 完全にそう思う	ロボットはこの情報に興味を持っている	1. 全くそう思わない@2. あまりそう思わない@3. ややそう思わない@4. どちらとも言えない@5. ややそう思う@6. かなりそう思う@7. 完全にそう思う	ロボットはこの情報に同意している	1. 全くそう思わない@2. あまりそう思わない@3. ややそう思わない@4. どちらとも言えない@5. ややそう思う@6. かなりそう思う@7. 完全にそう思う	
1	0							以下のURLの動画を見て各質問に回答してください。##https://taiga-mori.github.io/questionaire/15usoodane.html	動画が視聴できた	視聴できた@視聴できなかった	ロボットはこの情報をあらかじめ知っていた	知っていた@知らなかった	ロボットの反応は自然だった	1. 全くそう思わない@2. あまりそう思わない@3. ややそう思わない@4. どちらとも言えない@5. ややそう思う@6. かなりそう思う@7. 完全にそう思う	ロボットはこの情報に興味を持っている	1. 全くそう思わない@2. あまりそう思わない@3. ややそう思わない@4. どちらとも言えない@5. ややそう思う@6. かなりそう思う@7. 完全にそう思う	ロボットはこの情報に同意している	1. 全くそう思わない@2. あまりそう思わない@3. ややそう思わない@4. どちらとも言えない@5. ややそう思う@6. かなりそう思う@7. 完全にそう思う	
1	0							以下のURLの動画を見て各質問に回答してください。##https://taiga-mori.github.io/questionaire/9huun.html	動画が視聴できた	視聴できた@視聴できなかった	ロボットはこの情報をあらかじめ知っていた	知っていた@知らなかった	ロボットの反応は自然だった	1. 全くそう思わない@2. あまりそう思わない@3. ややそう思わない@4. どちらとも言えない@5. ややそう思う@6. かなりそう思う@7. 完全にそう思う	ロボットはこの情報に興味を持っている	1. 全くそう思わない@2. あまりそう思わない@3. ややそう思わない@4. どちらとも言えない@5. ややそう思う@6. かなりそう思う@7. 完全にそう思う	ロボットはこの情報に同意している	1. 全くそう思わない@2. あまりそう思わない@3. ややそう思わない@4. どちらとも言えない@5. ややそう思う@6. かなりそう思う@7. 完全にそう思う	
1	0							以下のURLの動画を見て各質問に回答してください。##https://taiga-mori.github.io/questionaire/14dhuun.html	動画が視聴できた	視聴できた@視聴できなかった	ロボットはこの情報をあらかじめ知っていた	知っていた@知らなかった	ロボットの反応は自然だった	1. 全くそう思わない@2. あまりそう思わない@3. ややそう思わない@4. どちらとも言えない@5. ややそう思う@6. かなりそう思う@7. 完全にそう思う	ロボットはこの情報に興味を持っている	1. 全くそう思わない@2. あまりそう思わない@3. ややそう思わない@4. どちらとも言えない@5. ややそう思う@6. かなりそう思う@7. 完全にそう思う	ロボットはこの情報に同意している	1. 全くそう思わない@2. あまりそう思わない@3. ややそう思わない@4. どちらとも言えない@5. ややそう思う@6. かなりそう思う@7. 完全にそう思う	
1	0							以下のURLの動画を見て各質問に回答してください。##https://taiga-mori.github.io/questionaire/21d.html	動画が視聴できた	視聴できた@視聴できなかった	ロボットはこの情報をあらかじめ知っていた	知っていた@知らなかった	ロボットの反応は自然だった	1. 全くそう思わない@2. あまりそう思わない@3. ややそう思わない@4. どちらとも言えない@5. ややそう思う@6. かなりそう思う@7. 完全にそう思う	ロボットはこの情報に興味を持っている	1. 全くそう思わない@2. あまりそう思わない@3. ややそう思わない@4. どちらとも言えない@5. ややそう思う@6. かなりそう思う@7. 完全にそう思う	ロボットはこの情報に同意している	1. 全くそう思わない@2. あまりそう思わない@3. ややそう思わない@4. どちらとも言えない@5. ややそう思う@6. かなりそう思う@7. 完全にそう思う	
1	0							以下のURLの動画を見て各質問に回答してください。##https://taiga-mori.github.io/questionaire/6dunun.html	動画が視聴できた	視聴できた@視聴できなかった	ロボットはこの情報をあらかじめ知っていた	知っていた@知らなかった	ロボットの反応は自然だった	1. 全くそう思わない@2. あまりそう思わない@3. ややそう思わない@4. どちらとも言えない@5. ややそう思う@6. かなりそう思う@7. 完全にそう思う	ロボットはこの情報に興味を持っている	1. 全くそう思わない@2. あまりそう思わない@3. ややそう思わない@4. どちらとも言えない@5. ややそう思う@6. かなりそう思う@7. 完全にそう思う	ロボットはこの情報に同意している	1. 全くそう思わない@2. あまりそう思わない@3. ややそう思わない@4. どちらとも言えない@5. ややそう思う@6. かなりそう思う@7. 完全にそう思う	
1	0							以下のURLの動画を見て各質問に回答してください。##https://taiga-mori.github.io/questionaire/1u.html	動画が視聴できた	視聴できた@視聴できなかった	ロボットはこの情報をあらかじめ知っていた	知っていた@知らなかった	ロボットの反応は自然だった	1. 全くそう思わない@2. あまりそう思わない@3. ややそう思わない@4. どちらとも言えない@5. ややそう思う@6. かなりそう思う@7. 完全にそう思う	ロボットはこの情報に興味を持っている	1. 全くそう思わない@2. あまりそう思わない@3. ややそう思わない@4. どちらとも言えない@5. ややそう思う@6. かなりそう思う@7. 完全にそう思う	ロボットはこの情報に同意している	1. 全くそう思わない@2. あまりそう思わない@3. ややそう思わない@4. どちらとも言えない@5. ややそう思う@6. かなりそう思う@7. 完全にそう思う	
1	0							以下のURLの動画を見て各質問に回答してください。##https://taiga-mori.github.io/questionaire/24uunun.html	動画が視聴できた	視聴できた@視聴できなかった	ロボットはこの情報をあらかじめ知っていた	知っていた@知らなかった	ロボットの反応は自然だった	1. 全くそう思わない@2. あまりそう思わない@3. ややそう思わない@4. どちらとも言えない@5. ややそう思う@6. かなりそう思う@7. 完全にそう思う	ロボットはこの情報に興味を持っている	1. 全くそう思わない@2. あまりそう思わない@3. ややそう思わない@4. どちらとも言えない@5. ややそう思う@6. かなりそう思う@7. 完全にそう思う	ロボットはこの情報に同意している	1. 全くそう思わない@2. あまりそう思わない@3. ややそう思わない@4. どちらとも言えない@5. ややそう思う@6. かなりそう思う@7. 完全にそう思う	
1	0							以下のURLの動画を見て各質問に回答してください。##https://taiga-mori.github.io/questionaire/18aa.html	動画が視聴できた	視聴できた@視聴できなかった	ロボットはこの情報をあらかじめ知っていた	知っていた@知らなかった	ロボットの反応は自然だった	1. 全くそう思わない@2. あまりそう思わない@3. ややそう思わない@4. どちらとも言えない@5. ややそう思う@6. かなりそう思う@7. 完全にそう思う	ロボットはこの情報に興味を持っている	1. 全くそう思わない@2. あまりそう思わない@3. ややそう思わない@4. どちらとも言えない@5. ややそう思う@6. かなりそう思う@7. 完全にそう思う	ロボットはこの情報に同意している	1. 全くそう思わない@2. あまりそう思わない@3. ややそう思わない@4. どちらとも言えない@5. ややそう思う@6. かなりそう思う@7. 完全にそう思う	
1	0							以下のURLの動画を見て各質問に回答してください。##https://taiga-mori.github.io/questionaire/22unun.html	動画が視聴できた	視聴できた@視聴できなかった	ロボットはこの情報をあらかじめ知っていた	知っていた@知らなかった	ロボットの反応は自然だった	1. 全くそう思わない@2. あまりそう思わない@3. ややそう思わない@4. どちらとも言えない@5. ややそう思う@6. かなりそう思う@7. 完全にそう思う	ロボットはこの情報に興味を持っている	1. 全くそう思わない@2. あまりそう思わない@3. ややそう思わない@4. どちらとも言えない@5. ややそう思う@6. かなりそう思う@7. 完全にそう思う	ロボットはこの情報に同意している	1. 全くそう思わない@2. あまりそう思わない@3. ややそう思わない@4. どちらとも言えない@5. ややそう思う@6. かなりそう思う@7. 完全にそう思う	
1	0							以下のURLの動画を見て各質問に回答してください。##https://taiga-mori.github.io/questionaire/8uaa.html	動画が視聴できた	視聴できた@視聴できなかった	ロボットはこの情報をあらかじめ知っていた	知っていた@知らなかった	ロボットの反応は自然だった	1. 全くそう思わない@2. あまりそう思わない@3. ややそう思わない@4. どちらとも言えない@5. ややそう思う@6. かなりそう思う@7. 完全にそう思う	ロボットはこの情報に興味を持っている	1. 全くそう思わない@2. あまりそう思わない@3. ややそう思わない@4. どちらとも言えない@5. ややそう思う@6. かなりそう思う@7. 完全にそう思う	ロボットはこの情報に同意している	1. 全くそう思わない@2. あまりそう思わない@3. ややそう思わない@4. どちらとも言えない@5. ややそう思う@6. かなりそう思う@7. 完全にそう思う	
1	0							以下のURLの動画を見て各質問に回答してください。##https://taiga-mori.github.io/questionaire/23d.html	動画が視聴できた	視聴できた@視聴できなかった	ロボットはこの情報をあらかじめ知っていた	知っていた@知らなかった	ロボットの反応は自然だった	1. 全くそう思わない@2. あまりそう思わない@3. ややそう思わない@4. どちらとも言えない@5. ややそう思う@6. かなりそう思う@7. 完全にそう思う	ロボットはこの情報に興味を持っている	1. 全くそう思わない@2. あまりそう思わない@3. ややそう思わない@4. どちらとも言えない@5. ややそう思う@6. かなりそう思う@7. 完全にそう思う	ロボットはこの情報に同意している	1. 全くそう思わない@2. あまりそう思わない@3. ややそう思わない@4. どちらとも言えない@5. ややそう思う@6. かなりそう思う@7. 完全にそう思う	
1	0							以下のURLの動画を見て各質問に回答してください。##https://taiga-mori.github.io/questionaire/17daa.html	動画が視聴できた	視聴できた@視聴できなかった	ロボットはこの情報をあらかじめ知っていた	知っていた@知らなかった	ロボットの反応は自然だった	1. 全くそう思わない@2. あまりそう思わない@3. ややそう思わない@4. どちらとも言えない@5. ややそう思う@6. かなりそう思う@7. 完全にそう思う	ロボットはこの情報に興味を持っている	1. 全くそう思わない@2. あまりそう思わない@3. ややそう思わない@4. どちらとも言えない@5. ややそう思う@6. かなりそう思う@7. 完全にそう思う	ロボットはこの情報に同意している	1. 全くそう思わない@2. あまりそう思わない@3. ややそう思わない@4. どちらとも言えない@5. ややそう思う@6. かなりそう思う@7. 完全にそう思う	
1	0							以下のURLの動画を見て各質問に回答してください。##https://taiga-mori.github.io/questionaire/2uhee.html	動画が視聴できた	視聴できた@視聴できなかった	ロボットはこの情報をあらかじめ知っていた	知っていた@知らなかった	ロボットの反応は自然だった	1. 全くそう思わない@2. あまりそう思わない@3. ややそう思わない@4. どちらとも言えない@5. ややそう思う@6. かなりそう思う@7. 完全にそう思う	ロボットはこの情報に興味を持っている	1. 全くそう思わない@2. あまりそう思わない@3. ややそう思わない@4. どちらとも言えない@5. ややそう思う@6. かなりそう思う@7. 完全にそう思う	ロボットはこの情報に同意している	1. 全くそう思わない@2. あまりそう思わない@3. ややそう思わない@4. どちらとも言えない@5. ややそう思う@6. かなりそう思う@7. 完全にそう思う	
1	0							以下のURLの動画を見て各質問に回答してください。##https://taiga-mori.github.io/questionaire/16u.html	動画が視聴できた	視聴できた@視聴できなかった	ロボットはこの情報をあらかじめ知っていた	知っていた@知らなかった	ロボットの反応は自然だった	1. 全くそう思わない@2. あまりそう思わない@3. ややそう思わない@4. どちらとも言えない@5. ややそう思う@6. かなりそう思う@7. 完全にそう思う	ロボットはこの情報に興味を持っている	1. 全くそう思わない@2. あまりそう思わない@3. ややそう思わない@4. どちらとも言えない@5. ややそう思う@6. かなりそう思う@7. 完全にそう思う	ロボットはこの情報に同意している	1. 全くそう思わない@2. あまりそう思わない@3. ややそう思わない@4. どちらとも言えない@5. ややそう思う@6. かなりそう思う@7. 完全にそう思う	
1	0							以下のURLの動画を見て各質問に回答してください。##https://taiga-mori.github.io/questionaire/10dsoosoo.html	動画が視聴できた	視聴できた@視聴できなかった	ロボットはこの情報をあらかじめ知っていた	知っていた@知らなかった	ロボットの反応は自然だった	1. 全くそう思わない@2. あまりそう思わない@3. ややそう思わない@4. どちらとも言えない@5. ややそう思う@6. かなりそう思う@7. 完全にそう思う	ロボットはこの情報に興味を持っている	1. 全くそう思わない@2. あまりそう思わない@3. ややそう思わない@4. どちらとも言えない@5. ややそう思う@6. かなりそう思う@7. 完全にそう思う	ロボットはこの情報に同意している	1. 全くそう思わない@2. あまりそう思わない@3. ややそう思わない@4. どちらとも言えない@5. ややそう思う@6. かなりそう思う@7. 完全にそう思う	
1	0							以下のURLの動画を見て各質問に回答してください。##https://taiga-mori.github.io/questionaire/13usoosoo.html	動画が視聴できた	視聴できた@視聴できなかった	ロボットはこの情報をあらかじめ知っていた	知っていた@知らなかった	ロボットの反応は自然だった	1. 全くそう思わない@2. あまりそう思わない@3. ややそう思わない@4. どちらとも言えない@5. ややそう思う@6. かなりそう思う@7. 完全にそう思う	ロボットはこの情報に興味を持っている	1. 全くそう思わない@2. あまりそう思わない@3. ややそう思わない@4. どちらとも言えない@5. ややそう思う@6. かなりそう思う@7. 完全にそう思う	ロボットはこの情報に同意している	1. 全くそう思わない@2. あまりそう思わない@3. ややそう思わない@4. どちらとも言えない@5. ややそう思う@6. かなりそう思う@7. 完全にそう思う	
1	0							以下のURLの動画を見て各質問に回答してください。##https://taiga-mori.github.io/questionaire/3dhee.html	動画が視聴できた	視聴できた@視聴できなかった	ロボットはこの情報をあらかじめ知っていた	知っていた@知らなかった	ロボットの反応は自然だった	1. 全くそう思わない@2. あまりそう思わない@3. ややそう思わない@4. どちらとも言えない@5. ややそう思う@6. かなりそう思う@7. 完全にそう思う	ロボットはこの情報に興味を持っている	1. 全くそう思わない@2. あまりそう思わない@3. ややそう思わない@4. どちらとも言えない@5. ややそう思う@6. かなりそう思う@7. 完全にそう思う	ロボットはこの情報に同意している	1. 全くそう思わない@2. あまりそう思わない@3. ややそう思わない@4. どちらとも言えない@5. ややそう思う@6. かなりそう思う@7. 完全にそう思う	
1	0							以下のURLの動画を見て各質問に回答してください。##https://taiga-mori.github.io/questionaire/4hee.html	動画が視聴できた	視聴できた@視聴できなかった	ロボットはこの情報をあらかじめ知っていた	知っていた@知らなかった	ロボットの反応は自然だった	1. 全くそう思わない@2. あまりそう思わない@3. ややそう思わない@4. どちらとも言えない@5. ややそう思う@6. かなりそう思う@7. 完全にそう思う	ロボットはこの情報に興味を持っている	1. 全くそう思わない@2. あまりそう思わない@3. ややそう思わない@4. どちらとも言えない@5. ややそう思う@6. かなりそう思う@7. 完全にそう思う	ロボットはこの情報に同意している	1. 全くそう思わない@2. あまりそう思わない@3. ややそう思わない@4. どちらとも言えない@5. ややそう思う@6. かなりそう思う@7. 完全にそう思う	
1	0							以下のURLの動画を見て各質問に回答してください。##https://taiga-mori.github.io/questionaire/5d.html	動画が視聴できた	視聴できた@視聴できなかった	ロボットはこの情報をあらかじめ知っていた	知っていた@知らなかった	ロボットの反応は自然だった	1. 全くそう思わない@2. あまりそう思わない@3. ややそう思わない@4. どちらとも言えない@5. ややそう思う@6. かなりそう思う@7. 完全にそう思う	ロボットはこの情報に興味を持っている	1. 全くそう思わない@2. あまりそう思わない@3. ややそう思わない@4. どちらとも言えない@5. ややそう思う@6. かなりそう思う@7. 完全にそう思う	ロボットはこの情報に同意している	1. 全くそう思わない@2. あまりそう思わない@3. ややそう思わない@4. どちらとも言えない@5. ややそう思う@6. かなりそう思う@7. 完全にそう思う	
1	0							以下のURLの動画を見て各質問に回答してください。##https://taiga-mori.github.io/questionaire/12soosoo.html	動画が視聴できた	視聴できた@視聴できなかった	ロボットはこの情報をあらかじめ知っていた	知っていた@知らなかった	ロボットの反応は自然だった	1. 全くそう思わない@2. あまりそう思わない@3. ややそう思わない@4. どちらとも言えない@5. ややそう思う@6. かなりそう思う@7. 完全にそう思う	ロボットはこの情報に興味を持っている	1. 全くそう思わない@2. あまりそう思わない@3. ややそう思わない@4. どちらとも言えない@5. ややそう思う@6. かなりそう思う@7. 完全にそう思う	ロボットはこの情報に同意している	1. 全くそう思わない@2. あまりそう思わない@3. ややそう思わない@4. どちらとも言えない@5. ややそう思う@6. かなりそう思う@7. 完全にそう思う	
1	0							あなたの年齢と性別を教えてください。	性別	男性@女性@その他@回答したくない	年齢	10代以下@20代@30代@40代@50代@60代@70代以上	質問はありません。「はい」を選択してください。	はい	質問はありません。「はい」を選択してください。	はい	質問はありません。「はい」を選択してください。	はい	
1	0							以下のURLの動画を見て各質問に回答してください。##https://taiga-mori.github.io/questionaire/2d.html	動画が視聴できた	視聴できた@視聴できなかった	ロボットはこの情報をあらかじめ知っていた	知っていた@知らなかった	ロボットの反応は自然だった	1. 全くそう思わない@2. あまりそう思わない@3. ややそう思わない@4. どちらとも言えない@5. ややそう思う@6. かなりそう思う@7. 完全にそう思う	ロボットはこの情報に興味を持っている	1. 全くそう思わない@2. あまりそう思わない@3. ややそう思わない@4. どちらとも言えない@5. ややそう思う@6. かなりそう思う@7. 完全にそう思う	ロボットはこの情報に同意している	1. 全くそう思わない@2. あまりそう思わない@3. ややそう思わない@4. どちらとも言えない@5. ややそう思う@6. かなりそう思う@7. 完全にそう思う	
1	0							以下のURLの動画を見て各質問に回答してください。##https://taiga-mori.github.io/questionaire/3soodane.html	動画が視聴できた	視聴できた@視聴できなかった	ロボットはこの情報をあらかじめ知っていた	知っていた@知らなかった	ロボットの反応は自然だった	1. 全くそう思わない@2. あまりそう思わない@3. ややそう思わない@4. どちらとも言えない@5. ややそう思う@6. かなりそう思う@7. 完全にそう思う	ロボットはこの情報に興味を持っている	1. 全くそう思わない@2. あまりそう思わない@3. ややそう思わない@4. どちらとも言えない@5. ややそう思う@6. かなりそう思う@7. 完全にそう思う	ロボットはこの情報に同意している	1. 全くそう思わない@2. あまりそう思わない@3. ややそう思わない@4. どちらとも言えない@5. ややそう思う@6. かなりそう思う@7. 完全にそう思う	
1	0							以下のURLの動画を見て各質問に回答してください。##https://taiga-mori.github.io/questionaire/22usoodane.html	動画が視聴できた	視聴できた@視聴できなかった	ロボットはこの情報をあらかじめ知っていた	知っていた@知らなかった	ロボットの反応は自然だった	1. 全くそう思わない@2. あまりそう思わない@3. ややそう思わない@4. どちらとも言えない@5. ややそう思う@6. かなりそう思う@7. 完全にそう思う	ロボットはこの情報に興味を持っている	1. 全くそう思わない@2. あまりそう思わない@3. ややそう思わない@4. どちらとも言えない@5. ややそう思う@6. かなりそう思う@7. 完全にそう思う	ロボットはこの情報に同意している	1. 全くそう思わない@2. あまりそう思わない@3. ややそう思わない@4. どちらとも言えない@5. ややそう思う@6. かなりそう思う@7. 完全にそう思う	
1	0							以下のURLの動画を見て各質問に回答してください。##https://taiga-mori.github.io/questionaire/1dsoodane.html	動画が視聴できた	視聴できた@視聴できなかった	ロボットはこの情報をあらかじめ知っていた	知っていた@知らなかった	ロボットの反応は自然だった	1. 全くそう思わない@2. あまりそう思わない@3. ややそう思わない@4. どちらとも言えない@5. ややそう思う@6. かなりそう思う@7. 完全にそう思う	ロボットはこの情報に興味を持っている	1. 全くそう思わない@2. あまりそう思わない@3. ややそう思わない@4. どちらとも言えない@5. ややそう思う@6. かなりそう思う@7. 完全にそう思う	ロボットはこの情報に同意している	1. 全くそう思わない@2. あまりそう思わない@3. ややそう思わない@4. どちらとも言えない@5. ややそう思う@6. かなりそう思う@7. 完全にそう思う	
1	0							以下のURLの動画を見て各質問に回答してください。##https://taiga-mori.github.io/questionaire/18u.html	動画が視聴できた	視聴できた@視聴できなかった	ロボットはこの情報をあらかじめ知っていた	知っていた@知らなかった	ロボットの反応は自然だった	1. 全くそう思わない@2. あまりそう思わない@3. ややそう思わない@4. どちらとも言えない@5. ややそう思う@6. かなりそう思う@7. 完全にそう思う	ロボットはこの情報に興味を持っている	1. 全くそう思わない@2. あまりそう思わない@3. ややそう思わない@4. どちらとも言えない@5. ややそう思う@6. かなりそう思う@7. 完全にそう思う	ロボットはこの情報に同意している	1. 全くそう思わない@2. あまりそう思わない@3. ややそう思わない@4. どちらとも言えない@5. ややそう思う@6. かなりそう思う@7. 完全にそう思う	
1	0							以下のURLの動画を見て各質問に回答してください。##https://taiga-mori.github.io/questionaire/5uhee.html	動画が視聴できた	視聴できた@視聴できなかった	ロボットはこの情報をあらかじめ知っていた	知っていた@知らなかった	ロボットの反応は自然だった	1. 全くそう思わない@2. あまりそう思わない@3. ややそう思わない@4. どちらとも言えない@5. ややそう思う@6. かなりそう思う@7. 完全にそう思う	ロボットはこの情報に興味を持っている	1. 全くそう思わない@2. あまりそう思わない@3. ややそう思わない@4. どちらとも言えない@5. ややそう思う@6. かなりそう思う@7. 完全にそう思う	ロボットはこの情報に同意している	1. 全くそう思わない@2. あまりそう思わない@3. ややそう思わない@4. どちらとも言えない@5. ややそう思う@6. かなりそう思う@7. 完全にそう思う	
1	0							以下のURLの動画を見て各質問に回答してください。##https://taiga-mori.github.io/questionaire/10dhee.html	動画が視聴できた	視聴できた@視聴できなかった	ロボットはこの情報をあらかじめ知っていた	知っていた@知らなかった	ロボットの反応は自然だった	1. 全くそう思わない@2. あまりそう思わない@3. ややそう思わない@4. どちらとも言えない@5. ややそう思う@6. かなりそう思う@7. 完全にそう思う	ロボットはこの情報に興味を持っている	1. 全くそう思わない@2. あまりそう思わない@3. ややそう思わない@4. どちらとも言えない@5. ややそう思う@6. かなりそう思う@7. 完全にそう思う	ロボットはこの情報に同意している	1. 全くそう思わない@2. あまりそう思わない@3. ややそう思わない@4. どちらとも言えない@5. ややそう思う@6. かなりそう思う@7. 完全にそう思う	
1	0							以下のURLの動画を見て各質問に回答してください。##https://taiga-mori.github.io/questionaire/11hee.html	動画が視聴できた	視聴できた@視聴できなかった	ロボットはこの情報をあらかじめ知っていた	知っていた@知らなかった	ロボットの反応は自然だった	1. 全くそう思わない@2. あまりそう思わない@3. ややそう思わない@4. どちらとも言えない@5. ややそう思う@6. かなりそう思う@7. 完全にそう思う	ロボットはこの情報に興味を持っている	1. 全くそう思わない@2. あまりそう思わない@3. ややそう思わない@4. どちらとも言えない@5. ややそう思う@6. かなりそう思う@7. 完全にそう思う	ロボットはこの情報に同意している	1. 全くそう思わない@2. あまりそう思わない@3. ややそう思わない@4. どちらとも言えない@5. ややそう思う@6. かなりそう思う@7. 完全にそう思う	
1	0							以下のURLの動画を見て各質問に回答してください。##https://taiga-mori.github.io/questionaire/23dunun.html	動画が視聴できた	視聴できた@視聴できなかった	ロボットはこの情報をあらかじめ知っていた	知っていた@知らなかった	ロボットの反応は自然だった	1. 全くそう思わない@2. あまりそう思わない@3. ややそう思わない@4. どちらとも言えない@5. ややそう思う@6. かなりそう思う@7. 完全にそう思う	ロボットはこの情報に興味を持っている	1. 全くそう思わない@2. あまりそう思わない@3. ややそう思わない@4. どちらとも言えない@5. ややそう思う@6. かなりそう思う@7. 完全にそう思う	ロボットはこの情報に同意している	1. 全くそう思わない@2. あまりそう思わない@3. ややそう思わない@4. どちらとも言えない@5. ややそう思う@6. かなりそう思う@7. 完全にそう思う	
1	0							以下のURLの動画を見て各質問に回答してください。##https://taiga-mori.github.io/questionaire/15uhuun.html	動画が視聴できた	視聴できた@視聴できなかった	ロボットはこの情報をあらかじめ知っていた	知っていた@知らなかった	ロボットの反応は自然だった	1. 全くそう思わない@2. あまりそう思わない@3. ややそう思わない@4. どちらとも言えない@5. ややそう思う@6. かなりそう思う@7. 完全にそう思う	ロボットはこの情報に興味を持っている	1. 全くそう思わない@2. あまりそう思わない@3. ややそう思わない@4. どちらとも言えない@5. ややそう思う@6. かなりそう思う@7. 完全にそう思う	ロボットはこの情報に同意している	1. 全くそう思わない@2. あまりそう思わない@3. ややそう思わない@4. どちらとも言えない@5. ややそう思う@6. かなりそう思う@7. 完全にそう思う	
1	0							以下のURLの動画を見て各質問に回答してください。##https://taiga-mori.github.io/questionaire/7dhuun.html	動画が視聴できた	視聴できた@視聴できなかった	ロボットはこの情報をあらかじめ知っていた	知っていた@知らなかった	ロボットの反応は自然だった	1. 全くそう思わない@2. あまりそう思わない@3. ややそう思わない@4. どちらとも言えない@5. ややそう思う@6. かなりそう思う@7. 完全にそう思う	ロボットはこの情報に興味を持っている	1. 全くそう思わない@2. あまりそう思わない@3. ややそう思わない@4. どちらとも言えない@5. ややそう思う@6. かなりそう思う@7. 完全にそう思う	ロボットはこの情報に同意している	1. 全くそう思わない@2. あまりそう思わない@3. ややそう思わない@4. どちらとも言えない@5. ややそう思う@6. かなりそう思う@7. 完全にそう思う	
1	0							以下のURLの動画を見て各質問に回答してください。##https://taiga-mori.github.io/questionaire/24u.html	動画が視聴できた	視聴できた@視聴できなかった	ロボットはこの情報をあらかじめ知っていた	知っていた@知らなかった	ロボットの反応は自然だった	1. 全くそう思わない@2. あまりそう思わない@3. ややそう思わない@4. どちらとも言えない@5. ややそう思う@6. かなりそう思う@7. 完全にそう思う	ロボットはこの情報に興味を持っている	1. 全くそう思わない@2. あまりそう思わない@3. ややそう思わない@4. どちらとも言えない@5. ややそう思う@6. かなりそう思う@7. 完全にそう思う	ロボットはこの情報に同意している	1. 全くそう思わない@2. あまりそう思わない@3. ややそう思わない@4. どちらとも言えない@5. ややそう思う@6. かなりそう思う@7. 完全にそう思う	
1	0							以下のURLの動画を見て各質問に回答してください。##https://taiga-mori.github.io/questionaire/8huun.html	動画が視聴できた	視聴できた@視聴できなかった	ロボットはこの情報をあらかじめ知っていた	知っていた@知らなかった	ロボットの反応は自然だった	1. 全くそう思わない@2. あまりそう思わない@3. ややそう思わない@4. どちらとも言えない@5. ややそう思う@6. かなりそう思う@7. 完全にそう思う	ロボットはこの情報に興味を持っている	1. 全くそう思わない@2. あまりそう思わない@3. ややそう思わない@4. どちらとも言えない@5. ややそう思う@6. かなりそう思う@7. 完全にそう思う	ロボットはこの情報に同意している	1. 全くそう思わない@2. あまりそう思わない@3. ややそう思わない@4. どちらとも言えない@5. ややそう思う@6. かなりそう思う@7. 完全にそう思う	
1	0							以下のURLの動画を見て各質問に回答してください。##https://taiga-mori.github.io/questionaire/16d.html	動画が視聴できた	視聴できた@視聴できなかった	ロボットはこの情報をあらかじめ知っていた	知っていた@知らなかった	ロボットの反応は自然だった	1. 全くそう思わない@2. あまりそう思わない@3. ややそう思わない@4. どちらとも言えない@5. ややそう思う@6. かなりそう思う@7. 完全にそう思う	ロボットはこの情報に興味を持っている	1. 全くそう思わない@2. あまりそう思わない@3. ややそう思わない@4. どちらとも言えない@5. ややそう思う@6. かなりそう思う@7. 完全にそう思う	ロボットはこの情報に同意している	1. 全くそう思わない@2. あまりそう思わない@3. ややそう思わない@4. どちらとも言えない@5. ややそう思う@6. かなりそう思う@7. 完全にそう思う	
1	0							以下のURLの動画を見て各質問に回答してください。##https://taiga-mori.github.io/questionaire/4unun.html	動画が視聴できた	視聴できた@視聴できなかった	ロボットはこの情報をあらかじめ知っていた	知っていた@知らなかった	ロボットの反応は自然だった	1. 全くそう思わない@2. あまりそう思わない@3. ややそう思わない@4. どちらとも言えない@5. ややそう思う@6. かなりそう思う@7. 完全にそう思う	ロボットはこの情報に興味を持っている	1. 全くそう思わない@2. あまりそう思わない@3. ややそう思わない@4. どちらとも言えない@5. ややそう思う@6. かなりそう思う@7. 完全にそう思う	ロボットはこの情報に同意している	1. 全くそう思わない@2. あまりそう思わない@3. ややそう思わない@4. どちらとも言えない@5. ややそう思う@6. かなりそう思う@7. 完全にそう思う	
1	0							以下のURLの動画を見て各質問に回答してください。##https://taiga-mori.github.io/questionaire/17uunun.html	動画が視聴できた	視聴できた@視聴できなかった	ロボットはこの情報をあらかじめ知っていた	知っていた@知らなかった	ロボットの反応は自然だった	1. 全くそう思わない@2. あまりそう思わない@3. ややそう思わない@4. どちらとも言えない@5. ややそう思う@6. かなりそう思う@7. 完全にそう思う	ロボットはこの情報に興味を持っている	1. 全くそう思わない@2. あまりそう思わない@3. ややそう思わない@4. どちらとも言えない@5. ややそう思う@6. かなりそう思う@7. 完全にそう思う	ロボットはこの情報に同意している	1. 全くそう思わない@2. あまりそう思わない@3. ややそう思わない@4. どちらとも言えない@5. ややそう思う@6. かなりそう思う@7. 完全にそう思う	
1	0							以下のURLの動画を見て各質問に回答してください。##https://taiga-mori.github.io/questionaire/9u.html	動画が視聴できた	視聴できた@視聴できなかった	ロボットはこの情報をあらかじめ知っていた	知っていた@知らなかった	ロボットの反応は自然だった	1. 全くそう思わない@2. あまりそう思わない@3. ややそう思わない@4. どちらとも言えない@5. ややそう思う@6. かなりそう思う@7. 完全にそう思う	ロボットはこの情報に興味を持っている	1. 全くそう思わない@2. あまりそう思わない@3. ややそう思わない@4. どちらとも言えない@5. ややそう思う@6. かなりそう思う@7. 完全にそう思う	ロボットはこの情報に同意している	1. 全くそう思わない@2. あまりそう思わない@3. ややそう思わない@4. どちらとも言えない@5. ややそう思う@6. かなりそう思う@7. 完全にそう思う	
1	0							以下のURLの動画を見て各質問に回答してください。##https://taiga-mori.github.io/questionaire/13soosoo.html	動画が視聴できた	視聴できた@視聴できなかった	ロボットはこの情報をあらかじめ知っていた	知っていた@知らなかった	ロボットの反応は自然だった	1. 全くそう思わない@2. あまりそう思わない@3. ややそう思わない@4. どちらとも言えない@5. ややそう思う@6. かなりそう思う@7. 完全にそう思う	ロボットはこの情報に興味を持っている	1. 全くそう思わない@2. あまりそう思わない@3. ややそう思わない@4. どちらとも言えない@5. ややそう思う@6. かなりそう思う@7. 完全にそう思う	ロボットはこの情報に同意している	1. 全くそう思わない@2. あまりそう思わない@3. ややそう思わない@4. どちらとも言えない@5. ややそう思う@6. かなりそう思う@7. 完全にそう思う	
1	0							以下のURLの動画を見て各質問に回答してください。##https://taiga-mori.github.io/questionaire/19uaa.html	動画が視聴できた	視聴できた@視聴できなかった	ロボットはこの情報をあらかじめ知っていた	知っていた@知らなかった	ロボットの反応は自然だった	1. 全くそう思わない@2. あまりそう思わない@3. ややそう思わない@4. どちらとも言えない@5. ややそう思う@6. かなりそう思う@7. 完全にそう思う	ロボットはこの情報に興味を持っている	1. 全くそう思わない@2. あまりそう思わない@3. ややそう思わない@4. どちらとも言えない@5. ややそう思う@6. かなりそう思う@7. 完全にそう思う	ロボットはこの情報に同意している	1. 全くそう思わない@2. あまりそう思わない@3. ややそう思わない@4. どちらとも言えない@5. ややそう思う@6. かなりそう思う@7. 完全にそう思う	
1	0							以下のURLの動画を見て各質問に回答してください。##https://taiga-mori.github.io/questionaire/6d.html	動画が視聴できた	視聴できた@視聴できなかった	ロボットはこの情報をあらかじめ知っていた	知っていた@知らなかった	ロボットの反応は自然だった	1. 全くそう思わない@2. あまりそう思わない@3. ややそう思わない@4. どちらとも言えない@5. ややそう思う@6. かなりそう思う@7. 完全にそう思う	ロボットはこの情報に興味を持っている	1. 全くそう思わない@2. あまりそう思わない@3. ややそう思わない@4. どちらとも言えない@5. ややそう思う@6. かなりそう思う@7. 完全にそう思う	ロボットはこの情報に同意している	1. 全くそう思わない@2. あまりそう思わない@3. ややそう思わない@4. どちらとも言えない@5. ややそう思う@6. かなりそう思う@7. 完全にそう思う	
1	0							以下のURLの動画を見て各質問に回答してください。##https://taiga-mori.github.io/questionaire/20usoosoo.html	動画が視聴できた	視聴できた@視聴できなかった	ロボットはこの情報をあらかじめ知っていた	知っていた@知らなかった	ロボットの反応は自然だった	1. 全くそう思わない@2. あまりそう思わない@3. ややそう思わない@4. どちらとも言えない@5. ややそう思う@6. かなりそう思う@7. 完全にそう思う	ロボットはこの情報に興味を持っている	1. 全くそう思わない@2. あまりそう思わない@3. ややそう思わない@4. どちらとも言えない@5. ややそう思う@6. かなりそう思う@7. 完全にそう思う	ロボットはこの情報に同意している	1. 全くそう思わない@2. あまりそう思わない@3. ややそう思わない@4. どちらとも言えない@5. ややそう思う@6. かなりそう思う@7. 完全にそう思う	
1	0							以下のURLの動画を見て各質問に回答してください。##https://taiga-mori.github.io/questionaire/14dsoosoo.html	動画が視聴できた	視聴できた@視聴できなかった	ロボットはこの情報をあらかじめ知っていた	知っていた@知らなかった	ロボットの反応は自然だった	1. 全くそう思わない@2. あまりそう思わない@3. ややそう思わない@4. どちらとも言えない@5. ややそう思う@6. かなりそう思う@7. 完全にそう思う	ロボットはこの情報に興味を持っている	1. 全くそう思わない@2. あまりそう思わない@3. ややそう思わない@4. どちらとも言えない@5. ややそう思う@6. かなりそう思う@7. 完全にそう思う	ロボットはこの情報に同意している	1. 全くそう思わない@2. あまりそう思わない@3. ややそう思わない@4. どちらとも言えない@5. ややそう思う@6. かなりそう思う@7. 完全にそう思う	
1	0							以下のURLの動画を見て各質問に回答してください。##https://taiga-mori.github.io/questionaire/12daa.html	動画が視聴できた	視聴できた@視聴できなかった	ロボットはこの情報をあらかじめ知っていた	知っていた@知らなかった	ロボットの反応は自然だった	1. 全くそう思わない@2. あまりそう思わない@3. ややそう思わない@4. どちらとも言えない@5. ややそう思う@6. かなりそう思う@7. 完全にそう思う	ロボットはこの情報に興味を持っている	1. 全くそう思わない@2. あまりそう思わない@3. ややそう思わない@4. どちらとも言えない@5. ややそう思う@6. かなりそう思う@7. 完全にそう思う	ロボットはこの情報に同意している	1. 全くそう思わない@2. あまりそう思わない@3. ややそう思わない@4. どちらとも言えない@5. ややそう思う@6. かなりそう思う@7. 完全にそう思う	
1	0							以下のURLの動画を見て各質問に回答してください。##https://taiga-mori.github.io/questionaire/21aa.html	動画が視聴できた	視聴できた@視聴できなかった	ロボットはこの情報をあらかじめ知っていた	知っていた@知らなかった	ロボットの反応は自然だった	1. 全くそう思わない@2. あまりそう思わない@3. ややそう思わない@4. どちらとも言えない@5. ややそう思う@6. かなりそう思う@7. 完全にそう思う	ロボットはこの情報に興味を持っている	1. 全くそう思わない@2. あまりそう思わない@3. ややそう思わない@4. どちらとも言えない@5. ややそう思う@6. かなりそう思う@7. 完全にそう思う	ロボットはこの情報に同意している	1. 全くそう思わない@2. あまりそう思わない@3. ややそう思わない@4. どちらとも言えない@5. ややそう思う@6. かなりそう思う@7. 完全にそう思う	
1	0							あなたの年齢と性別を教えてください。	性別	男性@女性@その他@回答したくない	年齢	10代以下@20代@30代@40代@50代@60代@70代以上	質問はありません。「はい」を選択してください。	はい	質問はありません。「はい」を選択してください。	はい	質問はありません。「はい」を選択してください。	はい	
1	0							以下のURLの動画を見て各質問に回答してください。##https://taiga-mori.github.io/questionaire/11soodane.html	動画が視聴できた	視聴できた@視聴できなかった	ロボットはこの情報をあらかじめ知っていた	知っていた@知らなかった	ロボットの反応は自然だった	1. 全くそう思わない@2. あまりそう思わない@3. ややそう思わない@4. どちらとも言えない@5. ややそう思う@6. かなりそう思う@7. 完全にそう思う	ロボットはこの情報に興味を持っている	1. 全くそう思わない@2. あまりそう思わない@3. ややそう思わない@4. どちらとも言えない@5. ややそう思う@6. かなりそう思う@7. 完全にそう思う	ロボットはこの情報に同意している	1. 全くそう思わない@2. あまりそう思わない@3. ややそう思わない@4. どちらとも言えない@5. ややそう思う@6. かなりそう思う@7. 完全にそう思う	
1	0							以下のURLの動画を見て各質問に回答してください。##https://taiga-mori.github.io/questionaire/22dhee.html	動画が視聴できた	視聴できた@視聴できなかった	ロボットはこの情報をあらかじめ知っていた	知っていた@知らなかった	ロボットの反応は自然だった	1. 全くそう思わない@2. あまりそう思わない@3. ややそう思わない@4. どちらとも言えない@5. ややそう思う@6. かなりそう思う@7. 完全にそう思う	ロボットはこの情報に興味を持っている	1. 全くそう思わない@2. あまりそう思わない@3. ややそう思わない@4. どちらとも言えない@5. ややそう思う@6. かなりそう思う@7. 完全にそう思う	ロボットはこの情報に同意している	1. 全くそう思わない@2. あまりそう思わない@3. ややそう思わない@4. どちらとも言えない@5. ややそう思う@6. かなりそう思う@7. 完全にそう思う	
1	0							以下のURLの動画を見て各質問に回答してください。##https://taiga-mori.github.io/questionaire/24usoodane.html	動画が視聴できた	視聴できた@視聴できなかった	ロボットはこの情報をあらかじめ知っていた	知っていた@知らなかった	ロボットの反応は自然だった	1. 全くそう思わない@2. あまりそう思わない@3. ややそう思わない@4. どちらとも言えない@5. ややそう思う@6. かなりそう思う@7. 完全にそう思う	ロボットはこの情報に興味を持っている	1. 全くそう思わない@2. あまりそう思わない@3. ややそう思わない@4. どちらとも言えない@5. ややそう思う@6. かなりそう思う@7. 完全にそう思う	ロボットはこの情報に同意している	1. 全くそう思わない@2. あまりそう思わない@3. ややそう思わない@4. どちらとも言えない@5. ややそう思う@6. かなりそう思う@7. 完全にそう思う	
1	0							以下のURLの動画を見て各質問に回答してください。##https://taiga-mori.github.io/questionaire/8u.html	動画が視聴できた	視聴できた@視聴できなかった	ロボットはこの情報をあらかじめ知っていた	知っていた@知らなかった	ロボットの反応は自然だった	1. 全くそう思わない@2. あまりそう思わない@3. ややそう思わない@4. どちらとも言えない@5. ややそう思う@6. かなりそう思う@7. 完全にそう思う	ロボットはこの情報に興味を持っている	1. 全くそう思わない@2. あまりそう思わない@3. ややそう思わない@4. どちらとも言えない@5. ややそう思う@6. かなりそう思う@7. 完全にそう思う	ロボットはこの情報に同意している	1. 全くそう思わない@2. あまりそう思わない@3. ややそう思わない@4. どちらとも言えない@5. ややそう思う@6. かなりそう思う@7. 完全にそう思う	
1	0							以下のURLの動画を見て各質問に回答してください。##https://taiga-mori.github.io/questionaire/17uhee.html	動画が視聴できた	視聴できた@視聴できなかった	ロボットはこの情報をあらかじめ知っていた	知っていた@知らなかった	ロボットの反応は自然だった	1. 全くそう思わない@2. あまりそう思わない@3. ややそう思わない@4. どちらとも言えない@5. ややそう思う@6. かなりそう思う@7. 完全にそう思う	ロボットはこの情報に興味を持っている	1. 全くそう思わない@2. あまりそう思わない@3. ややそう思わない@4. どちらとも言えない@5. ややそう思う@6. かなりそう思う@7. 完全にそう思う	ロボットはこの情報に同意している	1. 全くそう思わない@2. あまりそう思わない@3. ややそう思わない@4. どちらとも言えない@5. ややそう思う@6. かなりそう思う@7. 完全にそう思う	
1	0							以下のURLの動画を見て各質問に回答してください。##https://taiga-mori.github.io/questionaire/4d.html	動画が視聴できた	視聴できた@視聴できなかった	ロボットはこの情報をあらかじめ知っていた	知っていた@知らなかった	ロボットの反応は自然だった	1. 全くそう思わない@2. あまりそう思わない@3. ややそう思わない@4. どちらとも言えない@5. ややそう思う@6. かなりそう思う@7. 完全にそう思う	ロボットはこの情報に興味を持っている	1. 全くそう思わない@2. あまりそう思わない@3. ややそう思わない@4. どちらとも言えない@5. ややそう思う@6. かなりそう思う@7. 完全にそう思う	ロボットはこの情報に同意している	1. 全くそう思わない@2. あまりそう思わない@3. ややそう思わない@4. どちらとも言えない@5. ややそう思う@6. かなりそう思う@7. 完全にそう思う	
1	0							以下のURLの動画を見て各質問に回答してください。##https://taiga-mori.github.io/questionaire/12dsoodane.html	動画が視聴できた	視聴できた@視聴できなかった	ロボットはこの情報をあらかじめ知っていた	知っていた@知らなかった	ロボットの反応は自然だった	1. 全くそう思わない@2. あまりそう思わない@3. ややそう思わない@4. どちらとも言えない@5. ややそう思う@6. かなりそう思う@7. 完全にそう思う	ロボットはこの情報に興味を持っている	1. 全くそう思わない@2. あまりそう思わない@3. ややそう思わない@4. どちらとも言えない@5. ややそう思う@6. かなりそう思う@7. 完全にそう思う	ロボットはこの情報に同意している	1. 全くそう思わない@2. あまりそう思わない@3. ややそう思わない@4. どちらとも言えない@5. ややそう思う@6. かなりそう思う@7. 完全にそう思う	
1	0							以下のURLの動画を見て各質問に回答してください。##https://taiga-mori.github.io/questionaire/15hee.html	動画が視聴できた	視聴できた@視聴できなかった	ロボットはこの情報をあらかじめ知っていた	知っていた@知らなかった	ロボットの反応は自然だった	1. 全くそう思わない@2. あまりそう思わない@3. ややそう思わない@4. どちらとも言えない@5. ややそう思う@6. かなりそう思う@7. 完全にそう思う	ロボットはこの情報に興味を持っている	1. 全くそう思わない@2. あまりそう思わない@3. ややそう思わない@4. どちらとも言えない@5. ややそう思う@6. かなりそう思う@7. 完全にそう思う	ロボットはこの情報に同意している	1. 全くそう思わない@2. あまりそう思わない@3. ややそう思わない@4. どちらとも言えない@5. ややそう思う@6. かなりそう思う@7. 完全にそう思う	
1	0							以下のURLの動画を見て各質問に回答してください。##https://taiga-mori.github.io/questionaire/21aa.html	動画が視聴できた	視聴できた@視聴できなかった	ロボットはこの情報をあらかじめ知っていた	知っていた@知らなかった	ロボットの反応は自然だった	1. 全くそう思わない@2. あまりそう思わない@3. ややそう思わない@4. どちらとも言えない@5. ややそう思う@6. かなりそう思う@7. 完全にそう思う	ロボットはこの情報に興味を持っている	1. 全くそう思わない@2. あまりそう思わない@3. ややそう思わない@4. どちらとも言えない@5. ややそう思う@6. かなりそう思う@7. 完全にそう思う	ロボットはこの情報に同意している	1. 全くそう思わない@2. あまりそう思わない@3. ややそう思わない@4. どちらとも言えない@5. ややそう思う@6. かなりそう思う@7. 完全にそう思う	
1	0							以下のURLの動画を見て各質問に回答してください。##https://taiga-mori.github.io/questionaire/14daa.html	動画が視聴できた	視聴できた@視聴できなかった	ロボットはこの情報をあらかじめ知っていた	知っていた@知らなかった	ロボットの反応は自然だった	1. 全くそう思わない@2. あまりそう思わない@3. ややそう思わない@4. どちらとも言えない@5. ややそう思う@6. かなりそう思う@7. 完全にそう思う	ロボットはこの情報に興味を持っている	1. 全くそう思わない@2. あまりそう思わない@3. ややそう思わない@4. どちらとも言えない@5. ややそう思う@6. かなりそう思う@7. 完全にそう思う	ロボットはこの情報に同意している	1. 全くそう思わない@2. あまりそう思わない@3. ややそう思わない@4. どちらとも言えない@5. ややそう思う@6. かなりそう思う@7. 完全にそう思う	
1	0							以下のURLの動画を見て各質問に回答してください。##https://taiga-mori.github.io/questionaire/3u.html	動画が視聴できた	視聴できた@視聴できなかった	ロボットはこの情報をあらかじめ知っていた	知っていた@知らなかった	ロボットの反応は自然だった	1. 全くそう思わない@2. あまりそう思わない@3. ややそう思わない@4. どちらとも言えない@5. ややそう思う@6. かなりそう思う@7. 完全にそう思う	ロボットはこの情報に興味を持っている	1. 全くそう思わない@2. あまりそう思わない@3. ややそう思わない@4. どちらとも言えない@5. ややそう思う@6. かなりそう思う@7. 完全にそう思う	ロボットはこの情報に同意している	1. 全くそう思わない@2. あまりそう思わない@3. ややそう思わない@4. どちらとも言えない@5. ややそう思う@6. かなりそう思う@7. 完全にそう思う	
1	0							以下のURLの動画を見て各質問に回答してください。##https://taiga-mori.github.io/questionaire/23d.html	動画が視聴できた	視聴できた@視聴できなかった	ロボットはこの情報をあらかじめ知っていた	知っていた@知らなかった	ロボットの反応は自然だった	1. 全くそう思わない@2. あまりそう思わない@3. ややそう思わない@4. どちらとも言えない@5. ややそう思う@6. かなりそう思う@7. 完全にそう思う	ロボットはこの情報に興味を持っている	1. 全くそう思わない@2. あまりそう思わない@3. ややそう思わない@4. どちらとも言えない@5. ややそう思う@6. かなりそう思う@7. 完全にそう思う	ロボットはこの情報に同意している	1. 全くそう思わない@2. あまりそう思わない@3. ややそう思わない@4. どちらとも言えない@5. ややそう思う@6. かなりそう思う@7. 完全にそう思う	
1	0							以下のURLの動画を見て各質問に回答してください。##https://taiga-mori.github.io/questionaire/13soosoo.html	動画が視聴できた	視聴できた@視聴できなかった	ロボットはこの情報をあらかじめ知っていた	知っていた@知らなかった	ロボットの反応は自然だった	1. 全くそう思わない@2. あまりそう思わない@3. ややそう思わない@4. どちらとも言えない@5. ややそう思う@6. かなりそう思う@7. 完全にそう思う	ロボットはこの情報に興味を持っている	1. 全くそう思わない@2. あまりそう思わない@3. ややそう思わない@4. どちらとも言えない@5. ややそう思う@6. かなりそう思う@7. 完全にそう思う	ロボットはこの情報に同意している	1. 全くそう思わない@2. あまりそう思わない@3. ややそう思わない@4. どちらとも言えない@5. ややそう思う@6. かなりそう思う@7. 完全にそう思う	
1	0							以下のURLの動画を見て各質問に回答してください。##https://taiga-mori.github.io/questionaire/1uaa.html	動画が視聴できた	視聴できた@視聴できなかった	ロボットはこの情報をあらかじめ知っていた	知っていた@知らなかった	ロボットの反応は自然だった	1. 全くそう思わない@2. あまりそう思わない@3. ややそう思わない@4. どちらとも言えない@5. ややそう思う@6. かなりそう思う@7. 完全にそう思う	ロボットはこの情報に興味を持っている	1. 全くそう思わない@2. あまりそう思わない@3. ややそう思わない@4. どちらとも言えない@5. ややそう思う@6. かなりそう思う@7. 完全にそう思う	ロボットはこの情報に同意している	1. 全くそう思わない@2. あまりそう思わない@3. ややそう思わない@4. どちらとも言えない@5. ややそう思う@6. かなりそう思う@7. 完全にそう思う	
1	0							以下のURLの動画を見て各質問に回答してください。##https://taiga-mori.github.io/questionaire/6dsoosoo.html	動画が視聴できた	視聴できた@視聴できなかった	ロボットはこの情報をあらかじめ知っていた	知っていた@知らなかった	ロボットの反応は自然だった	1. 全くそう思わない@2. あまりそう思わない@3. ややそう思わない@4. どちらとも言えない@5. ややそう思う@6. かなりそう思う@7. 完全にそう思う	ロボットはこの情報に興味を持っている	1. 全くそう思わない@2. あまりそう思わない@3. ややそう思わない@4. どちらとも言えない@5. ややそう思う@6. かなりそう思う@7. 完全にそう思う	ロボットはこの情報に同意している	1. 全くそう思わない@2. あまりそう思わない@3. ややそう思わない@4. どちらとも言えない@5. ややそう思う@6. かなりそう思う@7. 完全にそう思う	
1	0							以下のURLの動画を見て各質問に回答してください。##https://taiga-mori.github.io/questionaire/20usoosoo.html	動画が視聴できた	視聴できた@視聴できなかった	ロボットはこの情報をあらかじめ知っていた	知っていた@知らなかった	ロボットの反応は自然だった	1. 全くそう思わない@2. あまりそう思わない@3. ややそう思わない@4. どちらとも言えない@5. ややそう思う@6. かなりそう思う@7. 完全にそう思う	ロボットはこの情報に興味を持っている	1. 全くそう思わない@2. あまりそう思わない@3. ややそう思わない@4. どちらとも言えない@5. ややそう思う@6. かなりそう思う@7. 完全にそう思う	ロボットはこの情報に同意している	1. 全くそう思わない@2. あまりそう思わない@3. ややそう思わない@4. どちらとも言えない@5. ややそう思う@6. かなりそう思う@7. 完全にそう思う	
1	0							以下のURLの動画を見て各質問に回答してください。##https://taiga-mori.github.io/questionaire/5dhuun.html	動画が視聴できた	視聴できた@視聴できなかった	ロボットはこの情報をあらかじめ知っていた	知っていた@知らなかった	ロボットの反応は自然だった	1. 全くそう思わない@2. あまりそう思わない@3. ややそう思わない@4. どちらとも言えない@5. ややそう思う@6. かなりそう思う@7. 完全にそう思う	ロボットはこの情報に興味を持っている	1. 全くそう思わない@2. あまりそう思わない@3. ややそう思わない@4. どちらとも言えない@5. ややそう思う@6. かなりそう思う@7. 完全にそう思う	ロボットはこの情報に同意している	1. 全くそう思わない@2. あまりそう思わない@3. ややそう思わない@4. どちらとも言えない@5. ややそう思う@6. かなりそう思う@7. 完全にそう思う	
1	0							以下のURLの動画を見て各質問に回答してください。##https://taiga-mori.github.io/questionaire/18uhuun.html	動画が視聴できた	視聴できた@視聴できなかった	ロボットはこの情報をあらかじめ知っていた	知っていた@知らなかった	ロボットの反応は自然だった	1. 全くそう思わない@2. あまりそう思わない@3. ややそう思わない@4. どちらとも言えない@5. ややそう思う@6. かなりそう思う@7. 完全にそう思う	ロボットはこの情報に興味を持っている	1. 全くそう思わない@2. あまりそう思わない@3. ややそう思わない@4. どちらとも言えない@5. ややそう思う@6. かなりそう思う@7. 完全にそう思う	ロボットはこの情報に同意している	1. 全くそう思わない@2. あまりそう思わない@3. ややそう思わない@4. どちらとも言えない@5. ややそう思う@6. かなりそう思う@7. 完全にそう思う	
1	0							以下のURLの動画を見て各質問に回答してください。##https://taiga-mori.github.io/questionaire/10unun.html	動画が視聴できた	視聴できた@視聴できなかった	ロボットはこの情報をあらかじめ知っていた	知っていた@知らなかった	ロボットの反応は自然だった	1. 全くそう思わない@2. あまりそう思わない@3. ややそう思わない@4. どちらとも言えない@5. ややそう思う@6. かなりそう思う@7. 完全にそう思う	ロボットはこの情報に興味を持っている	1. 全くそう思わない@2. あまりそう思わない@3. ややそう思わない@4. どちらとも言えない@5. ややそう思う@6. かなりそう思う@7. 完全にそう思う	ロボットはこの情報に同意している	1. 全くそう思わない@2. あまりそう思わない@3. ややそう思わない@4. どちらとも言えない@5. ややそう思う@6. かなりそう思う@7. 完全にそう思う	
1	0							以下のURLの動画を見て各質問に回答してください。##https://taiga-mori.github.io/questionaire/16huun.html	動画が視聴できた	視聴できた@視聴できなかった	ロボットはこの情報をあらかじめ知っていた	知っていた@知らなかった	ロボットの反応は自然だった	1. 全くそう思わない@2. あまりそう思わない@3. ややそう思わない@4. どちらとも言えない@5. ややそう思う@6. かなりそう思う@7. 完全にそう思う	ロボットはこの情報に興味を持っている	1. 全くそう思わない@2. あまりそう思わない@3. ややそう思わない@4. どちらとも言えない@5. ややそう思う@6. かなりそう思う@7. 完全にそう思う	ロボットはこの情報に同意している	1. 全くそう思わない@2. あまりそう思わない@3. ややそう思わない@4. どちらとも言えない@5. ややそう思う@6. かなりそう思う@7. 完全にそう思う	
1	0							以下のURLの動画を見て各質問に回答してください。##https://taiga-mori.github.io/questionaire/7dunun.html	動画が視聴できた	視聴できた@視聴できなかった	ロボットはこの情報をあらかじめ知っていた	知っていた@知らなかった	ロボットの反応は自然だった	1. 全くそう思わない@2. あまりそう思わない@3. ややそう思わない@4. どちらとも言えない@5. ややそう思う@6. かなりそう思う@7. 完全にそう思う	ロボットはこの情報に興味を持っている	1. 全くそう思わない@2. あまりそう思わない@3. ややそう思わない@4. どちらとも言えない@5. ややそう思う@6. かなりそう思う@7. 完全にそう思う	ロボットはこの情報に同意している	1. 全くそう思わない@2. あまりそう思わない@3. ややそう思わない@4. どちらとも言えない@5. ややそう思う@6. かなりそう思う@7. 完全にそう思う	
1	0							以下のURLの動画を見て各質問に回答してください。##https://taiga-mori.github.io/questionaire/2uunun.html	動画が視聴できた	視聴できた@視聴できなかった	ロボットはこの情報をあらかじめ知っていた	知っていた@知らなかった	ロボットの反応は自然だった	1. 全くそう思わない@2. あまりそう思わない@3. ややそう思わない@4. どちらとも言えない@5. ややそう思う@6. かなりそう思う@7. 完全にそう思う	ロボットはこの情報に興味を持っている	1. 全くそう思わない@2. あまりそう思わない@3. ややそう思わない@4. どちらとも言えない@5. ややそう思う@6. かなりそう思う@7. 完全にそう思う	ロボットはこの情報に同意している	1. 全くそう思わない@2. あまりそう思わない@3. ややそう思わない@4. どちらとも言えない@5. ややそう思う@6. かなりそう思う@7. 完全にそう思う	
1	0							以下のURLの動画を見て各質問に回答してください。##https://taiga-mori.github.io/questionaire/9u.html	動画が視聴できた	視聴できた@視聴できなかった	ロボットはこの情報をあらかじめ知っていた	知っていた@知らなかった	ロボットの反応は自然だった	1. 全くそう思わない@2. あまりそう思わない@3. ややそう思わない@4. どちらとも言えない@5. ややそう思う@6. かなりそう思う@7. 完全にそう思う	ロボットはこの情報に興味を持っている	1. 全くそう思わない@2. あまりそう思わない@3. ややそう思わない@4. どちらとも言えない@5. ややそう思う@6. かなりそう思う@7. 完全にそう思う	ロボットはこの情報に同意している	1. 全くそう思わない@2. あまりそう思わない@3. ややそう思わない@4. どちらとも言えない@5. ややそう思う@6. かなりそう思う@7. 完全にそう思う	
1	0							以下のURLの動画を見て各質問に回答してください。##https://taiga-mori.github.io/questionaire/19d.html	動画が視聴できた	視聴できた@視聴できなかった	ロボットはこの情報をあらかじめ知っていた	知っていた@知らなかった	ロボットの反応は自然だった	1. 全くそう思わない@2. あまりそう思わない@3. ややそう思わない@4. どちらとも言えない@5. ややそう思う@6. かなりそう思う@7. 完全にそう思う	ロボットはこの情報に興味を持っている	1. 全くそう思わない@2. あまりそう思わない@3. ややそう思わない@4. どちらとも言えない@5. ややそう思う@6. かなりそう思う@7. 完全にそう思う	ロボットはこの情報に同意している	1. 全くそう思わない@2. あまりそう思わない@3. ややそう思わない@4. どちらとも言えない@5. ややそう思う@6. かなりそう思う@7. 完全にそう思う	
1	0							あなたの年齢と性別を教えてください。	性別	男性@女性@その他@回答したくない	年齢	10代以下@20代@30代@40代@50代@60代@70代以上	質問はありません。「はい」を選択してください。	はい	質問はありません。「はい」を選択してください。	はい	質問はありません。「はい」を選択してください。	はい	
1	0							以下のURLの動画を見て各質問に回答してください。##https://taiga-mori.github.io/questionaire/12huun.html	動画が視聴できた	視聴できた@視聴できなかった	ロボットはこの情報をあらかじめ知っていた	知っていた@知らなかった	ロボットの反応は自然だった	1. 全くそう思わない@2. あまりそう思わない@3. ややそう思わない@4. どちらとも言えない@5. ややそう思う@6. かなりそう思う@7. 完全にそう思う	ロボットはこの情報に興味を持っている	1. 全くそう思わない@2. あまりそう思わない@3. ややそう思わない@4. どちらとも言えない@5. ややそう思う@6. かなりそう思う@7. 完全にそう思う	ロボットはこの情報に同意している	1. 全くそう思わない@2. あまりそう思わない@3. ややそう思わない@4. どちらとも言えない@5. ややそう思う@6. かなりそう思う@7. 完全にそう思う	
1	0							以下のURLの動画を見て各質問に回答してください。##https://taiga-mori.github.io/questionaire/14dhuun.html	動画が視聴できた	視聴できた@視聴できなかった	ロボットはこの情報をあらかじめ知っていた	知っていた@知らなかった	ロボットの反応は自然だった	1. 全くそう思わない@2. あまりそう思わない@3. ややそう思わない@4. どちらとも言えない@5. ややそう思う@6. かなりそう思う@7. 完全にそう思う	ロボットはこの情報に興味を持っている	1. 全くそう思わない@2. あまりそう思わない@3. ややそう思わない@4. どちらとも言えない@5. ややそう思う@6. かなりそう思う@7. 完全にそう思う	ロボットはこの情報に同意している	1. 全くそう思わない@2. あまりそう思わない@3. ややそう思わない@4. どちらとも言えない@5. ややそう思う@6. かなりそう思う@7. 完全にそう思う	
1	0							以下のURLの動画を見て各質問に回答してください。##https://taiga-mori.github.io/questionaire/3uunun.html	動画が視聴できた	視聴できた@視聴できなかった	ロボットはこの情報をあらかじめ知っていた	知っていた@知らなかった	ロボットの反応は自然だった	1. 全くそう思わない@2. あまりそう思わない@3. ややそう思わない@4. どちらとも言えない@5. ややそう思う@6. かなりそう思う@7. 完全にそう思う	ロボットはこの情報に興味を持っている	1. 全くそう思わない@2. あまりそう思わない@3. ややそう思わない@4. どちらとも言えない@5. ややそう思う@6. かなりそう思う@7. 完全にそう思う	ロボットはこの情報に同意している	1. 全くそう思わない@2. あまりそう思わない@3. ややそう思わない@4. どちらとも言えない@5. ややそう思う@6. かなりそう思う@7. 完全にそう思う	
1	0							以下のURLの動画を見て各質問に回答してください。##https://taiga-mori.github.io/questionaire/16uhuun.html	動画が視聴できた	視聴できた@視聴できなかった	ロボットはこの情報をあらかじめ知っていた	知っていた@知らなかった	ロボットの反応は自然だった	1. 全くそう思わない@2. あまりそう思わない@3. ややそう思わない@4. どちらとも言えない@5. ややそう思う@6. かなりそう思う@7. 完全にそう思う	ロボットはこの情報に興味を持っている	1. 全くそう思わない@2. あまりそう思わない@3. ややそう思わない@4. どちらとも言えない@5. ややそう思う@6. かなりそう思う@7. 完全にそう思う	ロボットはこの情報に同意している	1. 全くそう思わない@2. あまりそう思わない@3. ややそう思わない@4. どちらとも言えない@5. ややそう思う@6. かなりそう思う@7. 完全にそう思う	
1	0							以下のURLの動画を見て各質問に回答してください。##https://taiga-mori.github.io/questionaire/20d.html	動画が視聴できた	視聴できた@視聴できなかった	ロボットはこの情報をあらかじめ知っていた	知っていた@知らなかった	ロボットの反応は自然だった	1. 全くそう思わない@2. あまりそう思わない@3. ややそう思わない@4. どちらとも言えない@5. ややそう思う@6. かなりそう思う@7. 完全にそう思う	ロボットはこの情報に興味を持っている	1. 全くそう思わない@2. あまりそう思わない@3. ややそう思わない@4. どちらとも言えない@5. ややそう思う@6. かなりそう思う@7. 完全にそう思う	ロボットはこの情報に同意している	1. 全くそう思わない@2. あまりそう思わない@3. ややそう思わない@4. どちらとも言えない@5. ややそう思う@6. かなりそう思う@7. 完全にそう思う	
1	0							以下のURLの動画を見て各質問に回答してください。##https://taiga-mori.github.io/questionaire/4dunun.html	動画が視聴できた	視聴できた@視聴できなかった	ロボットはこの情報をあらかじめ知っていた	知っていた@知らなかった	ロボットの反応は自然だった	1. 全くそう思わない@2. あまりそう思わない@3. ややそう思わない@4. どちらとも言えない@5. ややそう思う@6. かなりそう思う@7. 完全にそう思う	ロボットはこの情報に興味を持っている	1. 全くそう思わない@2. あまりそう思わない@3. ややそう思わない@4. どちらとも言えない@5. ややそう思う@6. かなりそう思う@7. 完全にそう思う	ロボットはこの情報に同意している	1. 全くそう思わない@2. あまりそう思わない@3. ややそう思わない@4. どちらとも言えない@5. ややそう思う@6. かなりそう思う@7. 完全にそう思う	
1	0							以下のURLの動画を見て各質問に回答してください。##https://taiga-mori.github.io/questionaire/19unun.html	動画が視聴できた	視聴できた@視聴できなかった	ロボットはこの情報をあらかじめ知っていた	知っていた@知らなかった	ロボットの反応は自然だった	1. 全くそう思わない@2. あまりそう思わない@3. ややそう思わない@4. どちらとも言えない@5. ややそう思う@6. かなりそう思う@7. 完全にそう思う	ロボットはこの情報に興味を持っている	1. 全くそう思わない@2. あまりそう思わない@3. ややそう思わない@4. どちらとも言えない@5. ややそう思う@6. かなりそう思う@7. 完全にそう思う	ロボットはこの情報に同意している	1. 全くそう思わない@2. あまりそう思わない@3. ややそう思わない@4. どちらとも言えない@5. ややそう思う@6. かなりそう思う@7. 完全にそう思う	
1	0							以下のURLの動画を見て各質問に回答してください。##https://taiga-mori.github.io/questionaire/1u.html	動画が視聴できた	視聴できた@視聴できなかった	ロボットはこの情報をあらかじめ知っていた	知っていた@知らなかった	ロボットの反応は自然だった	1. 全くそう思わない@2. あまりそう思わない@3. ややそう思わない@4. どちらとも言えない@5. ややそう思う@6. かなりそう思う@7. 完全にそう思う	ロボットはこの情報に興味を持っている	1. 全くそう思わない@2. あまりそう思わない@3. ややそう思わない@4. どちらとも言えない@5. ややそう思う@6. かなりそう思う@7. 完全にそう思う	ロボットはこの情報に同意している	1. 全くそう思わない@2. あまりそう思わない@3. ややそう思わない@4. どちらとも言えない@5. ややそう思う@6. かなりそう思う@7. 完全にそう思う	
1	0							以下のURLの動画を見て各質問に回答してください。##https://taiga-mori.github.io/questionaire/9uhee.html	動画が視聴できた	視聴できた@視聴できなかった	ロボットはこの情報をあらかじめ知っていた	知っていた@知らなかった	ロボットの反応は自然だった	1. 全くそう思わない@2. あまりそう思わない@3. ややそう思わない@4. どちらとも言えない@5. ややそう思う@6. かなりそう思う@7. 完全にそう思う	ロボットはこの情報に興味を持っている	1. 全くそう思わない@2. あまりそう思わない@3. ややそう思わない@4. どちらとも言えない@5. ややそう思う@6. かなりそう思う@7. 完全にそう思う	ロボットはこの情報に同意している	1. 全くそう思わない@2. あまりそう思わない@3. ややそう思わない@4. どちらとも言えない@5. ややそう思う@6. かなりそう思う@7. 完全にそう思う	
1	0							以下のURLの動画を見て各質問に回答してください。##https://taiga-mori.github.io/questionaire/13soosoo.html	動画が視聴できた	視聴できた@視聴できなかった	ロボットはこの情報をあらかじめ知っていた	知っていた@知らなかった	ロボットの反応は自然だった	1. 全くそう思わない@2. あまりそう思わない@3. ややそう思わない@4. どちらとも言えない@5. ややそう思う@6. かなりそう思う@7. 完全にそう思う	ロボットはこの情報に興味を持っている	1. 全くそう思わない@2. あまりそう思わない@3. ややそう思わない@4. どちらとも言えない@5. ややそう思う@6. かなりそう思う@7. 完全にそう思う	ロボットはこの情報に同意している	1. 全くそう思わない@2. あまりそう思わない@3. ややそう思わない@4. どちらとも言えない@5. ややそう思う@6. かなりそう思う@7. 完全にそう思う	
1	0							以下のURLの動画を見て各質問に回答してください。##https://taiga-mori.github.io/questionaire/17dhee.html	動画が視聴できた	視聴できた@視聴できなかった	ロボットはこの情報をあらかじめ知っていた	知っていた@知らなかった	ロボットの反応は自然だった	1. 全くそう思わない@2. あまりそう思わない@3. ややそう思わない@4. どちらとも言えない@5. ややそう思う@6. かなりそう思う@7. 完全にそう思う	ロボットはこの情報に興味を持っている	1. 全くそう思わない@2. あまりそう思わない@3. ややそう思わない@4. どちらとも言えない@5. ややそう思う@6. かなりそう思う@7. 完全にそう思う	ロボットはこの情報に同意している	1. 全くそう思わない@2. あまりそう思わない@3. ややそう思わない@4. どちらとも言えない@5. ややそう思う@6. かなりそう思う@7. 完全にそう思う	
1	0							以下のURLの動画を見て各質問に回答してください。##https://taiga-mori.github.io/questionaire/5d.html	動画が視聴できた	視聴できた@視聴できなかった	ロボットはこの情報をあらかじめ知っていた	知っていた@知らなかった	ロボットの反応は自然だった	1. 全くそう思わない@2. あまりそう思わない@3. ややそう思わない@4. どちらとも言えない@5. ややそう思う@6. かなりそう思う@7. 完全にそう思う	ロボットはこの情報に興味を持っている	1. 全くそう思わない@2. あまりそう思わない@3. ややそう思わない@4. どちらとも言えない@5. ややそう思う@6. かなりそう思う@7. 完全にそう思う	ロボットはこの情報に同意している	1. 全くそう思わない@2. あまりそう思わない@3. ややそう思わない@4. どちらとも言えない@5. ややそう思う@6. かなりそう思う@7. 完全にそう思う	
1	0							以下のURLの動画を見て各質問に回答してください。##https://taiga-mori.github.io/questionaire/18usoosoo.html	動画が視聴できた	視聴できた@視聴できなかった	ロボットはこの情報をあらかじめ知っていた	知っていた@知らなかった	ロボットの反応は自然だった	1. 全くそう思わない@2. あまりそう思わない@3. ややそう思わない@4. どちらとも言えない@5. ややそう思う@6. かなりそう思う@7. 完全にそう思う	ロボットはこの情報に興味を持っている	1. 全くそう思わない@2. あまりそう思わない@3. ややそう思わない@4. どちらとも言えない@5. ややそう思う@6. かなりそう思う@7. 完全にそう思う	ロボットはこの情報に同意している	1. 全くそう思わない@2. あまりそう思わない@3. ややそう思わない@4. どちらとも言えない@5. ややそう思う@6. かなりそう思う@7. 完全にそう思う	
1	0							以下のURLの動画を見て各質問に回答してください。##https://taiga-mori.github.io/questionaire/23hee.html	動画が視聴できた	視聴できた@視聴できなかった	ロボットはこの情報をあらかじめ知っていた	知っていた@知らなかった	ロボットの反応は自然だった	1. 全くそう思わない@2. あまりそう思わない@3. ややそう思わない@4. どちらとも言えない@5. ややそう思う@6. かなりそう思う@7. 完全にそう思う	ロボットはこの情報に興味を持っている	1. 全くそう思わない@2. あまりそう思わない@3. ややそう思わない@4. どちらとも言えない@5. ややそう思う@6. かなりそう思う@7. 完全にそう思う	ロボットはこの情報に同意している	1. 全くそう思わない@2. あまりそう思わない@3. ややそう思わない@4. どちらとも言えない@5. ややそう思う@6. かなりそう思う@7. 完全にそう思う	
1	0							以下のURLの動画を見て各質問に回答してください。##https://taiga-mori.github.io/questionaire/7u.html	動画が視聴できた	視聴できた@視聴できなかった	ロボットはこの情報をあらかじめ知っていた	知っていた@知らなかった	ロボットの反応は自然だった	1. 全くそう思わない@2. あまりそう思わない@3. ややそう思わない@4. どちらとも言えない@5. ややそう思う@6. かなりそう思う@7. 完全にそう思う	ロボットはこの情報に興味を持っている	1. 全くそう思わない@2. あまりそう思わない@3. ややそう思わない@4. どちらとも言えない@5. ややそう思う@6. かなりそう思う@7. 完全にそう思う	ロボットはこの情報に同意している	1. 全くそう思わない@2. あまりそう思わない@3. ややそう思わない@4. どちらとも言えない@5. ややそう思う@6. かなりそう思う@7. 完全にそう思う	
1	0							以下のURLの動画を見て各質問に回答してください。##https://taiga-mori.github.io/questionaire/21dsoosoo.html	動画が視聴できた	視聴できた@視聴できなかった	ロボットはこの情報をあらかじめ知っていた	知っていた@知らなかった	ロボットの反応は自然だった	1. 全くそう思わない@2. あまりそう思わない@3. ややそう思わない@4. どちらとも言えない@5. ややそう思う@6. かなりそう思う@7. 完全にそう思う	ロボットはこの情報に興味を持っている	1. 全くそう思わない@2. あまりそう思わない@3. ややそう思わない@4. どちらとも言えない@5. ややそう思う@6. かなりそう思う@7. 完全にそう思う	ロボットはこの情報に同意している	1. 全くそう思わない@2. あまりそう思わない@3. ややそう思わない@4. どちらとも言えない@5. ややそう思う@6. かなりそう思う@7. 完全にそう思う	
1	0							以下のURLの動画を見て各質問に回答してください。##https://taiga-mori.github.io/questionaire/22dsoodane.html	動画が視聴できた	視聴できた@視聴できなかった	ロボットはこの情報をあらかじめ知っていた	知っていた@知らなかった	ロボットの反応は自然だった	1. 全くそう思わない@2. あまりそう思わない@3. ややそう思わない@4. どちらとも言えない@5. ややそう思う@6. かなりそう思う@7. 完全にそう思う	ロボットはこの情報に興味を持っている	1. 全くそう思わない@2. あまりそう思わない@3. ややそう思わない@4. どちらとも言えない@5. ややそう思う@6. かなりそう思う@7. 完全にそう思う	ロボットはこの情報に同意している	1. 全くそう思わない@2. あまりそう思わない@3. ややそう思わない@4. どちらとも言えない@5. ややそう思う@6. かなりそう思う@7. 完全にそう思う	
1	0							以下のURLの動画を見て各質問に回答してください。##https://taiga-mori.github.io/questionaire/15uaa.html	動画が視聴できた	視聴できた@視聴できなかった	ロボットはこの情報をあらかじめ知っていた	知っていた@知らなかった	ロボットの反応は自然だった	1. 全くそう思わない@2. あまりそう思わない@3. ややそう思わない@4. どちらとも言えない@5. ややそう思う@6. かなりそう思う@7. 完全にそう思う	ロボットはこの情報に興味を持っている	1. 全くそう思わない@2. あまりそう思わない@3. ややそう思わない@4. どちらとも言えない@5. ややそう思う@6. かなりそう思う@7. 完全にそう思う	ロボットはこの情報に同意している	1. 全くそう思わない@2. あまりそう思わない@3. ややそう思わない@4. どちらとも言えない@5. ややそう思う@6. かなりそう思う@7. 完全にそう思う	
1	0							以下のURLの動画を見て各質問に回答してください。##https://taiga-mori.github.io/questionaire/10usoodane.html	動画が視聴できた	視聴できた@視聴できなかった	ロボットはこの情報をあらかじめ知っていた	知っていた@知らなかった	ロボットの反応は自然だった	1. 全くそう思わない@2. あまりそう思わない@3. ややそう思わない@4. どちらとも言えない@5. ややそう思う@6. かなりそう思う@7. 完全にそう思う	ロボットはこの情報に興味を持っている	1. 全くそう思わない@2. あまりそう思わない@3. ややそう思わない@4. どちらとも言えない@5. ややそう思う@6. かなりそう思う@7. 完全にそう思う	ロボットはこの情報に同意している	1. 全くそう思わない@2. あまりそう思わない@3. ややそう思わない@4. どちらとも言えない@5. ややそう思う@6. かなりそう思う@7. 完全にそう思う	
1	0							以下のURLの動画を見て各質問に回答してください。##https://taiga-mori.github.io/questionaire/11d.html	動画が視聴できた	視聴できた@視聴できなかった	ロボットはこの情報をあらかじめ知っていた	知っていた@知らなかった	ロボットの反応は自然だった	1. 全くそう思わない@2. あまりそう思わない@3. ややそう思わない@4. どちらとも言えない@5. ややそう思う@6. かなりそう思う@7. 完全にそう思う	ロボットはこの情報に興味を持っている	1. 全くそう思わない@2. あまりそう思わない@3. ややそう思わない@4. どちらとも言えない@5. ややそう思う@6. かなりそう思う@7. 完全にそう思う	ロボットはこの情報に同意している	1. 全くそう思わない@2. あまりそう思わない@3. ややそう思わない@4. どちらとも言えない@5. ややそう思う@6. かなりそう思う@7. 完全にそう思う	
1	0							以下のURLの動画を見て各質問に回答してください。##https://taiga-mori.github.io/questionaire/8aa.html	動画が視聴できた	視聴できた@視聴できなかった	ロボットはこの情報をあらかじめ知っていた	知っていた@知らなかった	ロボットの反応は自然だった	1. 全くそう思わない@2. あまりそう思わない@3. ややそう思わない@4. どちらとも言えない@5. ややそう思う@6. かなりそう思う@7. 完全にそう思う	ロボットはこの情報に興味を持っている	1. 全くそう思わない@2. あまりそう思わない@3. ややそう思わない@4. どちらとも言えない@5. ややそう思う@6. かなりそう思う@7. 完全にそう思う	ロボットはこの情報に同意している	1. 全くそう思わない@2. あまりそう思わない@3. ややそう思わない@4. どちらとも言えない@5. ややそう思う@6. かなりそう思う@7. 完全にそう思う	
1	0							以下のURLの動画を見て各質問に回答してください。##https://taiga-mori.github.io/questionaire/2soodane.html	動画が視聴できた	視聴できた@視聴できなかった	ロボットはこの情報をあらかじめ知っていた	知っていた@知らなかった	ロボットの反応は自然だった	1. 全くそう思わない@2. あまりそう思わない@3. ややそう思わない@4. どちらとも言えない@5. ややそう思う@6. かなりそう思う@7. 完全にそう思う	ロボットはこの情報に興味を持っている	1. 全くそう思わない@2. あまりそう思わない@3. ややそう思わない@4. どちらとも言えない@5. ややそう思う@6. かなりそう思う@7. 完全にそう思う	ロボットはこの情報に同意している	1. 全くそう思わない@2. あまりそう思わない@3. ややそう思わない@4. どちらとも言えない@5. ややそう思う@6. かなりそう思う@7. 完全にそう思う	
1	0							以下のURLの動画を見て各質問に回答してください。##https://taiga-mori.github.io/questionaire/6u.html	動画が視聴できた	視聴できた@視聴できなかった	ロボットはこの情報をあらかじめ知っていた	知っていた@知らなかった	ロボットの反応は自然だった	1. 全くそう思わない@2. あまりそう思わない@3. ややそう思わない@4. どちらとも言えない@5. ややそう思う@6. かなりそう思う@7. 完全にそう思う	ロボットはこの情報に興味を持っている	1. 全くそう思わない@2. あまりそう思わない@3. ややそう思わない@4. どちらとも言えない@5. ややそう思う@6. かなりそう思う@7. 完全にそう思う	ロボットはこの情報に同意している	1. 全くそう思わない@2. あまりそう思わない@3. ややそう思わない@4. どちらとも言えない@5. ややそう思う@6. かなりそう思う@7. 完全にそう思う	
1	0							以下のURLの動画を見て各質問に回答してください。##https://taiga-mori.github.io/questionaire/24daa.html	動画が視聴できた	視聴できた@視聴できなかった	ロボットはこの情報をあらかじめ知っていた	知っていた@知らなかった	ロボットの反応は自然だった	1. 全くそう思わない@2. あまりそう思わない@3. ややそう思わない@4. どちらとも言えない@5. ややそう思う@6. かなりそう思う@7. 完全にそう思う	ロボットはこの情報に興味を持っている	1. 全くそう思わない@2. あまりそう思わない@3. ややそう思わない@4. どちらとも言えない@5. ややそう思う@6. かなりそう思う@7. 完全にそう思う	ロボットはこの情報に同意している	1. 全くそう思わない@2. あまりそう思わない@3. ややそう思わない@4. どちらとも言えない@5. ややそう思う@6. かなりそう思う@7. 完全にそう思う	
1	0							あなたの年齢と性別を教えてください。	性別	男性@女性@その他@回答したくない	年齢	10代以下@20代@30代@40代@50代@60代@70代以上	質問はありません。「はい」を選択してください。	はい	質問はありません。「はい」を選択してください。	はい	質問はありません。「はい」を選択してください。	はい	
1	0							以下のURLの動画を見て各質問に回答してください。##https://taiga-mori.github.io/questionaire/9d.html	動画が視聴できた	視聴できた@視聴できなかった	ロボットはこの情報をあらかじめ知っていた	知っていた@知らなかった	ロボットの反応は自然だった	1. 全くそう思わない@2. あまりそう思わない@3. ややそう思わない@4. どちらとも言えない@5. ややそう思う@6. かなりそう思う@7. 完全にそう思う	ロボットはこの情報に興味を持っている	1. 全くそう思わない@2. あまりそう思わない@3. ややそう思わない@4. どちらとも言えない@5. ややそう思う@6. かなりそう思う@7. 完全にそう思う	ロボットはこの情報に同意している	1. 全くそう思わない@2. あまりそう思わない@3. ややそう思わない@4. どちらとも言えない@5. ややそう思う@6. かなりそう思う@7. 完全にそう思う	
1	0							以下のURLの動画を見て各質問に回答してください。##https://taiga-mori.github.io/questionaire/21u.html	動画が視聴できた	視聴できた@視聴できなかった	ロボットはこの情報をあらかじめ知っていた	知っていた@知らなかった	ロボットの反応は自然だった	1. 全くそう思わない@2. あまりそう思わない@3. ややそう思わない@4. どちらとも言えない@5. ややそう思う@6. かなりそう思う@7. 完全にそう思う	ロボットはこの情報に興味を持っている	1. 全くそう思わない@2. あまりそう思わない@3. ややそう思わない@4. どちらとも言えない@5. ややそう思う@6. かなりそう思う@7. 完全にそう思う	ロボットはこの情報に同意している	1. 全くそう思わない@2. あまりそう思わない@3. ややそう思わない@4. どちらとも言えない@5. ややそう思う@6. かなりそう思う@7. 完全にそう思う	
1	0							以下のURLの動画を見て各質問に回答してください。##https://taiga-mori.github.io/questionaire/18uaa.html	動画が視聴できた	視聴できた@視聴できなかった	ロボットはこの情報をあらかじめ知っていた	知っていた@知らなかった	ロボットの反応は自然だった	1. 全くそう思わない@2. あまりそう思わない@3. ややそう思わない@4. どちらとも言えない@5. ややそう思う@6. かなりそう思う@7. 完全にそう思う	ロボットはこの情報に興味を持っている	1. 全くそう思わない@2. あまりそう思わない@3. ややそう思わない@4. どちらとも言えない@5. ややそう思う@6. かなりそう思う@7. 完全にそう思う	ロボットはこの情報に同意している	1. 全くそう思わない@2. あまりそう思わない@3. ややそう思わない@4. どちらとも言えない@5. ややそう思う@6. かなりそう思う@7. 完全にそう思う	
1	0							以下のURLの動画を見て各質問に回答してください。##https://taiga-mori.github.io/questionaire/19soodane.html	動画が視聴できた	視聴できた@視聴できなかった	ロボットはこの情報をあらかじめ知っていた	知っていた@知らなかった	ロボットの反応は自然だった	1. 全くそう思わない@2. あまりそう思わない@3. ややそう思わない@4. どちらとも言えない@5. ややそう思う@6. かなりそう思う@7. 完全にそう思う	ロボットはこの情報に興味を持っている	1. 全くそう思わない@2. あまりそう思わない@3. ややそう思わない@4. どちらとも言えない@5. ややそう思う@6. かなりそう思う@7. 完全にそう思う	ロボットはこの情報に同意している	1. 全くそう思わない@2. あまりそう思わない@3. ややそう思わない@4. どちらとも言えない@5. ややそう思う@6. かなりそう思う@7. 完全にそう思う	
1	0							以下のURLの動画を見て各質問に回答してください。##https://taiga-mori.github.io/questionaire/6aa.html	動画が視聴できた	視聴できた@視聴できなかった	ロボットはこの情報をあらかじめ知っていた	知っていた@知らなかった	ロボットの反応は自然だった	1. 全くそう思わない@2. あまりそう思わない@3. ややそう思わない@4. どちらとも言えない@5. ややそう思う@6. かなりそう思う@7. 完全にそう思う	ロボットはこの情報に興味を持っている	1. 全くそう思わない@2. あまりそう思わない@3. ややそう思わない@4. どちらとも言えない@5. ややそう思う@6. かなりそう思う@7. 完全にそう思う	ロボットはこの情報に同意している	1. 全くそう思わない@2. あまりそう思わない@3. ややそう思わない@4. どちらとも言えない@5. ややそう思う@6. かなりそう思う@7. 完全にそう思う	
1	0							以下のURLの動画を見て各質問に回答してください。##https://taiga-mori.github.io/questionaire/20usoodane.html	動画が視聴できた	視聴できた@視聴できなかった	ロボットはこの情報をあらかじめ知っていた	知っていた@知らなかった	ロボットの反応は自然だった	1. 全くそう思わない@2. あまりそう思わない@3. ややそう思わない@4. どちらとも言えない@5. ややそう思う@6. かなりそう思う@7. 完全にそう思う	ロボットはこの情報に興味を持っている	1. 全くそう思わない@2. あまりそう思わない@3. ややそう思わない@4. どちらとも言えない@5. ややそう思う@6. かなりそう思う@7. 完全にそう思う	ロボットはこの情報に同意している	1. 全くそう思わない@2. あまりそう思わない@3. ややそう思わない@4. どちらとも言えない@5. ややそう思う@6. かなりそう思う@7. 完全にそう思う	
1	0							以下のURLの動画を見て各質問に回答してください。##https://taiga-mori.github.io/questionaire/8dsoodane.html	動画が視聴できた	視聴できた@視聴できなかった	ロボットはこの情報をあらかじめ知っていた	知っていた@知らなかった	ロボットの反応は自然だった	1. 全くそう思わない@2. あまりそう思わない@3. ややそう思わない@4. どちらとも言えない@5. ややそう思う@6. かなりそう思う@7. 完全にそう思う	ロボットはこの情報に興味を持っている	1. 全くそう思わない@2. あまりそう思わない@3. ややそう思わない@4. どちらとも言えない@5. ややそう思う@6. かなりそう思う@7. 完全にそう思う	ロボットはこの情報に同意している	1. 全くそう思わない@2. あまりそう思わない@3. ややそう思わない@4. どちらとも言えない@5. ややそう思う@6. かなりそう思う@7. 完全にそう思う	
1	0							以下のURLの動画を見て各質問に回答してください。##https://taiga-mori.github.io/questionaire/4daa.html	動画が視聴できた	視聴できた@視聴できなかった	ロボットはこの情報をあらかじめ知っていた	知っていた@知らなかった	ロボットの反応は自然だった	1. 全くそう思わない@2. あまりそう思わない@3. ややそう思わない@4. どちらとも言えない@5. ややそう思う@6. かなりそう思う@7. 完全にそう思う	ロボットはこの情報に興味を持っている	1. 全くそう思わない@2. あまりそう思わない@3. ややそう思わない@4. どちらとも言えない@5. ややそう思う@6. かなりそう思う@7. 完全にそう思う	ロボットはこの情報に同意している	1. 全くそう思わない@2. あまりそう思わない@3. ややそう思わない@4. どちらとも言えない@5. ややそう思う@6. かなりそう思う@7. 完全にそう思う	
1	0							以下のURLの動画を見て各質問に回答してください。##https://taiga-mori.github.io/questionaire/23dunun.html	動画が視聴できた	視聴できた@視聴できなかった	ロボットはこの情報をあらかじめ知っていた	知っていた@知らなかった	ロボットの反応は自然だった	1. 全くそう思わない@2. あまりそう思わない@3. ややそう思わない@4. どちらとも言えない@5. ややそう思う@6. かなりそう思う@7. 完全にそう思う	ロボットはこの情報に興味を持っている	1. 全くそう思わない@2. あまりそう思わない@3. ややそう思わない@4. どちらとも言えない@5. ややそう思う@6. かなりそう思う@7. 完全にそう思う	ロボットはこの情報に同意している	1. 全くそう思わない@2. あまりそう思わない@3. ややそう思わない@4. どちらとも言えない@5. ややそう思う@6. かなりそう思う@7. 完全にそう思う	
1	0							以下のURLの動画を見て各質問に回答してください。##https://taiga-mori.github.io/questionaire/1u.html	動画が視聴できた	視聴できた@視聴できなかった	ロボットはこの情報をあらかじめ知っていた	知っていた@知らなかった	ロボットの反応は自然だった	1. 全くそう思わない@2. あまりそう思わない@3. ややそう思わない@4. どちらとも言えない@5. ややそう思う@6. かなりそう思う@7. 完全にそう思う	ロボットはこの情報に興味を持っている	1. 全くそう思わない@2. あまりそう思わない@3. ややそう思わない@4. どちらとも言えない@5. ややそう思う@6. かなりそう思う@7. 完全にそう思う	ロボットはこの情報に同意している	1. 全くそう思わない@2. あまりそう思わない@3. ややそう思わない@4. どちらとも言えない@5. ややそう思う@6. かなりそう思う@7. 完全にそう思う	
1	0							以下のURLの動画を見て各質問に回答してください。##https://taiga-mori.github.io/questionaire/17dhuun.html	動画が視聴できた	視聴できた@視聴できなかった	ロボットはこの情報をあらかじめ知っていた	知っていた@知らなかった	ロボットの反応は自然だった	1. 全くそう思わない@2. あまりそう思わない@3. ややそう思わない@4. どちらとも言えない@5. ややそう思う@6. かなりそう思う@7. 完全にそう思う	ロボットはこの情報に興味を持っている	1. 全くそう思わない@2. あまりそう思わない@3. ややそう思わない@4. どちらとも言えない@5. ややそう思う@6. かなりそう思う@7. 完全にそう思う	ロボットはこの情報に同意している	1. 全くそう思わない@2. あまりそう思わない@3. ややそう思わない@4. どちらとも言えない@5. ややそう思う@6. かなりそう思う@7. 完全にそう思う	
1	0							以下のURLの動画を見て各質問に回答してください。##https://taiga-mori.github.io/questionaire/16huun.html	動画が視聴できた	視聴できた@視聴できなかった	ロボットはこの情報をあらかじめ知っていた	知っていた@知らなかった	ロボットの反応は自然だった	1. 全くそう思わない@2. あまりそう思わない@3. ややそう思わない@4. どちらとも言えない@5. ややそう思う@6. かなりそう思う@7. 完全にそう思う	ロボットはこの情報に興味を持っている	1. 全くそう思わない@2. あまりそう思わない@3. ややそう思わない@4. どちらとも言えない@5. ややそう思う@6. かなりそう思う@7. 完全にそう思う	ロボットはこの情報に同意している	1. 全くそう思わない@2. あまりそう思わない@3. ややそう思わない@4. どちらとも言えない@5. ややそう思う@6. かなりそう思う@7. 完全にそう思う	
1	0							以下のURLの動画を見て各質問に回答してください。##https://taiga-mori.github.io/questionaire/10d.html	動画が視聴できた	視聴できた@視聴できなかった	ロボットはこの情報をあらかじめ知っていた	知っていた@知らなかった	ロボットの反応は自然だった	1. 全くそう思わない@2. あまりそう思わない@3. ややそう思わない@4. どちらとも言えない@5. ややそう思う@6. かなりそう思う@7. 完全にそう思う	ロボットはこの情報に興味を持っている	1. 全くそう思わない@2. あまりそう思わない@3. ややそう思わない@4. どちらとも言えない@5. ややそう思う@6. かなりそう思う@7. 完全にそう思う	ロボットはこの情報に同意している	1. 全くそう思わない@2. あまりそう思わない@3. ややそう思わない@4. どちらとも言えない@5. ややそう思う@6. かなりそう思う@7. 完全にそう思う	
1	0							以下のURLの動画を見て各質問に回答してください。##https://taiga-mori.github.io/questionaire/7uunun.html	動画が視聴できた	視聴できた@視聴できなかった	ロボットはこの情報をあらかじめ知っていた	知っていた@知らなかった	ロボットの反応は自然だった	1. 全くそう思わない@2. あまりそう思わない@3. ややそう思わない@4. どちらとも言えない@5. ややそう思う@6. かなりそう思う@7. 完全にそう思う	ロボットはこの情報に興味を持っている	1. 全くそう思わない@2. あまりそう思わない@3. ややそう思わない@4. どちらとも言えない@5. ややそう思う@6. かなりそう思う@7. 完全にそう思う	ロボットはこの情報に同意している	1. 全くそう思わない@2. あまりそう思わない@3. ややそう思わない@4. どちらとも言えない@5. ややそう思う@6. かなりそう思う@7. 完全にそう思う	
1	0							以下のURLの動画を見て各質問に回答してください。##https://taiga-mori.github.io/questionaire/11unun.html	動画が視聴できた	視聴できた@視聴できなかった	ロボットはこの情報をあらかじめ知っていた	知っていた@知らなかった	ロボットの反応は自然だった	1. 全くそう思わない@2. あまりそう思わない@3. ややそう思わない@4. どちらとも言えない@5. ややそう思う@6. かなりそう思う@7. 完全にそう思う	ロボットはこの情報に興味を持っている	1. 全くそう思わない@2. あまりそう思わない@3. ややそう思わない@4. どちらとも言えない@5. ややそう思う@6. かなりそう思う@7. 完全にそう思う	ロボットはこの情報に同意している	1. 全くそう思わない@2. あまりそう思わない@3. ややそう思わない@4. どちらとも言えない@5. ややそう思う@6. かなりそう思う@7. 完全にそう思う	
1	0							以下のURLの動画を見て各質問に回答してください。##https://taiga-mori.github.io/questionaire/5uhuun.html	動画が視聴できた	視聴できた@視聴できなかった	ロボットはこの情報をあらかじめ知っていた	知っていた@知らなかった	ロボットの反応は自然だった	1. 全くそう思わない@2. あまりそう思わない@3. ややそう思わない@4. どちらとも言えない@5. ややそう思う@6. かなりそう思う@7. 完全にそう思う	ロボットはこの情報に興味を持っている	1. 全くそう思わない@2. あまりそう思わない@3. ややそう思わない@4. どちらとも言えない@5. ややそう思う@6. かなりそう思う@7. 完全にそう思う	ロボットはこの情報に同意している	1. 全くそう思わない@2. あまりそう思わない@3. ややそう思わない@4. どちらとも言えない@5. ややそう思う@6. かなりそう思う@7. 完全にそう思う	
1	0							以下のURLの動画を見て各質問に回答してください。##https://taiga-mori.github.io/questionaire/15dhee.html	動画が視聴できた	視聴できた@視聴できなかった	ロボットはこの情報をあらかじめ知っていた	知っていた@知らなかった	ロボットの反応は自然だった	1. 全くそう思わない@2. あまりそう思わない@3. ややそう思わない@4. どちらとも言えない@5. ややそう思う@6. かなりそう思う@7. 完全にそう思う	ロボットはこの情報に興味を持っている	1. 全くそう思わない@2. あまりそう思わない@3. ややそう思わない@4. どちらとも言えない@5. ややそう思う@6. かなりそう思う@7. 完全にそう思う	ロボットはこの情報に同意している	1. 全くそう思わない@2. あまりそう思わない@3. ややそう思わない@4. どちらとも言えない@5. ややそう思う@6. かなりそう思う@7. 完全にそう思う	
1	0							以下のURLの動画を見て各質問に回答してください。##https://taiga-mori.github.io/questionaire/3dsoosoo.html	動画が視聴できた	視聴できた@視聴できなかった	ロボットはこの情報をあらかじめ知っていた	知っていた@知らなかった	ロボットの反応は自然だった	1. 全くそう思わない@2. あまりそう思わない@3. ややそう思わない@4. どちらとも言えない@5. ややそう思う@6. かなりそう思う@7. 完全にそう思う	ロボットはこの情報に興味を持っている	1. 全くそう思わない@2. あまりそう思わない@3. ややそう思わない@4. どちらとも言えない@5. ややそう思う@6. かなりそう思う@7. 完全にそう思う	ロボットはこの情報に同意している	1. 全くそう思わない@2. あまりそう思わない@3. ややそう思わない@4. どちらとも言えない@5. ややそう思う@6. かなりそう思う@7. 完全にそう思う	
1	0							以下のURLの動画を見て各質問に回答してください。##https://taiga-mori.github.io/questionaire/22uhee.html	動画が視聴できた	視聴できた@視聴できなかった	ロボットはこの情報をあらかじめ知っていた	知っていた@知らなかった	ロボットの反応は自然だった	1. 全くそう思わない@2. あまりそう思わない@3. ややそう思わない@4. どちらとも言えない@5. ややそう思う@6. かなりそう思う@7. 完全にそう思う	ロボットはこの情報に興味を持っている	1. 全くそう思わない@2. あまりそう思わない@3. ややそう思わない@4. どちらとも言えない@5. ややそう思う@6. かなりそう思う@7. 完全にそう思う	ロボットはこの情報に同意している	1. 全くそう思わない@2. あまりそう思わない@3. ややそう思わない@4. どちらとも言えない@5. ややそう思う@6. かなりそう思う@7. 完全にそう思う	
1	0							以下のURLの動画を見て各質問に回答してください。##https://taiga-mori.github.io/questionaire/14d.html	動画が視聴できた	視聴できた@視聴できなかった	ロボットはこの情報をあらかじめ知っていた	知っていた@知らなかった	ロボットの反応は自然だった	1. 全くそう思わない@2. あまりそう思わない@3. ややそう思わない@4. どちらとも言えない@5. ややそう思う@6. かなりそう思う@7. 完全にそう思う	ロボットはこの情報に興味を持っている	1. 全くそう思わない@2. あまりそう思わない@3. ややそう思わない@4. どちらとも言えない@5. ややそう思う@6. かなりそう思う@7. 完全にそう思う	ロボットはこの情報に同意している	1. 全くそう思わない@2. あまりそう思わない@3. ややそう思わない@4. どちらとも言えない@5. ややそう思う@6. かなりそう思う@7. 完全にそう思う	
1	0							以下のURLの動画を見て各質問に回答してください。##https://taiga-mori.github.io/questionaire/2u.html	動画が視聴できた	視聴できた@視聴できなかった	ロボットはこの情報をあらかじめ知っていた	知っていた@知らなかった	ロボットの反応は自然だった	1. 全くそう思わない@2. あまりそう思わない@3. ややそう思わない@4. どちらとも言えない@5. ややそう思う@6. かなりそう思う@7. 完全にそう思う	ロボットはこの情報に興味を持っている	1. 全くそう思わない@2. あまりそう思わない@3. ややそう思わない@4. どちらとも言えない@5. ややそう思う@6. かなりそう思う@7. 完全にそう思う	ロボットはこの情報に同意している	1. 全くそう思わない@2. あまりそう思わない@3. ややそう思わない@4. どちらとも言えない@5. ややそう思う@6. かなりそう思う@7. 完全にそう思う	
1	0							以下のURLの動画を見て各質問に回答してください。##https://taiga-mori.github.io/questionaire/24hee.html	動画が視聴できた	視聴できた@視聴できなかった	ロボットはこの情報をあらかじめ知っていた	知っていた@知らなかった	ロボットの反応は自然だった	1. 全くそう思わない@2. あまりそう思わない@3. ややそう思わない@4. どちらとも言えない@5. ややそう思う@6. かなりそう思う@7. 完全にそう思う	ロボットはこの情報に興味を持っている	1. 全くそう思わない@2. あまりそう思わない@3. ややそう思わない@4. どちらとも言えない@5. ややそう思う@6. かなりそう思う@7. 完全にそう思う	ロボットはこの情報に同意している	1. 全くそう思わない@2. あまりそう思わない@3. ややそう思わない@4. どちらとも言えない@5. ややそう思う@6. かなりそう思う@7. 完全にそう思う	
1	0							以下のURLの動画を見て各質問に回答してください。##https://taiga-mori.github.io/questionaire/12usoosoo.html	動画が視聴できた	視聴できた@視聴できなかった	ロボットはこの情報をあらかじめ知っていた	知っていた@知らなかった	ロボットの反応は自然だった	1. 全くそう思わない@2. あまりそう思わない@3. ややそう思わない@4. どちらとも言えない@5. ややそう思う@6. かなりそう思う@7. 完全にそう思う	ロボットはこの情報に興味を持っている	1. 全くそう思わない@2. あまりそう思わない@3. ややそう思わない@4. どちらとも言えない@5. ややそう思う@6. かなりそう思う@7. 完全にそう思う	ロボットはこの情報に同意している	1. 全くそう思わない@2. あまりそう思わない@3. ややそう思わない@4. どちらとも言えない@5. ややそう思う@6. かなりそう思う@7. 完全にそう思う	
1	0							以下のURLの動画を見て各質問に回答してください。##https://taiga-mori.github.io/questionaire/13soosoo.html	動画が視聴できた	視聴できた@視聴できなかった	ロボットはこの情報をあらかじめ知っていた	知っていた@知らなかった	ロボットの反応は自然だった	1. 全くそう思わない@2. あまりそう思わない@3. ややそう思わない@4. どちらとも言えない@5. ややそう思う@6. かなりそう思う@7. 完全にそう思う	ロボットはこの情報に興味を持っている	1. 全くそう思わない@2. あまりそう思わない@3. ややそう思わない@4. どちらとも言えない@5. ややそう思う@6. かなりそう思う@7. 完全にそう思う	ロボットはこの情報に同意している	1. 全くそう思わない@2. あまりそう思わない@3. ややそう思わない@4. どちらとも言えない@5. ややそう思う@6. かなりそう思う@7. 完全にそう思う	
1	0							あなたの年齢と性別を教えてください。	性別	男性@女性@その他@回答したくない	年齢	10代以下@20代@30代@40代@50代@60代@70代以上	質問はありません。「はい」を選択してください。	はい	質問はありません。「はい」を選択してください。	はい	質問はありません。「はい」を選択してください。	はい	
1	0							以下のURLの動画を見て各質問に回答してください。##https://taiga-mori.github.io/questionaire/17usoosoo.html	動画が視聴できた	視聴できた@視聴できなかった	ロボットはこの情報をあらかじめ知っていた	知っていた@知らなかった	ロボットの反応は自然だった	1. 全くそう思わない@2. あまりそう思わない@3. ややそう思わない@4. どちらとも言えない@5. ややそう思う@6. かなりそう思う@7. 完全にそう思う	ロボットはこの情報に興味を持っている	1. 全くそう思わない@2. あまりそう思わない@3. ややそう思わない@4. どちらとも言えない@5. ややそう思う@6. かなりそう思う@7. 完全にそう思う	ロボットはこの情報に同意している	1. 全くそう思わない@2. あまりそう思わない@3. ややそう思わない@4. どちらとも言えない@5. ややそう思う@6. かなりそう思う@7. 完全にそう思う	
1	0							以下のURLの動画を見て各質問に回答してください。##https://taiga-mori.github.io/questionaire/18u.html	動画が視聴できた	視聴できた@視聴できなかった	ロボットはこの情報をあらかじめ知っていた	知っていた@知らなかった	ロボットの反応は自然だった	1. 全くそう思わない@2. あまりそう思わない@3. ややそう思わない@4. どちらとも言えない@5. ややそう思う@6. かなりそう思う@7. 完全にそう思う	ロボットはこの情報に興味を持っている	1. 全くそう思わない@2. あまりそう思わない@3. ややそう思わない@4. どちらとも言えない@5. ややそう思う@6. かなりそう思う@7. 完全にそう思う	ロボットはこの情報に同意している	1. 全くそう思わない@2. あまりそう思わない@3. ややそう思わない@4. どちらとも言えない@5. ややそう思う@6. かなりそう思う@7. 完全にそう思う	
1	0							以下のURLの動画を見て各質問に回答してください。##https://taiga-mori.github.io/questionaire/10dhee.html	動画が視聴できた	視聴できた@視聴できなかった	ロボットはこの情報をあらかじめ知っていた	知っていた@知らなかった	ロボットの反応は自然だった	1. 全くそう思わない@2. あまりそう思わない@3. ややそう思わない@4. どちらとも言えない@5. ややそう思う@6. かなりそう思う@7. 完全にそう思う	ロボットはこの情報に興味を持っている	1. 全くそう思わない@2. あまりそう思わない@3. ややそう思わない@4. どちらとも言えない@5. ややそう思う@6. かなりそう思う@7. 完全にそう思う	ロボットはこの情報に同意している	1. 全くそう思わない@2. あまりそう思わない@3. ややそう思わない@4. どちらとも言えない@5. ややそう思う@6. かなりそう思う@7. 完全にそう思う	
1	0							以下のURLの動画を見て各質問に回答してください。##https://taiga-mori.github.io/questionaire/9hee.html	動画が視聴できた	視聴できた@視聴できなかった	ロボットはこの情報をあらかじめ知っていた	知っていた@知らなかった	ロボットの反応は自然だった	1. 全くそう思わない@2. あまりそう思わない@3. ややそう思わない@4. どちらとも言えない@5. ややそう思う@6. かなりそう思う@7. 完全にそう思う	ロボットはこの情報に興味を持っている	1. 全くそう思わない@2. あまりそう思わない@3. ややそう思わない@4. どちらとも言えない@5. ややそう思う@6. かなりそう思う@7. 完全にそう思う	ロボットはこの情報に同意している	1. 全くそう思わない@2. あまりそう思わない@3. ややそう思わない@4. どちらとも言えない@5. ややそう思う@6. かなりそう思う@7. 完全にそう思う	
1	0							以下のURLの動画を見て各質問に回答してください。##https://taiga-mori.github.io/questionaire/11soosoo.html	動画が視聴できた	視聴できた@視聴できなかった	ロボットはこの情報をあらかじめ知っていた	知っていた@知らなかった	ロボットの反応は自然だった	1. 全くそう思わない@2. あまりそう思わない@3. ややそう思わない@4. どちらとも言えない@5. ややそう思う@6. かなりそう思う@7. 完全にそう思う	ロボットはこの情報に興味を持っている	1. 全くそう思わない@2. あまりそう思わない@3. ややそう思わない@4. どちらとも言えない@5. ややそう思う@6. かなりそう思う@7. 完全にそう思う	ロボットはこの情報に同意している	1. 全くそう思わない@2. あまりそう思わない@3. ややそう思わない@4. どちらとも言えない@5. ややそう思う@6. かなりそう思う@7. 完全にそう思う	
1	0							以下のURLの動画を見て各質問に回答してください。##https://taiga-mori.github.io/questionaire/1dsoosoo.html	動画が視聴できた	視聴できた@視聴できなかった	ロボットはこの情報をあらかじめ知っていた	知っていた@知らなかった	ロボットの反応は自然だった	1. 全くそう思わない@2. あまりそう思わない@3. ややそう思わない@4. どちらとも言えない@5. ややそう思う@6. かなりそう思う@7. 完全にそう思う	ロボットはこの情報に興味を持っている	1. 全くそう思わない@2. あまりそう思わない@3. ややそう思わない@4. どちらとも言えない@5. ややそう思う@6. かなりそう思う@7. 完全にそう思う	ロボットはこの情報に同意している	1. 全くそう思わない@2. あまりそう思わない@3. ややそう思わない@4. どちらとも言えない@5. ややそう思う@6. かなりそう思う@7. 完全にそう思う	
1	0							以下のURLの動画を見て各質問に回答してください。##https://taiga-mori.github.io/questionaire/2d.html	動画が視聴できた	視聴できた@視聴できなかった	ロボットはこの情報をあらかじめ知っていた	知っていた@知らなかった	ロボットの反応は自然だった	1. 全くそう思わない@2. あまりそう思わない@3. ややそう思わない@4. どちらとも言えない@5. ややそう思う@6. かなりそう思う@7. 完全にそう思う	ロボットはこの情報に興味を持っている	1. 全くそう思わない@2. あまりそう思わない@3. ややそう思わない@4. どちらとも言えない@5. ややそう思う@6. かなりそう思う@7. 完全にそう思う	ロボットはこの情報に同意している	1. 全くそう思わない@2. あまりそう思わない@3. ややそう思わない@4. どちらとも言えない@5. ややそう思う@6. かなりそう思う@7. 完全にそう思う	
1	0							以下のURLの動画を見て各質問に回答してください。##https://taiga-mori.github.io/questionaire/20uhee.html	動画が視聴できた	視聴できた@視聴できなかった	ロボットはこの情報をあらかじめ知っていた	知っていた@知らなかった	ロボットの反応は自然だった	1. 全くそう思わない@2. あまりそう思わない@3. ややそう思わない@4. どちらとも言えない@5. ややそう思う@6. かなりそう思う@7. 完全にそう思う	ロボットはこの情報に興味を持っている	1. 全くそう思わない@2. あまりそう思わない@3. ややそう思わない@4. どちらとも言えない@5. ややそう思う@6. かなりそう思う@7. 完全にそう思う	ロボットはこの情報に同意している	1. 全くそう思わない@2. あまりそう思わない@3. ややそう思わない@4. どちらとも言えない@5. ややそう思う@6. かなりそう思う@7. 完全にそう思う	
1	0							以下のURLの動画を見て各質問に回答してください。##https://taiga-mori.github.io/questionaire/21daa.html	動画が視聴できた	視聴できた@視聴できなかった	ロボットはこの情報をあらかじめ知っていた	知っていた@知らなかった	ロボットの反応は自然だった	1. 全くそう思わない@2. あまりそう思わない@3. ややそう思わない@4. どちらとも言えない@5. ややそう思う@6. かなりそう思う@7. 完全にそう思う	ロボットはこの情報に興味を持っている	1. 全くそう思わない@2. あまりそう思わない@3. ややそう思わない@4. どちらとも言えない@5. ややそう思う@6. かなりそう思う@7. 完全にそう思う	ロボットはこの情報に同意している	1. 全くそう思わない@2. あまりそう思わない@3. ややそう思わない@4. どちらとも言えない@5. ややそう思う@6. かなりそう思う@7. 完全にそう思う	
1	0							以下のURLの動画を見て各質問に回答してください。##https://taiga-mori.github.io/questionaire/19d.html	動画が視聴できた	視聴できた@視聴できなかった	ロボットはこの情報をあらかじめ知っていた	知っていた@知らなかった	ロボットの反応は自然だった	1. 全くそう思わない@2. あまりそう思わない@3. ややそう思わない@4. どちらとも言えない@5. ややそう思う@6. かなりそう思う@7. 完全にそう思う	ロボットはこの情報に興味を持っている	1. 全くそう思わない@2. あまりそう思わない@3. ややそう思わない@4. どちらとも言えない@5. ややそう思う@6. かなりそう思う@7. 完全にそう思う	ロボットはこの情報に同意している	1. 全くそう思わない@2. あまりそう思わない@3. ややそう思わない@4. どちらとも言えない@5. ややそう思う@6. かなりそう思う@7. 完全にそう思う	
1	0							以下のURLの動画を見て各質問に回答してください。##https://taiga-mori.github.io/questionaire/14uaa.html	動画が視聴できた	視聴できた@視聴できなかった	ロボットはこの情報をあらかじめ知っていた	知っていた@知らなかった	ロボットの反応は自然だった	1. 全くそう思わない@2. あまりそう思わない@3. ややそう思わない@4. どちらとも言えない@5. ややそう思う@6. かなりそう思う@7. 完全にそう思う	ロボットはこの情報に興味を持っている	1. 全くそう思わない@2. あまりそう思わない@3. ややそう思わない@4. どちらとも言えない@5. ややそう思う@6. かなりそう思う@7. 完全にそう思う	ロボットはこの情報に同意している	1. 全くそう思わない@2. あまりそう思わない@3. ややそう思わない@4. どちらとも言えない@5. ややそう思う@6. かなりそう思う@7. 完全にそう思う	
1	0							以下のURLの動画を見て各質問に回答してください。##https://taiga-mori.github.io/questionaire/23usoodane.html	動画が視聴できた	視聴できた@視聴できなかった	ロボットはこの情報をあらかじめ知っていた	知っていた@知らなかった	ロボットの反応は自然だった	1. 全くそう思わない@2. あまりそう思わない@3. ややそう思わない@4. どちらとも言えない@5. ややそう思う@6. かなりそう思う@7. 完全にそう思う	ロボットはこの情報に興味を持っている	1. 全くそう思わない@2. あまりそう思わない@3. ややそう思わない@4. どちらとも言えない@5. ややそう思う@6. かなりそう思う@7. 完全にそう思う	ロボットはこの情報に同意している	1. 全くそう思わない@2. あまりそう思わない@3. ややそう思わない@4. どちらとも言えない@5. ややそう思う@6. かなりそう思う@7. 完全にそう思う	
1	0							以下のURLの動画を見て各質問に回答してください。##https://taiga-mori.github.io/questionaire/4u.html	動画が視聴できた	視聴できた@視聴できなかった	ロボットはこの情報をあらかじめ知っていた	知っていた@知らなかった	ロボットの反応は自然だった	1. 全くそう思わない@2. あまりそう思わない@3. ややそう思わない@4. どちらとも言えない@5. ややそう思う@6. かなりそう思う@7. 完全にそう思う	ロボットはこの情報に興味を持っている	1. 全くそう思わない@2. あまりそう思わない@3. ややそう思わない@4. どちらとも言えない@5. ややそう思う@6. かなりそう思う@7. 完全にそう思う	ロボットはこの情報に同意している	1. 全くそう思わない@2. あまりそう思わない@3. ややそう思わない@4. どちらとも言えない@5. ややそう思う@6. かなりそう思う@7. 完全にそう思う	
1	0							以下のURLの動画を見て各質問に回答してください。##https://taiga-mori.github.io/questionaire/8aa.html	動画が視聴できた	視聴できた@視聴できなかった	ロボットはこの情報をあらかじめ知っていた	知っていた@知らなかった	ロボットの反応は自然だった	1. 全くそう思わない@2. あまりそう思わない@3. ややそう思わない@4. どちらとも言えない@5. ややそう思う@6. かなりそう思う@7. 完全にそう思う	ロボットはこの情報に興味を持っている	1. 全くそう思わない@2. あまりそう思わない@3. ややそう思わない@4. どちらとも言えない@5. ややそう思う@6. かなりそう思う@7. 完全にそう思う	ロボットはこの情報に同意している	1. 全くそう思わない@2. あまりそう思わない@3. ややそう思わない@4. どちらとも言えない@5. ややそう思う@6. かなりそう思う@7. 完全にそう思う	
1	0							以下のURLの動画を見て各質問に回答してください。##https://taiga-mori.github.io/questionaire/24soodane.html	動画が視聴できた	視聴できた@視聴できなかった	ロボットはこの情報をあらかじめ知っていた	知っていた@知らなかった	ロボットの反応は自然だった	1. 全くそう思わない@2. あまりそう思わない@3. ややそう思わない@4. どちらとも言えない@5. ややそう思う@6. かなりそう思う@7. 完全にそう思う	ロボットはこの情報に興味を持っている	1. 全くそう思わない@2. あまりそう思わない@3. ややそう思わない@4. どちらとも言えない@5. ややそう思う@6. かなりそう思う@7. 完全にそう思う	ロボットはこの情報に同意している	1. 全くそう思わない@2. あまりそう思わない@3. ややそう思わない@4. どちらとも言えない@5. ややそう思う@6. かなりそう思う@7. 完全にそう思う	
1	0							以下のURLの動画を見て各質問に回答してください。##https://taiga-mori.github.io/questionaire/5dsoodane.html	動画が視聴できた	視聴できた@視聴できなかった	ロボットはこの情報をあらかじめ知っていた	知っていた@知らなかった	ロボットの反応は自然だった	1. 全くそう思わない@2. あまりそう思わない@3. ややそう思わない@4. どちらとも言えない@5. ややそう思う@6. かなりそう思う@7. 完全にそう思う	ロボットはこの情報に興味を持っている	1. 全くそう思わない@2. あまりそう思わない@3. ややそう思わない@4. どちらとも言えない@5. ややそう思う@6. かなりそう思う@7. 完全にそう思う	ロボットはこの情報に同意している	1. 全くそう思わない@2. あまりそう思わない@3. ややそう思わない@4. どちらとも言えない@5. ややそう思う@6. かなりそう思う@7. 完全にそう思う	
1	0							以下のURLの動画を見て各質問に回答してください。##https://taiga-mori.github.io/questionaire/15unun.html	動画が視聴できた	視聴できた@視聴できなかった	ロボットはこの情報をあらかじめ知っていた	知っていた@知らなかった	ロボットの反応は自然だった	1. 全くそう思わない@2. あまりそう思わない@3. ややそう思わない@4. どちらとも言えない@5. ややそう思う@6. かなりそう思う@7. 完全にそう思う	ロボットはこの情報に興味を持っている	1. 全くそう思わない@2. あまりそう思わない@3. ややそう思わない@4. どちらとも言えない@5. ややそう思う@6. かなりそう思う@7. 完全にそう思う	ロボットはこの情報に同意している	1. 全くそう思わない@2. あまりそう思わない@3. ややそう思わない@4. どちらとも言えない@5. ややそう思う@6. かなりそう思う@7. 完全にそう思う	
1	0							以下のURLの動画を見て各質問に回答してください。##https://taiga-mori.github.io/questionaire/16uhuun.html	動画が視聴できた	視聴できた@視聴できなかった	ロボットはこの情報をあらかじめ知っていた	知っていた@知らなかった	ロボットの反応は自然だった	1. 全くそう思わない@2. あまりそう思わない@3. ややそう思わない@4. どちらとも言えない@5. ややそう思う@6. かなりそう思う@7. 完全にそう思う	ロボットはこの情報に興味を持っている	1. 全くそう思わない@2. あまりそう思わない@3. ややそう思わない@4. どちらとも言えない@5. ややそう思う@6. かなりそう思う@7. 完全にそう思う	ロボットはこの情報に同意している	1. 全くそう思わない@2. あまりそう思わない@3. ややそう思わない@4. どちらとも言えない@5. ややそう思う@6. かなりそう思う@7. 完全にそう思う	
1	0							以下のURLの動画を見て各質問に回答してください。##https://taiga-mori.github.io/questionaire/13dhuun.html	動画が視聴できた	視聴できた@視聴できなかった	ロボットはこの情報をあらかじめ知っていた	知っていた@知らなかった	ロボットの反応は自然だった	1. 全くそう思わない@2. あまりそう思わない@3. ややそう思わない@4. どちらとも言えない@5. ややそう思う@6. かなりそう思う@7. 完全にそう思う	ロボットはこの情報に興味を持っている	1. 全くそう思わない@2. あまりそう思わない@3. ややそう思わない@4. どちらとも言えない@5. ややそう思う@6. かなりそう思う@7. 完全にそう思う	ロボットはこの情報に同意している	1. 全くそう思わない@2. あまりそう思わない@3. ややそう思わない@4. どちらとも言えない@5. ややそう思う@6. かなりそう思う@7. 完全にそう思う	
1	0							以下のURLの動画を見て各質問に回答してください。##https://taiga-mori.github.io/questionaire/22u.html	動画が視聴できた	視聴できた@視聴できなかった	ロボットはこの情報をあらかじめ知っていた	知っていた@知らなかった	ロボットの反応は自然だった	1. 全くそう思わない@2. あまりそう思わない@3. ややそう思わない@4. どちらとも言えない@5. ややそう思う@6. かなりそう思う@7. 完全にそう思う	ロボットはこの情報に興味を持っている	1. 全くそう思わない@2. あまりそう思わない@3. ややそう思わない@4. どちらとも言えない@5. ややそう思う@6. かなりそう思う@7. 完全にそう思う	ロボットはこの情報に同意している	1. 全くそう思わない@2. あまりそう思わない@3. ややそう思わない@4. どちらとも言えない@5. ややそう思う@6. かなりそう思う@7. 完全にそう思う	
1	0							以下のURLの動画を見て各質問に回答してください。##https://taiga-mori.github.io/questionaire/12dunun.html	動画が視聴できた	視聴できた@視聴できなかった	ロボットはこの情報をあらかじめ知っていた	知っていた@知らなかった	ロボットの反応は自然だった	1. 全くそう思わない@2. あまりそう思わない@3. ややそう思わない@4. どちらとも言えない@5. ややそう思う@6. かなりそう思う@7. 完全にそう思う	ロボットはこの情報に興味を持っている	1. 全くそう思わない@2. あまりそう思わない@3. ややそう思わない@4. どちらとも言えない@5. ややそう思う@6. かなりそう思う@7. 完全にそう思う	ロボットはこの情報に同意している	1. 全くそう思わない@2. あまりそう思わない@3. ややそう思わない@4. どちらとも言えない@5. ややそう思う@6. かなりそう思う@7. 完全にそう思う	
1	0							以下のURLの動画を見て各質問に回答してください。##https://taiga-mori.github.io/questionaire/3uunun.html	動画が視聴できた	視聴できた@視聴できなかった	ロボットはこの情報をあらかじめ知っていた	知っていた@知らなかった	ロボットの反応は自然だった	1. 全くそう思わない@2. あまりそう思わない@3. ややそう思わない@4. どちらとも言えない@5. ややそう思う@6. かなりそう思う@7. 完全にそう思う	ロボットはこの情報に興味を持っている	1. 全くそう思わない@2. あまりそう思わない@3. ややそう思わない@4. どちらとも言えない@5. ややそう思う@6. かなりそう思う@7. 完全にそう思う	ロボットはこの情報に同意している	1. 全くそう思わない@2. あまりそう思わない@3. ややそう思わない@4. どちらとも言えない@5. ややそう思う@6. かなりそう思う@7. 完全にそう思う	
1	0							以下のURLの動画を見て各質問に回答してください。##https://taiga-mori.github.io/questionaire/6huun.html	動画が視聴できた	視聴できた@視聴できなかった	ロボットはこの情報をあらかじめ知っていた	知っていた@知らなかった	ロボットの反応は自然だった	1. 全くそう思わない@2. あまりそう思わない@3. ややそう思わない@4. どちらとも言えない@5. ややそう思う@6. かなりそう思う@7. 完全にそう思う	ロボットはこの情報に興味を持っている	1. 全くそう思わない@2. あまりそう思わない@3. ややそう思わない@4. どちらとも言えない@5. ややそう思う@6. かなりそう思う@7. 完全にそう思う	ロボットはこの情報に同意している	1. 全くそう思わない@2. あまりそう思わない@3. ややそう思わない@4. どちらとも言えない@5. ややそう思う@6. かなりそう思う@7. 完全にそう思う	
1	0							以下のURLの動画を見て各質問に回答してください。##https://taiga-mori.github.io/questionaire/7d.html	動画が視聴できた	視聴できた@視聴できなかった	ロボットはこの情報をあらかじめ知っていた	知っていた@知らなかった	ロボットの反応は自然だった	1. 全くそう思わない@2. あまりそう思わない@3. ややそう思わない@4. どちらとも言えない@5. ややそう思う@6. かなりそう思う@7. 完全にそう思う	ロボットはこの情報に興味を持っている	1. 全くそう思わない@2. あまりそう思わない@3. ややそう思わない@4. どちらとも言えない@5. ややそう思う@6. かなりそう思う@7. 完全にそう思う	ロボットはこの情報に同意している	1. 全くそう思わない@2. あまりそう思わない@3. ややそう思わない@4. どちらとも言えない@5. ややそう思う@6. かなりそう思う@7. 完全にそう思う	
1	0							あなたの年齢と性別を教えてください。	性別	男性@女性@その他@回答したくない	年齢	10代以下@20代@30代@40代@50代@60代@70代以上	質問はありません。「はい」を選択してください。	はい	質問はありません。「はい」を選択してください。	はい	質問はありません。「はい」を選択してください。	はい	
1	0							以下のURLの動画を見て各質問に回答してください。##https://taiga-mori.github.io/questionaire/2usoodane.html	動画が視聴できた	視聴できた@視聴できなかった	ロボットはこの情報をあらかじめ知っていた	知っていた@知らなかった	ロボットの反応は自然だった	1. 全くそう思わない@2. あまりそう思わない@3. ややそう思わない@4. どちらとも言えない@5. ややそう思う@6. かなりそう思う@7. 完全にそう思う	ロボットはこの情報に興味を持っている	1. 全くそう思わない@2. あまりそう思わない@3. ややそう思わない@4. どちらとも言えない@5. ややそう思う@6. かなりそう思う@7. 完全にそう思う	ロボットはこの情報に同意している	1. 全くそう思わない@2. あまりそう思わない@3. ややそう思わない@4. どちらとも言えない@5. ややそう思う@6. かなりそう思う@7. 完全にそう思う	
1	0							以下のURLの動画を見て各質問に回答してください。##https://taiga-mori.github.io/questionaire/15huun.html	動画が視聴できた	視聴できた@視聴できなかった	ロボットはこの情報をあらかじめ知っていた	知っていた@知らなかった	ロボットの反応は自然だった	1. 全くそう思わない@2. あまりそう思わない@3. ややそう思わない@4. どちらとも言えない@5. ややそう思う@6. かなりそう思う@7. 完全にそう思う	ロボットはこの情報に興味を持っている	1. 全くそう思わない@2. あまりそう思わない@3. ややそう思わない@4. どちらとも言えない@5. ややそう思う@6. かなりそう思う@7. 完全にそう思う	ロボットはこの情報に同意している	1. 全くそう思わない@2. あまりそう思わない@3. ややそう思わない@4. どちらとも言えない@5. ややそう思う@6. かなりそう思う@7. 完全にそう思う	
1	0							以下のURLの動画を見て各質問に回答してください。##https://taiga-mori.github.io/questionaire/10dsoodane.html	動画が視聴できた	視聴できた@視聴できなかった	ロボットはこの情報をあらかじめ知っていた	知っていた@知らなかった	ロボットの反応は自然だった	1. 全くそう思わない@2. あまりそう思わない@3. ややそう思わない@4. どちらとも言えない@5. ややそう思う@6. かなりそう思う@7. 完全にそう思う	ロボットはこの情報に興味を持っている	1. 全くそう思わない@2. あまりそう思わない@3. ややそう思わない@4. どちらとも言えない@5. ややそう思う@6. かなりそう思う@7. 完全にそう思う	ロボットはこの情報に同意している	1. 全くそう思わない@2. あまりそう思わない@3. ややそう思わない@4. どちらとも言えない@5. ややそう思う@6. かなりそう思う@7. 完全にそう思う	
1	0							以下のURLの動画を見て各質問に回答してください。##https://taiga-mori.github.io/questionaire/5d.html	動画が視聴できた	視聴できた@視聴できなかった	ロボットはこの情報をあらかじめ知っていた	知っていた@知らなかった	ロボットの反応は自然だった	1. 全くそう思わない@2. あまりそう思わない@3. ややそう思わない@4. どちらとも言えない@5. ややそう思う@6. かなりそう思う@7. 完全にそう思う	ロボットはこの情報に興味を持っている	1. 全くそう思わない@2. あまりそう思わない@3. ややそう思わない@4. どちらとも言えない@5. ややそう思う@6. かなりそう思う@7. 完全にそう思う	ロボットはこの情報に同意している	1. 全くそう思わない@2. あまりそう思わない@3. ややそう思わない@4. どちらとも言えない@5. ややそう思う@6. かなりそう思う@7. 完全にそう思う	
1	0							以下のURLの動画を見て各質問に回答してください。##https://taiga-mori.github.io/questionaire/21dhuun.html	動画が視聴できた	視聴できた@視聴できなかった	ロボットはこの情報をあらかじめ知っていた	知っていた@知らなかった	ロボットの反応は自然だった	1. 全くそう思わない@2. あまりそう思わない@3. ややそう思わない@4. どちらとも言えない@5. ややそう思う@6. かなりそう思う@7. 完全にそう思う	ロボットはこの情報に興味を持っている	1. 全くそう思わない@2. あまりそう思わない@3. ややそう思わない@4. どちらとも言えない@5. ややそう思う@6. かなりそう思う@7. 完全にそう思う	ロボットはこの情報に同意している	1. 全くそう思わない@2. あまりそう思わない@3. ややそう思わない@4. どちらとも言えない@5. ややそう思う@6. かなりそう思う@7. 完全にそう思う	
1	0							以下のURLの動画を見て各質問に回答してください。##https://taiga-mori.github.io/questionaire/17u.html	動画が視聴できた	視聴できた@視聴できなかった	ロボットはこの情報をあらかじめ知っていた	知っていた@知らなかった	ロボットの反応は自然だった	1. 全くそう思わない@2. あまりそう思わない@3. ややそう思わない@4. どちらとも言えない@5. ややそう思う@6. かなりそう思う@7. 完全にそう思う	ロボットはこの情報に興味を持っている	1. 全くそう思わない@2. あまりそう思わない@3. ややそう思わない@4. どちらとも言えない@5. ややそう思う@6. かなりそう思う@7. 完全にそう思う	ロボットはこの情報に同意している	1. 全くそう思わない@2. あまりそう思わない@3. ややそう思わない@4. どちらとも言えない@5. ややそう思う@6. かなりそう思う@7. 完全にそう思う	
1	0							以下のURLの動画を見て各質問に回答してください。##https://taiga-mori.github.io/questionaire/19uhuun.html	動画が視聴できた	視聴できた@視聴できなかった	ロボットはこの情報をあらかじめ知っていた	知っていた@知らなかった	ロボットの反応は自然だった	1. 全くそう思わない@2. あまりそう思わない@3. ややそう思わない@4. どちらとも言えない@5. ややそう思う@6. かなりそう思う@7. 完全にそう思う	ロボットはこの情報に興味を持っている	1. 全くそう思わない@2. あまりそう思わない@3. ややそう思わない@4. どちらとも言えない@5. ややそう思う@6. かなりそう思う@7. 完全にそう思う	ロボットはこの情報に同意している	1. 全くそう思わない@2. あまりそう思わない@3. ややそう思わない@4. どちらとも言えない@5. ややそう思う@6. かなりそう思う@7. 完全にそう思う	
1	0							以下のURLの動画を見て各質問に回答してください。##https://taiga-mori.github.io/questionaire/24soodane.html	動画が視聴できた	視聴できた@視聴できなかった	ロボットはこの情報をあらかじめ知っていた	知っていた@知らなかった	ロボットの反応は自然だった	1. 全くそう思わない@2. あまりそう思わない@3. ややそう思わない@4. どちらとも言えない@5. ややそう思う@6. かなりそう思う@7. 完全にそう思う	ロボットはこの情報に興味を持っている	1. 全くそう思わない@2. あまりそう思わない@3. ややそう思わない@4. どちらとも言えない@5. ややそう思う@6. かなりそう思う@7. 完全にそう思う	ロボットはこの情報に同意している	1. 全くそう思わない@2. あまりそう思わない@3. ややそう思わない@4. どちらとも言えない@5. ややそう思う@6. かなりそう思う@7. 完全にそう思う	
1	0							以下のURLの動画を見て各質問に回答してください。##https://taiga-mori.github.io/questionaire/11daa.html	動画が視聴できた	視聴できた@視聴できなかった	ロボットはこの情報をあらかじめ知っていた	知っていた@知らなかった	ロボットの反応は自然だった	1. 全くそう思わない@2. あまりそう思わない@3. ややそう思わない@4. どちらとも言えない@5. ややそう思う@6. かなりそう思う@7. 完全にそう思う	ロボットはこの情報に興味を持っている	1. 全くそう思わない@2. あまりそう思わない@3. ややそう思わない@4. どちらとも言えない@5. ややそう思う@6. かなりそう思う@7. 完全にそう思う	ロボットはこの情報に同意している	1. 全くそう思わない@2. あまりそう思わない@3. ややそう思わない@4. どちらとも言えない@5. ややそう思う@6. かなりそう思う@7. 完全にそう思う	
1	0							以下のURLの動画を見て各質問に回答してください。##https://taiga-mori.github.io/questionaire/23soosoo.html	動画が視聴できた	視聴できた@視聴できなかった	ロボットはこの情報をあらかじめ知っていた	知っていた@知らなかった	ロボットの反応は自然だった	1. 全くそう思わない@2. あまりそう思わない@3. ややそう思わない@4. どちらとも言えない@5. ややそう思う@6. かなりそう思う@7. 完全にそう思う	ロボットはこの情報に興味を持っている	1. 全くそう思わない@2. あまりそう思わない@3. ややそう思わない@4. どちらとも言えない@5. ややそう思う@6. かなりそう思う@7. 完全にそう思う	ロボットはこの情報に同意している	1. 全くそう思わない@2. あまりそう思わない@3. ややそう思わない@4. どちらとも言えない@5. ややそう思う@6. かなりそう思う@7. 完全にそう思う	
1	0							以下のURLの動画を見て各質問に回答してください。##https://taiga-mori.github.io/questionaire/14uaa.html	動画が視聴できた	視聴できた@視聴できなかった	ロボットはこの情報をあらかじめ知っていた	知っていた@知らなかった	ロボットの反応は自然だった	1. 全くそう思わない@2. あまりそう思わない@3. ややそう思わない@4. どちらとも言えない@5. ややそう思う@6. かなりそう思う@7. 完全にそう思う	ロボットはこの情報に興味を持っている	1. 全くそう思わない@2. あまりそう思わない@3. ややそう思わない@4. どちらとも言えない@5. ややそう思う@6. かなりそう思う@7. 完全にそう思う	ロボットはこの情報に同意している	1. 全くそう思わない@2. あまりそう思わない@3. ややそう思わない@4. どちらとも言えない@5. ややそう思う@6. かなりそう思う@7. 完全にそう思う	
1	0							以下のURLの動画を見て各質問に回答してください。##https://taiga-mori.github.io/questionaire/16dsoosoo.html	動画が視聴できた	視聴できた@視聴できなかった	ロボットはこの情報をあらかじめ知っていた	知っていた@知らなかった	ロボットの反応は自然だった	1. 全くそう思わない@2. あまりそう思わない@3. ややそう思わない@4. どちらとも言えない@5. ややそう思う@6. かなりそう思う@7. 完全にそう思う	ロボットはこの情報に興味を持っている	1. 全くそう思わない@2. あまりそう思わない@3. ややそう思わない@4. どちらとも言えない@5. ややそう思う@6. かなりそう思う@7. 完全にそう思う	ロボットはこの情報に同意している	1. 全くそう思わない@2. あまりそう思わない@3. ややそう思わない@4. どちらとも言えない@5. ややそう思う@6. かなりそう思う@7. 完全にそう思う	
1	0							以下のURLの動画を見て各質問に回答してください。##https://taiga-mori.github.io/questionaire/20u.html	動画が視聴できた	視聴できた@視聴できなかった	ロボットはこの情報をあらかじめ知っていた	知っていた@知らなかった	ロボットの反応は自然だった	1. 全くそう思わない@2. あまりそう思わない@3. ややそう思わない@4. どちらとも言えない@5. ややそう思う@6. かなりそう思う@7. 完全にそう思う	ロボットはこの情報に興味を持っている	1. 全くそう思わない@2. あまりそう思わない@3. ややそう思わない@4. どちらとも言えない@5. ややそう思う@6. かなりそう思う@7. 完全にそう思う	ロボットはこの情報に同意している	1. 全くそう思わない@2. あまりそう思わない@3. ややそう思わない@4. どちらとも言えない@5. ややそう思う@6. かなりそう思う@7. 完全にそう思う	
1	0							以下のURLの動画を見て各質問に回答してください。##https://taiga-mori.github.io/questionaire/1usoosoo.html	動画が視聴できた	視聴できた@視聴できなかった	ロボットはこの情報をあらかじめ知っていた	知っていた@知らなかった	ロボットの反応は自然だった	1. 全くそう思わない@2. あまりそう思わない@3. ややそう思わない@4. どちらとも言えない@5. ややそう思う@6. かなりそう思う@7. 完全にそう思う	ロボットはこの情報に興味を持っている	1. 全くそう思わない@2. あまりそう思わない@3. ややそう思わない@4. どちらとも言えない@5. ややそう思う@6. かなりそう思う@7. 完全にそう思う	ロボットはこの情報に同意している	1. 全くそう思わない@2. あまりそう思わない@3. ややそう思わない@4. どちらとも言えない@5. ややそう思う@6. かなりそう思う@7. 完全にそう思う	
1	0							以下のURLの動画を見て各質問に回答してください。##https://taiga-mori.github.io/questionaire/3d.html	動画が視聴できた	視聴できた@視聴できなかった	ロボットはこの情報をあらかじめ知っていた	知っていた@知らなかった	ロボットの反応は自然だった	1. 全くそう思わない@2. あまりそう思わない@3. ややそう思わない@4. どちらとも言えない@5. ややそう思う@6. かなりそう思う@7. 完全にそう思う	ロボットはこの情報に興味を持っている	1. 全くそう思わない@2. あまりそう思わない@3. ややそう思わない@4. どちらとも言えない@5. ややそう思う@6. かなりそう思う@7. 完全にそう思う	ロボットはこの情報に同意している	1. 全くそう思わない@2. あまりそう思わない@3. ややそう思わない@4. どちらとも言えない@5. ややそう思う@6. かなりそう思う@7. 完全にそう思う	
1	0							以下のURLの動画を見て各質問に回答してください。##https://taiga-mori.github.io/questionaire/9aa.html	動画が視聴できた	視聴できた@視聴できなかった	ロボットはこの情報をあらかじめ知っていた	知っていた@知らなかった	ロボットの反応は自然だった	1. 全くそう思わない@2. あまりそう思わない@3. ややそう思わない@4. どちらとも言えない@5. ややそう思う@6. かなりそう思う@7. 完全にそう思う	ロボットはこの情報に興味を持っている	1. 全くそう思わない@2. あまりそう思わない@3. ややそう思わない@4. どちらとも言えない@5. ややそう思う@6. かなりそう思う@7. 完全にそう思う	ロボットはこの情報に同意している	1. 全くそう思わない@2. あまりそう思わない@3. ややそう思わない@4. どちらとも言えない@5. ややそう思う@6. かなりそう思う@7. 完全にそう思う	
1	0							以下のURLの動画を見て各質問に回答してください。##https://taiga-mori.github.io/questionaire/6dunun.html	動画が視聴できた	視聴できた@視聴できなかった	ロボットはこの情報をあらかじめ知っていた	知っていた@知らなかった	ロボットの反応は自然だった	1. 全くそう思わない@2. あまりそう思わない@3. ややそう思わない@4. どちらとも言えない@5. ややそう思う@6. かなりそう思う@7. 完全にそう思う	ロボットはこの情報に興味を持っている	1. 全くそう思わない@2. あまりそう思わない@3. ややそう思わない@4. どちらとも言えない@5. ややそう思う@6. かなりそう思う@7. 完全にそう思う	ロボットはこの情報に同意している	1. 全くそう思わない@2. あまりそう思わない@3. ややそう思わない@4. どちらとも言えない@5. ややそう思う@6. かなりそう思う@7. 完全にそう思う	
1	0							以下のURLの動画を見て各質問に回答してください。##https://taiga-mori.github.io/questionaire/7dhee.html	動画が視聴できた	視聴できた@視聴できなかった	ロボットはこの情報をあらかじめ知っていた	知っていた@知らなかった	ロボットの反応は自然だった	1. 全くそう思わない@2. あまりそう思わない@3. ややそう思わない@4. どちらとも言えない@5. ややそう思う@6. かなりそう思う@7. 完全にそう思う	ロボットはこの情報に興味を持っている	1. 全くそう思わない@2. あまりそう思わない@3. ややそう思わない@4. どちらとも言えない@5. ややそう思う@6. かなりそう思う@7. 完全にそう思う	ロボットはこの情報に同意している	1. 全くそう思わない@2. あまりそう思わない@3. ややそう思わない@4. どちらとも言えない@5. ややそう思う@6. かなりそう思う@7. 完全にそう思う	
1	0							以下のURLの動画を見て各質問に回答してください。##https://taiga-mori.github.io/questionaire/22d.html	動画が視聴できた	視聴できた@視聴できなかった	ロボットはこの情報をあらかじめ知っていた	知っていた@知らなかった	ロボットの反応は自然だった	1. 全くそう思わない@2. あまりそう思わない@3. ややそう思わない@4. どちらとも言えない@5. ややそう思う@6. かなりそう思う@7. 完全にそう思う	ロボットはこの情報に興味を持っている	1. 全くそう思わない@2. あまりそう思わない@3. ややそう思わない@4. どちらとも言えない@5. ややそう思う@6. かなりそう思う@7. 完全にそう思う	ロボットはこの情報に同意している	1. 全くそう思わない@2. あまりそう思わない@3. ややそう思わない@4. どちらとも言えない@5. ややそう思う@6. かなりそう思う@7. 完全にそう思う	
1	0							以下のURLの動画を見て各質問に回答してください。##https://taiga-mori.github.io/questionaire/18uhee.html	動画が視聴できた	視聴できた@視聴できなかった	ロボットはこの情報をあらかじめ知っていた	知っていた@知らなかった	ロボットの反応は自然だった	1. 全くそう思わない@2. あまりそう思わない@3. ややそう思わない@4. どちらとも言えない@5. ややそう思う@6. かなりそう思う@7. 完全にそう思う	ロボットはこの情報に興味を持っている	1. 全くそう思わない@2. あまりそう思わない@3. ややそう思わない@4. どちらとも言えない@5. ややそう思う@6. かなりそう思う@7. 完全にそう思う	ロボットはこの情報に同意している	1. 全くそう思わない@2. あまりそう思わない@3. ややそう思わない@4. どちらとも言えない@5. ややそう思う@6. かなりそう思う@7. 完全にそう思う	
1	0							以下のURLの動画を見て各質問に回答してください。##https://taiga-mori.github.io/questionaire/4hee.html	動画が視聴できた	視聴できた@視聴できなかった	ロボットはこの情報をあらかじめ知っていた	知っていた@知らなかった	ロボットの反応は自然だった	1. 全くそう思わない@2. あまりそう思わない@3. ややそう思わない@4. どちらとも言えない@5. ややそう思う@6. かなりそう思う@7. 完全にそう思う	ロボットはこの情報に興味を持っている	1. 全くそう思わない@2. あまりそう思わない@3. ややそう思わない@4. どちらとも言えない@5. ややそう思う@6. かなりそう思う@7. 完全にそう思う	ロボットはこの情報に同意している	1. 全くそう思わない@2. あまりそう思わない@3. ややそう思わない@4. どちらとも言えない@5. ややそう思う@6. かなりそう思う@7. 完全にそう思う	
1	0							以下のURLの動画を見て各質問に回答してください。##https://taiga-mori.github.io/questionaire/13unun.html	動画が視聴できた	視聴できた@視聴できなかった	ロボットはこの情報をあらかじめ知っていた	知っていた@知らなかった	ロボットの反応は自然だった	1. 全くそう思わない@2. あまりそう思わない@3. ややそう思わない@4. どちらとも言えない@5. ややそう思う@6. かなりそう思う@7. 完全にそう思う	ロボットはこの情報に興味を持っている	1. 全くそう思わない@2. あまりそう思わない@3. ややそう思わない@4. どちらとも言えない@5. ややそう思う@6. かなりそう思う@7. 完全にそう思う	ロボットはこの情報に同意している	1. 全くそう思わない@2. あまりそう思わない@3. ややそう思わない@4. どちらとも言えない@5. ややそう思う@6. かなりそう思う@7. 完全にそう思う	
1	0							以下のURLの動画を見て各質問に回答してください。##https://taiga-mori.github.io/questionaire/8uunun.html	動画が視聴できた	視聴できた@視聴できなかった	ロボットはこの情報をあらかじめ知っていた	知っていた@知らなかった	ロボットの反応は自然だった	1. 全くそう思わない@2. あまりそう思わない@3. ややそう思わない@4. どちらとも言えない@5. ややそう思う@6. かなりそう思う@7. 完全にそう思う	ロボットはこの情報に興味を持っている	1. 全くそう思わない@2. あまりそう思わない@3. ややそう思わない@4. どちらとも言えない@5. ややそう思う@6. かなりそう思う@7. 完全にそう思う	ロボットはこの情報に同意している	1. 全くそう思わない@2. あまりそう思わない@3. ややそう思わない@4. どちらとも言えない@5. ややそう思う@6. かなりそう思う@7. 完全にそう思う	
1	0							以下のURLの動画を見て各質問に回答してください。##https://taiga-mori.github.io/questionaire/12u.html	動画が視聴できた	視聴できた@視聴できなかった	ロボットはこの情報をあらかじめ知っていた	知っていた@知らなかった	ロボットの反応は自然だった	1. 全くそう思わない@2. あまりそう思わない@3. ややそう思わない@4. どちらとも言えない@5. ややそう思う@6. かなりそう思う@7. 完全にそう思う	ロボットはこの情報に興味を持っている	1. 全くそう思わない@2. あまりそう思わない@3. ややそう思わない@4. どちらとも言えない@5. ややそう思う@6. かなりそう思う@7. 完全にそう思う	ロボットはこの情報に同意している	1. 全くそう思わない@2. あまりそう思わない@3. ややそう思わない@4. どちらとも言えない@5. ややそう思う@6. かなりそう思う@7. 完全にそう思う	
1	0							あなたの年齢と性別を教えてください。	性別	男性@女性@その他@回答したくない	年齢	10代以下@20代@30代@40代@50代@60代@70代以上	質問はありません。「はい」を選択してください。	はい	質問はありません。「はい」を選択してください。	はい	質問はありません。「はい」を選択してください。	はい	
1	0							以下のURLの動画を見て各質問に回答してください。##https://taiga-mori.github.io/questionaire/23daa.html	動画が視聴できた	視聴できた@視聴できなかった	ロボットはこの情報をあらかじめ知っていた	知っていた@知らなかった	ロボットの反応は自然だった	1. 全くそう思わない@2. あまりそう思わない@3. ややそう思わない@4. どちらとも言えない@5. ややそう思う@6. かなりそう思う@7. 完全にそう思う	ロボットはこの情報に興味を持っている	1. 全くそう思わない@2. あまりそう思わない@3. ややそう思わない@4. どちらとも言えない@5. ややそう思う@6. かなりそう思う@7. 完全にそう思う	ロボットはこの情報に同意している	1. 全くそう思わない@2. あまりそう思わない@3. ややそう思わない@4. どちらとも言えない@5. ややそう思う@6. かなりそう思う@7. 完全にそう思う	
1	0							以下のURLの動画を見て各質問に回答してください。##https://taiga-mori.github.io/questionaire/21dsoosoo.html	動画が視聴できた	視聴できた@視聴できなかった	ロボットはこの情報をあらかじめ知っていた	知っていた@知らなかった	ロボットの反応は自然だった	1. 全くそう思わない@2. あまりそう思わない@3. ややそう思わない@4. どちらとも言えない@5. ややそう思う@6. かなりそう思う@7. 完全にそう思う	ロボットはこの情報に興味を持っている	1. 全くそう思わない@2. あまりそう思わない@3. ややそう思わない@4. どちらとも言えない@5. ややそう思う@6. かなりそう思う@7. 完全にそう思う	ロボットはこの情報に同意している	1. 全くそう思わない@2. あまりそう思わない@3. ややそう思わない@4. どちらとも言えない@5. ややそう思う@6. かなりそう思う@7. 完全にそう思う	
1	0							以下のURLの動画を見て各質問に回答してください。##https://taiga-mori.github.io/questionaire/12usoosoo.html	動画が視聴できた	視聴できた@視聴できなかった	ロボットはこの情報をあらかじめ知っていた	知っていた@知らなかった	ロボットの反応は自然だった	1. 全くそう思わない@2. あまりそう思わない@3. ややそう思わない@4. どちらとも言えない@5. ややそう思う@6. かなりそう思う@7. 完全にそう思う	ロボットはこの情報に興味を持っている	1. 全くそう思わない@2. あまりそう思わない@3. ややそう思わない@4. どちらとも言えない@5. ややそう思う@6. かなりそう思う@7. 完全にそう思う	ロボットはこの情報に同意している	1. 全くそう思わない@2. あまりそう思わない@3. ややそう思わない@4. どちらとも言えない@5. ややそう思う@6. かなりそう思う@7. 完全にそう思う	
1	0							以下のURLの動画を見て各質問に回答してください。##https://taiga-mori.github.io/questionaire/7soosoo.html	動画が視聴できた	視聴できた@視聴できなかった	ロボットはこの情報をあらかじめ知っていた	知っていた@知らなかった	ロボットの反応は自然だった	1. 全くそう思わない@2. あまりそう思わない@3. ややそう思わない@4. どちらとも言えない@5. ややそう思う@6. かなりそう思う@7. 完全にそう思う	ロボットはこの情報に興味を持っている	1. 全くそう思わない@2. あまりそう思わない@3. ややそう思わない@4. どちらとも言えない@5. ややそう思う@6. かなりそう思う@7. 完全にそう思う	ロボットはこの情報に同意している	1. 全くそう思わない@2. あまりそう思わない@3. ややそう思わない@4. どちらとも言えない@5. ややそう思う@6. かなりそう思う@7. 完全にそう思う	
1	0							以下のURLの動画を見て各質問に回答してください。##https://taiga-mori.github.io/questionaire/5uaa.html	動画が視聴できた	視聴できた@視聴できなかった	ロボットはこの情報をあらかじめ知っていた	知っていた@知らなかった	ロボットの反応は自然だった	1. 全くそう思わない@2. あまりそう思わない@3. ややそう思わない@4. どちらとも言えない@5. ややそう思う@6. かなりそう思う@7. 完全にそう思う	ロボットはこの情報に興味を持っている	1. 全くそう思わない@2. あまりそう思わない@3. ややそう思わない@4. どちらとも言えない@5. ややそう思う@6. かなりそう思う@7. 完全にそう思う	ロボットはこの情報に同意している	1. 全くそう思わない@2. あまりそう思わない@3. ややそう思わない@4. どちらとも言えない@5. ややそう思う@6. かなりそう思う@7. 完全にそう思う	
1	0							以下のURLの動画を見て各質問に回答してください。##https://taiga-mori.github.io/questionaire/18d.html	動画が視聴できた	視聴できた@視聴できなかった	ロボットはこの情報をあらかじめ知っていた	知っていた@知らなかった	ロボットの反応は自然だった	1. 全くそう思わない@2. あまりそう思わない@3. ややそう思わない@4. どちらとも言えない@5. ややそう思う@6. かなりそう思う@7. 完全にそう思う	ロボットはこの情報に興味を持っている	1. 全くそう思わない@2. あまりそう思わない@3. ややそう思わない@4. どちらとも言えない@5. ややそう思う@6. かなりそう思う@7. 完全にそう思う	ロボットはこの情報に同意している	1. 全くそう思わない@2. あまりそう思わない@3. ややそう思わない@4. どちらとも言えない@5. ややそう思う@6. かなりそう思う@7. 完全にそう思う	
1	0							以下のURLの動画を見て各質問に回答してください。##https://taiga-mori.github.io/questionaire/8u.html	動画が視聴できた	視聴できた@視聴できなかった	ロボットはこの情報をあらかじめ知っていた	知っていた@知らなかった	ロボットの反応は自然だった	1. 全くそう思わない@2. あまりそう思わない@3. ややそう思わない@4. どちらとも言えない@5. ややそう思う@6. かなりそう思う@7. 完全にそう思う	ロボットはこの情報に興味を持っている	1. 全くそう思わない@2. あまりそう思わない@3. ややそう思わない@4. どちらとも言えない@5. ややそう思う@6. かなりそう思う@7. 完全にそう思う	ロボットはこの情報に同意している	1. 全くそう思わない@2. あまりそう思わない@3. ややそう思わない@4. どちらとも言えない@5. ややそう思う@6. かなりそう思う@7. 完全にそう思う	
1	0							以下のURLの動画を見て各質問に回答してください。##https://taiga-mori.github.io/questionaire/15aa.html	動画が視聴できた	視聴できた@視聴できなかった	ロボットはこの情報をあらかじめ知っていた	知っていた@知らなかった	ロボットの反応は自然だった	1. 全くそう思わない@2. あまりそう思わない@3. ややそう思わない@4. どちらとも言えない@5. ややそう思う@6. かなりそう思う@7. 完全にそう思う	ロボットはこの情報に興味を持っている	1. 全くそう思わない@2. あまりそう思わない@3. ややそう思わない@4. どちらとも言えない@5. ややそう思う@6. かなりそう思う@7. 完全にそう思う	ロボットはこの情報に同意している	1. 全くそう思わない@2. あまりそう思わない@3. ややそう思わない@4. どちらとも言えない@5. ややそう思う@6. かなりそう思う@7. 完全にそう思う	
1	0							以下のURLの動画を見て各質問に回答してください。##https://taiga-mori.github.io/questionaire/16usoodane.html	動画が視聴できた	視聴できた@視聴できなかった	ロボットはこの情報をあらかじめ知っていた	知っていた@知らなかった	ロボットの反応は自然だった	1. 全くそう思わない@2. あまりそう思わない@3. ややそう思わない@4. どちらとも言えない@5. ややそう思う@6. かなりそう思う@7. 完全にそう思う	ロボットはこの情報に興味を持っている	1. 全くそう思わない@2. あまりそう思わない@3. ややそう思わない@4. どちらとも言えない@5. ややそう思う@6. かなりそう思う@7. 完全にそう思う	ロボットはこの情報に同意している	1. 全くそう思わない@2. あまりそう思わない@3. ややそう思わない@4. どちらとも言えない@5. ややそう思う@6. かなりそう思う@7. 完全にそう思う	
1	0							以下のURLの動画を見て各質問に回答してください。##https://taiga-mori.github.io/questionaire/24huun.html	動画が視聴できた	視聴できた@視聴できなかった	ロボットはこの情報をあらかじめ知っていた	知っていた@知らなかった	ロボットの反応は自然だった	1. 全くそう思わない@2. あまりそう思わない@3. ややそう思わない@4. どちらとも言えない@5. ややそう思う@6. かなりそう思う@7. 完全にそう思う	ロボットはこの情報に興味を持っている	1. 全くそう思わない@2. あまりそう思わない@3. ややそう思わない@4. どちらとも言えない@5. ややそう思う@6. かなりそう思う@7. 完全にそう思う	ロボットはこの情報に同意している	1. 全くそう思わない@2. あまりそう思わない@3. ややそう思わない@4. どちらとも言えない@5. ややそう思う@6. かなりそう思う@7. 完全にそう思う	
1	0							以下のURLの動画を見て各質問に回答してください。##https://taiga-mori.github.io/questionaire/14soodane.html	動画が視聴できた	視聴できた@視聴できなかった	ロボットはこの情報をあらかじめ知っていた	知っていた@知らなかった	ロボットの反応は自然だった	1. 全くそう思わない@2. あまりそう思わない@3. ややそう思わない@4. どちらとも言えない@5. ややそう思う@6. かなりそう思う@7. 完全にそう思う	ロボットはこの情報に興味を持っている	1. 全くそう思わない@2. あまりそう思わない@3. ややそう思わない@4. どちらとも言えない@5. ややそう思う@6. かなりそう思う@7. 完全にそう思う	ロボットはこの情報に同意している	1. 全くそう思わない@2. あまりそう思わない@3. ややそう思わない@4. どちらとも言えない@5. ややそう思う@6. かなりそう思う@7. 完全にそう思う	
1	0							以下のURLの動画を見て各質問に回答してください。##https://taiga-mori.github.io/questionaire/10uhuun.html	動画が視聴できた	視聴できた@視聴できなかった	ロボットはこの情報をあらかじめ知っていた	知っていた@知らなかった	ロボットの反応は自然だった	1. 全くそう思わない@2. あまりそう思わない@3. ややそう思わない@4. どちらとも言えない@5. ややそう思う@6. かなりそう思う@7. 完全にそう思う	ロボットはこの情報に興味を持っている	1. 全くそう思わない@2. あまりそう思わない@3. ややそう思わない@4. どちらとも言えない@5. ややそう思う@6. かなりそう思う@7. 完全にそう思う	ロボットはこの情報に同意している	1. 全くそう思わない@2. あまりそう思わない@3. ややそう思わない@4. どちらとも言えない@5. ややそう思う@6. かなりそう思う@7. 完全にそう思う	
1	0							以下のURLの動画を見て各質問に回答してください。##https://taiga-mori.github.io/questionaire/19dsoodane.html	動画が視聴できた	視聴できた@視聴できなかった	ロボットはこの情報をあらかじめ知っていた	知っていた@知らなかった	ロボットの反応は自然だった	1. 全くそう思わない@2. あまりそう思わない@3. ややそう思わない@4. どちらとも言えない@5. ややそう思う@6. かなりそう思う@7. 完全にそう思う	ロボットはこの情報に興味を持っている	1. 全くそう思わない@2. あまりそう思わない@3. ややそう思わない@4. どちらとも言えない@5. ややそう思う@6. かなりそう思う@7. 完全にそう思う	ロボットはこの情報に同意している	1. 全くそう思わない@2. あまりそう思わない@3. ややそう思わない@4. どちらとも言えない@5. ややそう思う@6. かなりそう思う@7. 完全にそう思う	
1	0							以下のURLの動画を見て各質問に回答してください。##https://taiga-mori.github.io/questionaire/9dhuun.html	動画が視聴できた	視聴できた@視聴できなかった	ロボットはこの情報をあらかじめ知っていた	知っていた@知らなかった	ロボットの反応は自然だった	1. 全くそう思わない@2. あまりそう思わない@3. ややそう思わない@4. どちらとも言えない@5. ややそう思う@6. かなりそう思う@7. 完全にそう思う	ロボットはこの情報に興味を持っている	1. 全くそう思わない@2. あまりそう思わない@3. ややそう思わない@4. どちらとも言えない@5. ややそう思う@6. かなりそう思う@7. 完全にそう思う	ロボットはこの情報に同意している	1. 全くそう思わない@2. あまりそう思わない@3. ややそう思わない@4. どちらとも言えない@5. ややそう思う@6. かなりそう思う@7. 完全にそう思う	
1	0							以下のURLの動画を見て各質問に回答してください。##https://taiga-mori.github.io/questionaire/3u.html	動画が視聴できた	視聴できた@視聴できなかった	ロボットはこの情報をあらかじめ知っていた	知っていた@知らなかった	ロボットの反応は自然だった	1. 全くそう思わない@2. あまりそう思わない@3. ややそう思わない@4. どちらとも言えない@5. ややそう思う@6. かなりそう思う@7. 完全にそう思う	ロボットはこの情報に興味を持っている	1. 全くそう思わない@2. あまりそう思わない@3. ややそう思わない@4. どちらとも言えない@5. ややそう思う@6. かなりそう思う@7. 完全にそう思う	ロボットはこの情報に同意している	1. 全くそう思わない@2. あまりそう思わない@3. ややそう思わない@4. どちらとも言えない@5. ややそう思う@6. かなりそう思う@7. 完全にそう思う	
1	0							以下のURLの動画を見て各質問に回答してください。##https://taiga-mori.github.io/questionaire/6d.html	動画が視聴できた	視聴できた@視聴できなかった	ロボットはこの情報をあらかじめ知っていた	知っていた@知らなかった	ロボットの反応は自然だった	1. 全くそう思わない@2. あまりそう思わない@3. ややそう思わない@4. どちらとも言えない@5. ややそう思う@6. かなりそう思う@7. 完全にそう思う	ロボットはこの情報に興味を持っている	1. 全くそう思わない@2. あまりそう思わない@3. ややそう思わない@4. どちらとも言えない@5. ややそう思う@6. かなりそう思う@7. 完全にそう思う	ロボットはこの情報に同意している	1. 全くそう思わない@2. あまりそう思わない@3. ややそう思わない@4. どちらとも言えない@5. ややそう思う@6. かなりそう思う@7. 完全にそう思う	
1	0							以下のURLの動画を見て各質問に回答してください。##https://taiga-mori.github.io/questionaire/17d.html	動画が視聴できた	視聴できた@視聴できなかった	ロボットはこの情報をあらかじめ知っていた	知っていた@知らなかった	ロボットの反応は自然だった	1. 全くそう思わない@2. あまりそう思わない@3. ややそう思わない@4. どちらとも言えない@5. ややそう思う@6. かなりそう思う@7. 完全にそう思う	ロボットはこの情報に興味を持っている	1. 全くそう思わない@2. あまりそう思わない@3. ややそう思わない@4. どちらとも言えない@5. ややそう思う@6. かなりそう思う@7. 完全にそう思う	ロボットはこの情報に同意している	1. 全くそう思わない@2. あまりそう思わない@3. ややそう思わない@4. どちらとも言えない@5. ややそう思う@6. かなりそう思う@7. 完全にそう思う	
1	0							以下のURLの動画を見て各質問に回答してください。##https://taiga-mori.github.io/questionaire/13hee.html	動画が視聴できた	視聴できた@視聴できなかった	ロボットはこの情報をあらかじめ知っていた	知っていた@知らなかった	ロボットの反応は自然だった	1. 全くそう思わない@2. あまりそう思わない@3. ややそう思わない@4. どちらとも言えない@5. ややそう思う@6. かなりそう思う@7. 完全にそう思う	ロボットはこの情報に興味を持っている	1. 全くそう思わない@2. あまりそう思わない@3. ややそう思わない@4. どちらとも言えない@5. ややそう思う@6. かなりそう思う@7. 完全にそう思う	ロボットはこの情報に同意している	1. 全くそう思わない@2. あまりそう思わない@3. ややそう思わない@4. どちらとも言えない@5. ややそう思う@6. かなりそう思う@7. 完全にそう思う	
1	0							以下のURLの動画を見て各質問に回答してください。##https://taiga-mori.github.io/questionaire/20unun.html	動画が視聴できた	視聴できた@視聴できなかった	ロボットはこの情報をあらかじめ知っていた	知っていた@知らなかった	ロボットの反応は自然だった	1. 全くそう思わない@2. あまりそう思わない@3. ややそう思わない@4. どちらとも言えない@5. ややそう思う@6. かなりそう思う@7. 完全にそう思う	ロボットはこの情報に興味を持っている	1. 全くそう思わない@2. あまりそう思わない@3. ややそう思わない@4. どちらとも言えない@5. ややそう思う@6. かなりそう思う@7. 完全にそう思う	ロボットはこの情報に同意している	1. 全くそう思わない@2. あまりそう思わない@3. ややそう思わない@4. どちらとも言えない@5. ややそう思う@6. かなりそう思う@7. 完全にそう思う	
1	0							以下のURLの動画を見て各質問に回答してください。##https://taiga-mori.github.io/questionaire/22u.html	動画が視聴できた	視聴できた@視聴できなかった	ロボットはこの情報をあらかじめ知っていた	知っていた@知らなかった	ロボットの反応は自然だった	1. 全くそう思わない@2. あまりそう思わない@3. ややそう思わない@4. どちらとも言えない@5. ややそう思う@6. かなりそう思う@7. 完全にそう思う	ロボットはこの情報に興味を持っている	1. 全くそう思わない@2. あまりそう思わない@3. ややそう思わない@4. どちらとも言えない@5. ややそう思う@6. かなりそう思う@7. 完全にそう思う	ロボットはこの情報に同意している	1. 全くそう思わない@2. あまりそう思わない@3. ややそう思わない@4. どちらとも言えない@5. ややそう思う@6. かなりそう思う@7. 完全にそう思う	
1	0							以下のURLの動画を見て各質問に回答してください。##https://taiga-mori.github.io/questionaire/11uunun.html	動画が視聴できた	視聴できた@視聴できなかった	ロボットはこの情報をあらかじめ知っていた	知っていた@知らなかった	ロボットの反応は自然だった	1. 全くそう思わない@2. あまりそう思わない@3. ややそう思わない@4. どちらとも言えない@5. ややそう思う@6. かなりそう思う@7. 完全にそう思う	ロボットはこの情報に興味を持っている	1. 全くそう思わない@2. あまりそう思わない@3. ややそう思わない@4. どちらとも言えない@5. ややそう思う@6. かなりそう思う@7. 完全にそう思う	ロボットはこの情報に同意している	1. 全くそう思わない@2. あまりそう思わない@3. ややそう思わない@4. どちらとも言えない@5. ややそう思う@6. かなりそう思う@7. 完全にそう思う	
1	0							以下のURLの動画を見て各質問に回答してください。##https://taiga-mori.github.io/questionaire/2dunun.html	動画が視聴できた	視聴できた@視聴できなかった	ロボットはこの情報をあらかじめ知っていた	知っていた@知らなかった	ロボットの反応は自然だった	1. 全くそう思わない@2. あまりそう思わない@3. ややそう思わない@4. どちらとも言えない@5. ややそう思う@6. かなりそう思う@7. 完全にそう思う	ロボットはこの情報に興味を持っている	1. 全くそう思わない@2. あまりそう思わない@3. ややそう思わない@4. どちらとも言えない@5. ややそう思う@6. かなりそう思う@7. 完全にそう思う	ロボットはこの情報に同意している	1. 全くそう思わない@2. あまりそう思わない@3. ややそう思わない@4. どちらとも言えない@5. ややそう思う@6. かなりそう思う@7. 完全にそう思う	
1	0							以下のURLの動画を見て各質問に回答してください。##https://taiga-mori.github.io/questionaire/1dhee.html	動画が視聴できた	視聴できた@視聴できなかった	ロボットはこの情報をあらかじめ知っていた	知っていた@知らなかった	ロボットの反応は自然だった	1. 全くそう思わない@2. あまりそう思わない@3. ややそう思わない@4. どちらとも言えない@5. ややそう思う@6. かなりそう思う@7. 完全にそう思う	ロボットはこの情報に興味を持っている	1. 全くそう思わない@2. あまりそう思わない@3. ややそう思わない@4. どちらとも言えない@5. ややそう思う@6. かなりそう思う@7. 完全にそう思う	ロボットはこの情報に同意している	1. 全くそう思わない@2. あまりそう思わない@3. ややそう思わない@4. どちらとも言えない@5. ややそう思う@6. かなりそう思う@7. 完全にそう思う	
1	0							以下のURLの動画を見て各質問に回答してください。##https://taiga-mori.github.io/questionaire/4uhee.html	動画が視聴できた	視聴できた@視聴できなかった	ロボットはこの情報をあらかじめ知っていた	知っていた@知らなかった	ロボットの反応は自然だった	1. 全くそう思わない@2. あまりそう思わない@3. ややそう思わない@4. どちらとも言えない@5. ややそう思う@6. かなりそう思う@7. 完全にそう思う	ロボットはこの情報に興味を持っている	1. 全くそう思わない@2. あまりそう思わない@3. ややそう思わない@4. どちらとも言えない@5. ややそう思う@6. かなりそう思う@7. 完全にそう思う	ロボットはこの情報に同意している	1. 全くそう思わない@2. あまりそう思わない@3. ややそう思わない@4. どちらとも言えない@5. ややそう思う@6. かなりそう思う@7. 完全にそう思う	
1	0							あなたの年齢と性別を教えてください。	性別	男性@女性@その他@回答したくない	年齢	10代以下@20代@30代@40代@50代@60代@70代以上	質問はありません。「はい」を選択してください。	はい	質問はありません。「はい」を選択してください。	はい	質問はありません。「はい」を選択してください。	はい	
1	0							以下のURLの動画を見て各質問に回答してください。##https://taiga-mori.github.io/questionaire/19unun.html	動画が視聴できた	視聴できた@視聴できなかった	ロボットはこの情報をあらかじめ知っていた	知っていた@知らなかった	ロボットの反応は自然だった	1. 全くそう思わない@2. あまりそう思わない@3. ややそう思わない@4. どちらとも言えない@5. ややそう思う@6. かなりそう思う@7. 完全にそう思う	ロボットはこの情報に興味を持っている	1. 全くそう思わない@2. あまりそう思わない@3. ややそう思わない@4. どちらとも言えない@5. ややそう思う@6. かなりそう思う@7. 完全にそう思う	ロボットはこの情報に同意している	1. 全くそう思わない@2. あまりそう思わない@3. ややそう思わない@4. どちらとも言えない@5. ややそう思う@6. かなりそう思う@7. 完全にそう思う	
1	0							以下のURLの動画を見て各質問に回答してください。##https://taiga-mori.github.io/questionaire/12dunun.html	動画が視聴できた	視聴できた@視聴できなかった	ロボットはこの情報をあらかじめ知っていた	知っていた@知らなかった	ロボットの反応は自然だった	1. 全くそう思わない@2. あまりそう思わない@3. ややそう思わない@4. どちらとも言えない@5. ややそう思う@6. かなりそう思う@7. 完全にそう思う	ロボットはこの情報に興味を持っている	1. 全くそう思わない@2. あまりそう思わない@3. ややそう思わない@4. どちらとも言えない@5. ややそう思う@6. かなりそう思う@7. 完全にそう思う	ロボットはこの情報に同意している	1. 全くそう思わない@2. あまりそう思わない@3. ややそう思わない@4. どちらとも言えない@5. ややそう思う@6. かなりそう思う@7. 完全にそう思う	
1	0							以下のURLの動画を見て各質問に回答してください。##https://taiga-mori.github.io/questionaire/21dhee.html	動画が視聴できた	視聴できた@視聴できなかった	ロボットはこの情報をあらかじめ知っていた	知っていた@知らなかった	ロボットの反応は自然だった	1. 全くそう思わない@2. あまりそう思わない@3. ややそう思わない@4. どちらとも言えない@5. ややそう思う@6. かなりそう思う@7. 完全にそう思う	ロボットはこの情報に興味を持っている	1. 全くそう思わない@2. あまりそう思わない@3. ややそう思わない@4. どちらとも言えない@5. ややそう思う@6. かなりそう思う@7. 完全にそう思う	ロボットはこの情報に同意している	1. 全くそう思わない@2. あまりそう思わない@3. ややそう思わない@4. どちらとも言えない@5. ややそう思う@6. かなりそう思う@7. 完全にそう思う	
1	0							以下のURLの動画を見て各質問に回答してください。##https://taiga-mori.github.io/questionaire/20uhee.html	動画が視聴できた	視聴できた@視聴できなかった	ロボットはこの情報をあらかじめ知っていた	知っていた@知らなかった	ロボットの反応は自然だった	1. 全くそう思わない@2. あまりそう思わない@3. ややそう思わない@4. どちらとも言えない@5. ややそう思う@6. かなりそう思う@7. 完全にそう思う	ロボットはこの情報に興味を持っている	1. 全くそう思わない@2. あまりそう思わない@3. ややそう思わない@4. どちらとも言えない@5. ややそう思う@6. かなりそう思う@7. 完全にそう思う	ロボットはこの情報に同意している	1. 全くそう思わない@2. あまりそう思わない@3. ややそう思わない@4. どちらとも言えない@5. ややそう思う@6. かなりそう思う@7. 完全にそう思う	
1	0							以下のURLの動画を見て各質問に回答してください。##https://taiga-mori.github.io/questionaire/4hee.html	動画が視聴できた	視聴できた@視聴できなかった	ロボットはこの情報をあらかじめ知っていた	知っていた@知らなかった	ロボットの反応は自然だった	1. 全くそう思わない@2. あまりそう思わない@3. ややそう思わない@4. どちらとも言えない@5. ややそう思う@6. かなりそう思う@7. 完全にそう思う	ロボットはこの情報に興味を持っている	1. 全くそう思わない@2. あまりそう思わない@3. ややそう思わない@4. どちらとも言えない@5. ややそう思う@6. かなりそう思う@7. 完全にそう思う	ロボットはこの情報に同意している	1. 全くそう思わない@2. あまりそう思わない@3. ややそう思わない@4. どちらとも言えない@5. ややそう思う@6. かなりそう思う@7. 完全にそう思う	
1	0							以下のURLの動画を見て各質問に回答してください。##https://taiga-mori.github.io/questionaire/16u.html	動画が視聴できた	視聴できた@視聴できなかった	ロボットはこの情報をあらかじめ知っていた	知っていた@知らなかった	ロボットの反応は自然だった	1. 全くそう思わない@2. あまりそう思わない@3. ややそう思わない@4. どちらとも言えない@5. ややそう思う@6. かなりそう思う@7. 完全にそう思う	ロボットはこの情報に興味を持っている	1. 全くそう思わない@2. あまりそう思わない@3. ややそう思わない@4. どちらとも言えない@5. ややそう思う@6. かなりそう思う@7. 完全にそう思う	ロボットはこの情報に同意している	1. 全くそう思わない@2. あまりそう思わない@3. ややそう思わない@4. どちらとも言えない@5. ややそう思う@6. かなりそう思う@7. 完全にそう思う	
1	0							以下のURLの動画を見て各質問に回答してください。##https://taiga-mori.github.io/questionaire/17uunun.html	動画が視聴できた	視聴できた@視聴できなかった	ロボットはこの情報をあらかじめ知っていた	知っていた@知らなかった	ロボットの反応は自然だった	1. 全くそう思わない@2. あまりそう思わない@3. ややそう思わない@4. どちらとも言えない@5. ややそう思う@6. かなりそう思う@7. 完全にそう思う	ロボットはこの情報に興味を持っている	1. 全くそう思わない@2. あまりそう思わない@3. ややそう思わない@4. どちらとも言えない@5. ややそう思う@6. かなりそう思う@7. 完全にそう思う	ロボットはこの情報に同意している	1. 全くそう思わない@2. あまりそう思わない@3. ややそう思わない@4. どちらとも言えない@5. ややそう思う@6. かなりそう思う@7. 完全にそう思う	
1	0							以下のURLの動画を見て各質問に回答してください。##https://taiga-mori.github.io/questionaire/23d.html	動画が視聴できた	視聴できた@視聴できなかった	ロボットはこの情報をあらかじめ知っていた	知っていた@知らなかった	ロボットの反応は自然だった	1. 全くそう思わない@2. あまりそう思わない@3. ややそう思わない@4. どちらとも言えない@5. ややそう思う@6. かなりそう思う@7. 完全にそう思う	ロボットはこの情報に興味を持っている	1. 全くそう思わない@2. あまりそう思わない@3. ややそう思わない@4. どちらとも言えない@5. ややそう思う@6. かなりそう思う@7. 完全にそう思う	ロボットはこの情報に同意している	1. 全くそう思わない@2. あまりそう思わない@3. ややそう思わない@4. どちらとも言えない@5. ややそう思う@6. かなりそう思う@7. 完全にそう思う	
1	0							以下のURLの動画を見て各質問に回答してください。##https://taiga-mori.github.io/questionaire/2usoosoo.html	動画が視聴できた	視聴できた@視聴できなかった	ロボットはこの情報をあらかじめ知っていた	知っていた@知らなかった	ロボットの反応は自然だった	1. 全くそう思わない@2. あまりそう思わない@3. ややそう思わない@4. どちらとも言えない@5. ややそう思う@6. かなりそう思う@7. 完全にそう思う	ロボットはこの情報に興味を持っている	1. 全くそう思わない@2. あまりそう思わない@3. ややそう思わない@4. どちらとも言えない@5. ややそう思う@6. かなりそう思う@7. 完全にそう思う	ロボットはこの情報に同意している	1. 全くそう思わない@2. あまりそう思わない@3. ややそう思わない@4. どちらとも言えない@5. ややそう思う@6. かなりそう思う@7. 完全にそう思う	
1	0							以下のURLの動画を見て各質問に回答してください。##https://taiga-mori.github.io/questionaire/5dhuun.html	動画が視聴できた	視聴できた@視聴できなかった	ロボットはこの情報をあらかじめ知っていた	知っていた@知らなかった	ロボットの反応は自然だった	1. 全くそう思わない@2. あまりそう思わない@3. ややそう思わない@4. どちらとも言えない@5. ややそう思う@6. かなりそう思う@7. 完全にそう思う	ロボットはこの情報に興味を持っている	1. 全くそう思わない@2. あまりそう思わない@3. ややそう思わない@4. どちらとも言えない@5. ややそう思う@6. かなりそう思う@7. 完全にそう思う	ロボットはこの情報に同意している	1. 全くそう思わない@2. あまりそう思わない@3. ややそう思わない@4. どちらとも言えない@5. ややそう思う@6. かなりそう思う@7. 完全にそう思う	
1	0							以下のURLの動画を見て各質問に回答してください。##https://taiga-mori.github.io/questionaire/3uhuun.html	動画が視聴できた	視聴できた@視聴できなかった	ロボットはこの情報をあらかじめ知っていた	知っていた@知らなかった	ロボットの反応は自然だった	1. 全くそう思わない@2. あまりそう思わない@3. ややそう思わない@4. どちらとも言えない@5. ややそう思う@6. かなりそう思う@7. 完全にそう思う	ロボットはこの情報に興味を持っている	1. 全くそう思わない@2. あまりそう思わない@3. ややそう思わない@4. どちらとも言えない@5. ややそう思う@6. かなりそう思う@7. 完全にそう思う	ロボットはこの情報に同意している	1. 全くそう思わない@2. あまりそう思わない@3. ややそう思わない@4. どちらとも言えない@5. ややそう思う@6. かなりそう思う@7. 完全にそう思う	
1	0							以下のURLの動画を見て各質問に回答してください。##https://taiga-mori.github.io/questionaire/13u.html	動画が視聴できた	視聴できた@視聴できなかった	ロボットはこの情報をあらかじめ知っていた	知っていた@知らなかった	ロボットの反応は自然だった	1. 全くそう思わない@2. あまりそう思わない@3. ややそう思わない@4. どちらとも言えない@5. ややそう思う@6. かなりそう思う@7. 完全にそう思う	ロボットはこの情報に興味を持っている	1. 全くそう思わない@2. あまりそう思わない@3. ややそう思わない@4. どちらとも言えない@5. ややそう思う@6. かなりそう思う@7. 完全にそう思う	ロボットはこの情報に同意している	1. 全くそう思わない@2. あまりそう思わない@3. ややそう思わない@4. どちらとも言えない@5. ややそう思う@6. かなりそう思う@7. 完全にそう思う	
1	0							以下のURLの動画を見て各質問に回答してください。##https://taiga-mori.github.io/questionaire/7huun.html	動画が視聴できた	視聴できた@視聴できなかった	ロボットはこの情報をあらかじめ知っていた	知っていた@知らなかった	ロボットの反応は自然だった	1. 全くそう思わない@2. あまりそう思わない@3. ややそう思わない@4. どちらとも言えない@5. ややそう思う@6. かなりそう思う@7. 完全にそう思う	ロボットはこの情報に興味を持っている	1. 全くそう思わない@2. あまりそう思わない@3. ややそう思わない@4. どちらとも言えない@5. ややそう思う@6. かなりそう思う@7. 完全にそう思う	ロボットはこの情報に同意している	1. 全くそう思わない@2. あまりそう思わない@3. ややそう思わない@4. どちらとも言えない@5. ややそう思う@6. かなりそう思う@7. 完全にそう思う	
1	0							以下のURLの動画を見て各質問に回答してください。##https://taiga-mori.github.io/questionaire/8dsoosoo.html	動画が視聴できた	視聴できた@視聴できなかった	ロボットはこの情報をあらかじめ知っていた	知っていた@知らなかった	ロボットの反応は自然だった	1. 全くそう思わない@2. あまりそう思わない@3. ややそう思わない@4. どちらとも言えない@5. ややそう思う@6. かなりそう思う@7. 完全にそう思う	ロボットはこの情報に興味を持っている	1. 全くそう思わない@2. あまりそう思わない@3. ややそう思わない@4. どちらとも言えない@5. ややそう思う@6. かなりそう思う@7. 完全にそう思う	ロボットはこの情報に同意している	1. 全くそう思わない@2. あまりそう思わない@3. ややそう思わない@4. どちらとも言えない@5. ややそう思う@6. かなりそう思う@7. 完全にそう思う	
1	0							以下のURLの動画を見て各質問に回答してください。##https://taiga-mori.github.io/questionaire/15d.html	動画が視聴できた	視聴できた@視聴できなかった	ロボットはこの情報をあらかじめ知っていた	知っていた@知らなかった	ロボットの反応は自然だった	1. 全くそう思わない@2. あまりそう思わない@3. ややそう思わない@4. どちらとも言えない@5. ややそう思う@6. かなりそう思う@7. 完全にそう思う	ロボットはこの情報に興味を持っている	1. 全くそう思わない@2. あまりそう思わない@3. ややそう思わない@4. どちらとも言えない@5. ややそう思う@6. かなりそう思う@7. 完全にそう思う	ロボットはこの情報に同意している	1. 全くそう思わない@2. あまりそう思わない@3. ややそう思わない@4. どちらとも言えない@5. ややそう思う@6. かなりそう思う@7. 完全にそう思う	
1	0							以下のURLの動画を見て各質問に回答してください。##https://taiga-mori.github.io/questionaire/18soosoo.html	動画が視聴できた	視聴できた@視聴できなかった	ロボットはこの情報をあらかじめ知っていた	知っていた@知らなかった	ロボットの反応は自然だった	1. 全くそう思わない@2. あまりそう思わない@3. ややそう思わない@4. どちらとも言えない@5. ややそう思う@6. かなりそう思う@7. 完全にそう思う	ロボットはこの情報に興味を持っている	1. 全くそう思わない@2. あまりそう思わない@3. ややそう思わない@4. どちらとも言えない@5. ややそう思う@6. かなりそう思う@7. 完全にそう思う	ロボットはこの情報に同意している	1. 全くそう思わない@2. あまりそう思わない@3. ややそう思わない@4. どちらとも言えない@5. ややそう思う@6. かなりそう思う@7. 完全にそう思う	
1	0							以下のURLの動画を見て各質問に回答してください。##https://taiga-mori.github.io/questionaire/11soodane.html	動画が視聴できた	視聴できた@視聴できなかった	ロボットはこの情報をあらかじめ知っていた	知っていた@知らなかった	ロボットの反応は自然だった	1. 全くそう思わない@2. あまりそう思わない@3. ややそう思わない@4. どちらとも言えない@5. ややそう思う@6. かなりそう思う@7. 完全にそう思う	ロボットはこの情報に興味を持っている	1. 全くそう思わない@2. あまりそう思わない@3. ややそう思わない@4. どちらとも言えない@5. ややそう思う@6. かなりそう思う@7. 完全にそう思う	ロボットはこの情報に同意している	1. 全くそう思わない@2. あまりそう思わない@3. ややそう思わない@4. どちらとも言えない@5. ややそう思う@6. かなりそう思う@7. 完全にそう思う	
1	0							以下のURLの動画を見て各質問に回答してください。##https://taiga-mori.github.io/questionaire/22daa.html	動画が視聴できた	視聴できた@視聴できなかった	ロボットはこの情報をあらかじめ知っていた	知っていた@知らなかった	ロボットの反応は自然だった	1. 全くそう思わない@2. あまりそう思わない@3. ややそう思わない@4. どちらとも言えない@5. ややそう思う@6. かなりそう思う@7. 完全にそう思う	ロボットはこの情報に興味を持っている	1. 全くそう思わない@2. あまりそう思わない@3. ややそう思わない@4. どちらとも言えない@5. ややそう思う@6. かなりそう思う@7. 完全にそう思う	ロボットはこの情報に同意している	1. 全くそう思わない@2. あまりそう思わない@3. ややそう思わない@4. どちらとも言えない@5. ややそう思う@6. かなりそう思う@7. 完全にそう思う	
1	0							以下のURLの動画を見て各質問に回答してください。##https://taiga-mori.github.io/questionaire/14uaa.html	動画が視聴できた	視聴できた@視聴できなかった	ロボットはこの情報をあらかじめ知っていた	知っていた@知らなかった	ロボットの反応は自然だった	1. 全くそう思わない@2. あまりそう思わない@3. ややそう思わない@4. どちらとも言えない@5. ややそう思う@6. かなりそう思う@7. 完全にそう思う	ロボットはこの情報に興味を持っている	1. 全くそう思わない@2. あまりそう思わない@3. ややそう思わない@4. どちらとも言えない@5. ややそう思う@6. かなりそう思う@7. 完全にそう思う	ロボットはこの情報に同意している	1. 全くそう思わない@2. あまりそう思わない@3. ややそう思わない@4. どちらとも言えない@5. ややそう思う@6. かなりそう思う@7. 完全にそう思う	
1	0							以下のURLの動画を見て各質問に回答してください。##https://taiga-mori.github.io/questionaire/6d.html	動画が視聴できた	視聴できた@視聴できなかった	ロボットはこの情報をあらかじめ知っていた	知っていた@知らなかった	ロボットの反応は自然だった	1. 全くそう思わない@2. あまりそう思わない@3. ややそう思わない@4. どちらとも言えない@5. ややそう思う@6. かなりそう思う@7. 完全にそう思う	ロボットはこの情報に興味を持っている	1. 全くそう思わない@2. あまりそう思わない@3. ややそう思わない@4. どちらとも言えない@5. ややそう思う@6. かなりそう思う@7. 完全にそう思う	ロボットはこの情報に同意している	1. 全くそう思わない@2. あまりそう思わない@3. ややそう思わない@4. どちらとも言えない@5. ややそう思う@6. かなりそう思う@7. 完全にそう思う	
1	0							以下のURLの動画を見て各質問に回答してください。##https://taiga-mori.github.io/questionaire/24usoodane.html	動画が視聴できた	視聴できた@視聴できなかった	ロボットはこの情報をあらかじめ知っていた	知っていた@知らなかった	ロボットの反応は自然だった	1. 全くそう思わない@2. あまりそう思わない@3. ややそう思わない@4. どちらとも言えない@5. ややそう思う@6. かなりそう思う@7. 完全にそう思う	ロボットはこの情報に興味を持っている	1. 全くそう思わない@2. あまりそう思わない@3. ややそう思わない@4. どちらとも言えない@5. ややそう思う@6. かなりそう思う@7. 完全にそう思う	ロボットはこの情報に同意している	1. 全くそう思わない@2. あまりそう思わない@3. ややそう思わない@4. どちらとも言えない@5. ややそう思う@6. かなりそう思う@7. 完全にそう思う	
1	0							以下のURLの動画を見て各質問に回答してください。##https://taiga-mori.github.io/questionaire/9u.html	動画が視聴できた	視聴できた@視聴できなかった	ロボットはこの情報をあらかじめ知っていた	知っていた@知らなかった	ロボットの反応は自然だった	1. 全くそう思わない@2. あまりそう思わない@3. ややそう思わない@4. どちらとも言えない@5. ややそう思う@6. かなりそう思う@7. 完全にそう思う	ロボットはこの情報に興味を持っている	1. 全くそう思わない@2. あまりそう思わない@3. ややそう思わない@4. どちらとも言えない@5. ややそう思う@6. かなりそう思う@7. 完全にそう思う	ロボットはこの情報に同意している	1. 全くそう思わない@2. あまりそう思わない@3. ややそう思わない@4. どちらとも言えない@5. ややそう思う@6. かなりそう思う@7. 完全にそう思う	
1	0							以下のURLの動画を見て各質問に回答してください。##https://taiga-mori.github.io/questionaire/10aa.html	動画が視聴できた	視聴できた@視聴できなかった	ロボットはこの情報をあらかじめ知っていた	知っていた@知らなかった	ロボットの反応は自然だった	1. 全くそう思わない@2. あまりそう思わない@3. ややそう思わない@4. どちらとも言えない@5. ややそう思う@6. かなりそう思う@7. 完全にそう思う	ロボットはこの情報に興味を持っている	1. 全くそう思わない@2. あまりそう思わない@3. ややそう思わない@4. どちらとも言えない@5. ややそう思う@6. かなりそう思う@7. 完全にそう思う	ロボットはこの情報に同意している	1. 全くそう思わない@2. あまりそう思わない@3. ややそう思わない@4. どちらとも言えない@5. ややそう思う@6. かなりそう思う@7. 完全にそう思う	
1	0							以下のURLの動画を見て各質問に回答してください。##https://taiga-mori.github.io/questionaire/1dsoodane.html	動画が視聴できた	視聴できた@視聴できなかった	ロボットはこの情報をあらかじめ知っていた	知っていた@知らなかった	ロボットの反応は自然だった	1. 全くそう思わない@2. あまりそう思わない@3. ややそう思わない@4. どちらとも言えない@5. ややそう思う@6. かなりそう思う@7. 完全にそう思う	ロボットはこの情報に興味を持っている	1. 全くそう思わない@2. あまりそう思わない@3. ややそう思わない@4. どちらとも言えない@5. ややそう思う@6. かなりそう思う@7. 完全にそう思う	ロボットはこの情報に同意している	1. 全くそう思わない@2. あまりそう思わない@3. ややそう思わない@4. どちらとも言えない@5. ややそう思う@6. かなりそう思う@7. 完全にそう思う	
1	0							あなたの年齢と性別を教えてください。	性別	男性@女性@その他@回答したくない	年齢	10代以下@20代@30代@40代@50代@60代@70代以上	質問はありません。「はい」を選択してください。	はい	質問はありません。「はい」を選択してください。	はい	質問はありません。「はい」を選択してください。	はい	
1	0							以下のURLの動画を見て各質問に回答してください。##https://taiga-mori.github.io/questionaire/13huun.html	動画が視聴できた	視聴できた@視聴できなかった	ロボットはこの情報をあらかじめ知っていた	知っていた@知らなかった	ロボットの反応は自然だった	1. 全くそう思わない@2. あまりそう思わない@3. ややそう思わない@4. どちらとも言えない@5. ややそう思う@6. かなりそう思う@7. 完全にそう思う	ロボットはこの情報に興味を持っている	1. 全くそう思わない@2. あまりそう思わない@3. ややそう思わない@4. どちらとも言えない@5. ややそう思う@6. かなりそう思う@7. 完全にそう思う	ロボットはこの情報に同意している	1. 全くそう思わない@2. あまりそう思わない@3. ややそう思わない@4. どちらとも言えない@5. ややそう思う@6. かなりそう思う@7. 完全にそう思う	
1	0							以下のURLの動画を見て各質問に回答してください。##https://taiga-mori.github.io/questionaire/8uhuun.html	動画が視聴できた	視聴できた@視聴できなかった	ロボットはこの情報をあらかじめ知っていた	知っていた@知らなかった	ロボットの反応は自然だった	1. 全くそう思わない@2. あまりそう思わない@3. ややそう思わない@4. どちらとも言えない@5. ややそう思う@6. かなりそう思う@7. 完全にそう思う	ロボットはこの情報に興味を持っている	1. 全くそう思わない@2. あまりそう思わない@3. ややそう思わない@4. どちらとも言えない@5. ややそう思う@6. かなりそう思う@7. 完全にそう思う	ロボットはこの情報に同意している	1. 全くそう思わない@2. あまりそう思わない@3. ややそう思わない@4. どちらとも言えない@5. ややそう思う@6. かなりそう思う@7. 完全にそう思う	
1	0							以下のURLの動画を見て各質問に回答してください。##https://taiga-mori.github.io/questionaire/19dhuun.html	動画が視聴できた	視聴できた@視聴できなかった	ロボットはこの情報をあらかじめ知っていた	知っていた@知らなかった	ロボットの反応は自然だった	1. 全くそう思わない@2. あまりそう思わない@3. ややそう思わない@4. どちらとも言えない@5. ややそう思う@6. かなりそう思う@7. 完全にそう思う	ロボットはこの情報に興味を持っている	1. 全くそう思わない@2. あまりそう思わない@3. ややそう思わない@4. どちらとも言えない@5. ややそう思う@6. かなりそう思う@7. 完全にそう思う	ロボットはこの情報に同意している	1. 全くそう思わない@2. あまりそう思わない@3. ややそう思わない@4. どちらとも言えない@5. ややそう思う@6. かなりそう思う@7. 完全にそう思う	
1	0							以下のURLの動画を見て各質問に回答してください。##https://taiga-mori.github.io/questionaire/1u.html	動画が視聴できた	視聴できた@視聴できなかった	ロボットはこの情報をあらかじめ知っていた	知っていた@知らなかった	ロボットの反応は自然だった	1. 全くそう思わない@2. あまりそう思わない@3. ややそう思わない@4. どちらとも言えない@5. ややそう思う@6. かなりそう思う@7. 完全にそう思う	ロボットはこの情報に興味を持っている	1. 全くそう思わない@2. あまりそう思わない@3. ややそう思わない@4. どちらとも言えない@5. ややそう思う@6. かなりそう思う@7. 完全にそう思う	ロボットはこの情報に同意している	1. 全くそう思わない@2. あまりそう思わない@3. ややそう思わない@4. どちらとも言えない@5. ややそう思う@6. かなりそう思う@7. 完全にそう思う	
1	0							以下のURLの動画を見て各質問に回答してください。##https://taiga-mori.github.io/questionaire/4d.html	動画が視聴できた	視聴できた@視聴できなかった	ロボットはこの情報をあらかじめ知っていた	知っていた@知らなかった	ロボットの反応は自然だった	1. 全くそう思わない@2. あまりそう思わない@3. ややそう思わない@4. どちらとも言えない@5. ややそう思う@6. かなりそう思う@7. 完全にそう思う	ロボットはこの情報に興味を持っている	1. 全くそう思わない@2. あまりそう思わない@3. ややそう思わない@4. どちらとも言えない@5. ややそう思う@6. かなりそう思う@7. 完全にそう思う	ロボットはこの情報に同意している	1. 全くそう思わない@2. あまりそう思わない@3. ややそう思わない@4. どちらとも言えない@5. ややそう思う@6. かなりそう思う@7. 完全にそう思う	
1	0							以下のURLの動画を見て各質問に回答してください。##https://taiga-mori.github.io/questionaire/18usoosoo.html	動画が視聴できた	視聴できた@視聴できなかった	ロボットはこの情報をあらかじめ知っていた	知っていた@知らなかった	ロボットの反応は自然だった	1. 全くそう思わない@2. あまりそう思わない@3. ややそう思わない@4. どちらとも言えない@5. ややそう思う@6. かなりそう思う@7. 完全にそう思う	ロボットはこの情報に興味を持っている	1. 全くそう思わない@2. あまりそう思わない@3. ややそう思わない@4. どちらとも言えない@5. ややそう思う@6. かなりそう思う@7. 完全にそう思う	ロボットはこの情報に同意している	1. 全くそう思わない@2. あまりそう思わない@3. ややそう思わない@4. どちらとも言えない@5. ややそう思う@6. かなりそう思う@7. 完全にそう思う	
1	0							以下のURLの動画を見て各質問に回答してください。##https://taiga-mori.github.io/questionaire/20soosoo.html	動画が視聴できた	視聴できた@視聴できなかった	ロボットはこの情報をあらかじめ知っていた	知っていた@知らなかった	ロボットの反応は自然だった	1. 全くそう思わない@2. あまりそう思わない@3. ややそう思わない@4. どちらとも言えない@5. ややそう思う@6. かなりそう思う@7. 完全にそう思う	ロボットはこの情報に興味を持っている	1. 全くそう思わない@2. あまりそう思わない@3. ややそう思わない@4. どちらとも言えない@5. ややそう思う@6. かなりそう思う@7. 完全にそう思う	ロボットはこの情報に同意している	1. 全くそう思わない@2. あまりそう思わない@3. ややそう思わない@4. どちらとも言えない@5. ややそう思う@6. かなりそう思う@7. 完全にそう思う	
1	0							以下のURLの動画を見て各質問に回答してください。##https://taiga-mori.github.io/questionaire/23dsoosoo.html	動画が視聴できた	視聴できた@視聴できなかった	ロボットはこの情報をあらかじめ知っていた	知っていた@知らなかった	ロボットの反応は自然だった	1. 全くそう思わない@2. あまりそう思わない@3. ややそう思わない@4. どちらとも言えない@5. ややそう思う@6. かなりそう思う@7. 完全にそう思う	ロボットはこの情報に興味を持っている	1. 全くそう思わない@2. あまりそう思わない@3. ややそう思わない@4. どちらとも言えない@5. ややそう思う@6. かなりそう思う@7. 完全にそう思う	ロボットはこの情報に同意している	1. 全くそう思わない@2. あまりそう思わない@3. ややそう思わない@4. どちらとも言えない@5. ややそう思う@6. かなりそう思う@7. 完全にそう思う	
1	0							以下のURLの動画を見て各質問に回答してください。##https://taiga-mori.github.io/questionaire/12dsoodane.html	動画が視聴できた	視聴できた@視聴できなかった	ロボットはこの情報をあらかじめ知っていた	知っていた@知らなかった	ロボットの反応は自然だった	1. 全くそう思わない@2. あまりそう思わない@3. ややそう思わない@4. どちらとも言えない@5. ややそう思う@6. かなりそう思う@7. 完全にそう思う	ロボットはこの情報に興味を持っている	1. 全くそう思わない@2. あまりそう思わない@3. ややそう思わない@4. どちらとも言えない@5. ややそう思う@6. かなりそう思う@7. 完全にそう思う	ロボットはこの情報に同意している	1. 全くそう思わない@2. あまりそう思わない@3. ややそう思わない@4. どちらとも言えない@5. ややそう思う@6. かなりそう思う@7. 完全にそう思う	
1	0							以下のURLの動画を見て各質問に回答してください。##https://taiga-mori.github.io/questionaire/17aa.html	動画が視聴できた	視聴できた@視聴できなかった	ロボットはこの情報をあらかじめ知っていた	知っていた@知らなかった	ロボットの反応は自然だった	1. 全くそう思わない@2. あまりそう思わない@3. ややそう思わない@4. どちらとも言えない@5. ややそう思う@6. かなりそう思う@7. 完全にそう思う	ロボットはこの情報に興味を持っている	1. 全くそう思わない@2. あまりそう思わない@3. ややそう思わない@4. どちらとも言えない@5. ややそう思う@6. かなりそう思う@7. 完全にそう思う	ロボットはこの情報に同意している	1. 全くそう思わない@2. あまりそう思わない@3. ややそう思わない@4. どちらとも言えない@5. ややそう思う@6. かなりそう思う@7. 完全にそう思う	
1	0							以下のURLの動画を見て各質問に回答してください。##https://taiga-mori.github.io/questionaire/5usoodane.html	動画が視聴できた	視聴できた@視聴できなかった	ロボットはこの情報をあらかじめ知っていた	知っていた@知らなかった	ロボットの反応は自然だった	1. 全くそう思わない@2. あまりそう思わない@3. ややそう思わない@4. どちらとも言えない@5. ややそう思う@6. かなりそう思う@7. 完全にそう思う	ロボットはこの情報に興味を持っている	1. 全くそう思わない@2. あまりそう思わない@3. ややそう思わない@4. どちらとも言えない@5. ややそう思う@6. かなりそう思う@7. 完全にそう思う	ロボットはこの情報に同意している	1. 全くそう思わない@2. あまりそう思わない@3. ややそう思わない@4. どちらとも言えない@5. ややそう思う@6. かなりそう思う@7. 完全にそう思う	
1	0							以下のURLの動画を見て各質問に回答してください。##https://taiga-mori.github.io/questionaire/6soodane.html	動画が視聴できた	視聴できた@視聴できなかった	ロボットはこの情報をあらかじめ知っていた	知っていた@知らなかった	ロボットの反応は自然だった	1. 全くそう思わない@2. あまりそう思わない@3. ややそう思わない@4. どちらとも言えない@5. ややそう思う@6. かなりそう思う@7. 完全にそう思う	ロボットはこの情報に興味を持っている	1. 全くそう思わない@2. あまりそう思わない@3. ややそう思わない@4. どちらとも言えない@5. ややそう思う@6. かなりそう思う@7. 完全にそう思う	ロボットはこの情報に同意している	1. 全くそう思わない@2. あまりそう思わない@3. ややそう思わない@4. どちらとも言えない@5. ややそう思う@6. かなりそう思う@7. 完全にそう思う	
1	0							以下のURLの動画を見て各質問に回答してください。##https://taiga-mori.github.io/questionaire/7u.html	動画が視聴できた	視聴できた@視聴できなかった	ロボットはこの情報をあらかじめ知っていた	知っていた@知らなかった	ロボットの反応は自然だった	1. 全くそう思わない@2. あまりそう思わない@3. ややそう思わない@4. どちらとも言えない@5. ややそう思う@6. かなりそう思う@7. 完全にそう思う	ロボットはこの情報に興味を持っている	1. 全くそう思わない@2. あまりそう思わない@3. ややそう思わない@4. どちらとも言えない@5. ややそう思う@6. かなりそう思う@7. 完全にそう思う	ロボットはこの情報に同意している	1. 全くそう思わない@2. あまりそう思わない@3. ややそう思わない@4. どちらとも言えない@5. ややそう思う@6. かなりそう思う@7. 完全にそう思う	
1	0							以下のURLの動画を見て各質問に回答してください。##https://taiga-mori.github.io/questionaire/9uaa.html	動画が視聴できた	視聴できた@視聴できなかった	ロボットはこの情報をあらかじめ知っていた	知っていた@知らなかった	ロボットの反応は自然だった	1. 全くそう思わない@2. あまりそう思わない@3. ややそう思わない@4. どちらとも言えない@5. ややそう思う@6. かなりそう思う@7. 完全にそう思う	ロボットはこの情報に興味を持っている	1. 全くそう思わない@2. あまりそう思わない@3. ややそう思わない@4. どちらとも言えない@5. ややそう思う@6. かなりそう思う@7. 完全にそう思う	ロボットはこの情報に同意している	1. 全くそう思わない@2. あまりそう思わない@3. ややそう思わない@4. どちらとも言えない@5. ややそう思う@6. かなりそう思う@7. 完全にそう思う	
1	0							以下のURLの動画を見て各質問に回答してください。##https://taiga-mori.github.io/questionaire/16d.html	動画が視聴できた	視聴できた@視聴できなかった	ロボットはこの情報をあらかじめ知っていた	知っていた@知らなかった	ロボットの反応は自然だった	1. 全くそう思わない@2. あまりそう思わない@3. ややそう思わない@4. どちらとも言えない@5. ややそう思う@6. かなりそう思う@7. 完全にそう思う	ロボットはこの情報に興味を持っている	1. 全くそう思わない@2. あまりそう思わない@3. ややそう思わない@4. どちらとも言えない@5. ややそう思う@6. かなりそう思う@7. 完全にそう思う	ロボットはこの情報に同意している	1. 全くそう思わない@2. あまりそう思わない@3. ややそう思わない@4. どちらとも言えない@5. ややそう思う@6. かなりそう思う@7. 完全にそう思う	
1	0							以下のURLの動画を見て各質問に回答してください。##https://taiga-mori.github.io/questionaire/22daa.html	動画が視聴できた	視聴できた@視聴できなかった	ロボットはこの情報をあらかじめ知っていた	知っていた@知らなかった	ロボットの反応は自然だった	1. 全くそう思わない@2. あまりそう思わない@3. ややそう思わない@4. どちらとも言えない@5. ややそう思う@6. かなりそう思う@7. 完全にそう思う	ロボットはこの情報に興味を持っている	1. 全くそう思わない@2. あまりそう思わない@3. ややそう思わない@4. どちらとも言えない@5. ややそう思う@6. かなりそう思う@7. 完全にそう思う	ロボットはこの情報に同意している	1. 全くそう思わない@2. あまりそう思わない@3. ややそう思わない@4. どちらとも言えない@5. ややそう思う@6. かなりそう思う@7. 完全にそう思う	
1	0							以下のURLの動画を見て各質問に回答してください。##https://taiga-mori.github.io/questionaire/2uhee.html	動画が視聴できた	視聴できた@視聴できなかった	ロボットはこの情報をあらかじめ知っていた	知っていた@知らなかった	ロボットの反応は自然だった	1. 全くそう思わない@2. あまりそう思わない@3. ややそう思わない@4. どちらとも言えない@5. ややそう思う@6. かなりそう思う@7. 完全にそう思う	ロボットはこの情報に興味を持っている	1. 全くそう思わない@2. あまりそう思わない@3. ややそう思わない@4. どちらとも言えない@5. ややそう思う@6. かなりそう思う@7. 完全にそう思う	ロボットはこの情報に同意している	1. 全くそう思わない@2. あまりそう思わない@3. ややそう思わない@4. どちらとも言えない@5. ややそう思う@6. かなりそう思う@7. 完全にそう思う	
1	0							以下のURLの動画を見て各質問に回答してください。##https://taiga-mori.github.io/questionaire/24d.html	動画が視聴できた	視聴できた@視聴できなかった	ロボットはこの情報をあらかじめ知っていた	知っていた@知らなかった	ロボットの反応は自然だった	1. 全くそう思わない@2. あまりそう思わない@3. ややそう思わない@4. どちらとも言えない@5. ややそう思う@6. かなりそう思う@7. 完全にそう思う	ロボットはこの情報に興味を持っている	1. 全くそう思わない@2. あまりそう思わない@3. ややそう思わない@4. どちらとも言えない@5. ややそう思う@6. かなりそう思う@7. 完全にそう思う	ロボットはこの情報に同意している	1. 全くそう思わない@2. あまりそう思わない@3. ややそう思わない@4. どちらとも言えない@5. ややそう思う@6. かなりそう思う@7. 完全にそう思う	
1	0							以下のURLの動画を見て各質問に回答してください。##https://taiga-mori.github.io/questionaire/11uunun.html	動画が視聴できた	視聴できた@視聴できなかった	ロボットはこの情報をあらかじめ知っていた	知っていた@知らなかった	ロボットの反応は自然だった	1. 全くそう思わない@2. あまりそう思わない@3. ややそう思わない@4. どちらとも言えない@5. ややそう思う@6. かなりそう思う@7. 完全にそう思う	ロボットはこの情報に興味を持っている	1. 全くそう思わない@2. あまりそう思わない@3. ややそう思わない@4. どちらとも言えない@5. ややそう思う@6. かなりそう思う@7. 完全にそう思う	ロボットはこの情報に同意している	1. 全くそう思わない@2. あまりそう思わない@3. ややそう思わない@4. どちらとも言えない@5. ややそう思う@6. かなりそう思う@7. 完全にそう思う	
1	0							以下のURLの動画を見て各質問に回答してください。##https://taiga-mori.github.io/questionaire/10u.html	動画が視聴できた	視聴できた@視聴できなかった	ロボットはこの情報をあらかじめ知っていた	知っていた@知らなかった	ロボットの反応は自然だった	1. 全くそう思わない@2. あまりそう思わない@3. ややそう思わない@4. どちらとも言えない@5. ややそう思う@6. かなりそう思う@7. 完全にそう思う	ロボットはこの情報に興味を持っている	1. 全くそう思わない@2. あまりそう思わない@3. ややそう思わない@4. どちらとも言えない@5. ややそう思う@6. かなりそう思う@7. 完全にそう思う	ロボットはこの情報に同意している	1. 全くそう思わない@2. あまりそう思わない@3. ややそう思わない@4. どちらとも言えない@5. ややそう思う@6. かなりそう思う@7. 完全にそう思う	
1	0							以下のURLの動画を見て各質問に回答してください。##https://taiga-mori.github.io/questionaire/3hee.html	動画が視聴できた	視聴できた@視聴できなかった	ロボットはこの情報をあらかじめ知っていた	知っていた@知らなかった	ロボットの反応は自然だった	1. 全くそう思わない@2. あまりそう思わない@3. ややそう思わない@4. どちらとも言えない@5. ややそう思う@6. かなりそう思う@7. 完全にそう思う	ロボットはこの情報に興味を持っている	1. 全くそう思わない@2. あまりそう思わない@3. ややそう思わない@4. どちらとも言えない@5. ややそう思う@6. かなりそう思う@7. 完全にそう思う	ロボットはこの情報に同意している	1. 全くそう思わない@2. あまりそう思わない@3. ややそう思わない@4. どちらとも言えない@5. ややそう思う@6. かなりそう思う@7. 完全にそう思う	
1	0							以下のURLの動画を見て各質問に回答してください。##https://taiga-mori.github.io/questionaire/15dunun.html	動画が視聴できた	視聴できた@視聴できなかった	ロボットはこの情報をあらかじめ知っていた	知っていた@知らなかった	ロボットの反応は自然だった	1. 全くそう思わない@2. あまりそう思わない@3. ややそう思わない@4. どちらとも言えない@5. ややそう思う@6. かなりそう思う@7. 完全にそう思う	ロボットはこの情報に興味を持っている	1. 全くそう思わない@2. あまりそう思わない@3. ややそう思わない@4. どちらとも言えない@5. ややそう思う@6. かなりそう思う@7. 完全にそう思う	ロボットはこの情報に同意している	1. 全くそう思わない@2. あまりそう思わない@3. ややそう思わない@4. どちらとも言えない@5. ややそう思う@6. かなりそう思う@7. 完全にそう思う	
1	0							以下のURLの動画を見て各質問に回答してください。##https://taiga-mori.github.io/questionaire/21unun.html	動画が視聴できた	視聴できた@視聴できなかった	ロボットはこの情報をあらかじめ知っていた	知っていた@知らなかった	ロボットの反応は自然だった	1. 全くそう思わない@2. あまりそう思わない@3. ややそう思わない@4. どちらとも言えない@5. ややそう思う@6. かなりそう思う@7. 完全にそう思う	ロボットはこの情報に興味を持っている	1. 全くそう思わない@2. あまりそう思わない@3. ややそう思わない@4. どちらとも言えない@5. ややそう思う@6. かなりそう思う@7. 完全にそう思う	ロボットはこの情報に同意している	1. 全くそう思わない@2. あまりそう思わない@3. ややそう思わない@4. どちらとも言えない@5. ややそう思う@6. かなりそう思う@7. 完全にそう思う	
1	0							以下のURLの動画を見て各質問に回答してください。##https://taiga-mori.github.io/questionaire/14dhee.html	動画が視聴できた	視聴できた@視聴できなかった	ロボットはこの情報をあらかじめ知っていた	知っていた@知らなかった	ロボットの反応は自然だった	1. 全くそう思わない@2. あまりそう思わない@3. ややそう思わない@4. どちらとも言えない@5. ややそう思う@6. かなりそう思う@7. 完全にそう思う	ロボットはこの情報に興味を持っている	1. 全くそう思わない@2. あまりそう思わない@3. ややそう思わない@4. どちらとも言えない@5. ややそう思う@6. かなりそう思う@7. 完全にそう思う	ロボットはこの情報に同意している	1. 全くそう思わない@2. あまりそう思わない@3. ややそう思わない@4. どちらとも言えない@5. ややそう思う@6. かなりそう思う@7. 完全にそう思う	
1	0							あなたの年齢と性別を教えてください。	性別	男性@女性@その他@回答したくない	年齢	10代以下@20代@30代@40代@50代@60代@70代以上	質問はありません。「はい」を選択してください。	はい	質問はありません。「はい」を選択してください。	はい	質問はありません。「はい」を選択してください。	はい	
1	0							以下のURLの動画を見て各質問に回答してください。##https://taiga-mori.github.io/questionaire/16dhuun.html	動画が視聴できた	視聴できた@視聴できなかった	ロボットはこの情報をあらかじめ知っていた	知っていた@知らなかった	ロボットの反応は自然だった	1. 全くそう思わない@2. あまりそう思わない@3. ややそう思わない@4. どちらとも言えない@5. ややそう思う@6. かなりそう思う@7. 完全にそう思う	ロボットはこの情報に興味を持っている	1. 全くそう思わない@2. あまりそう思わない@3. ややそう思わない@4. どちらとも言えない@5. ややそう思う@6. かなりそう思う@7. 完全にそう思う	ロボットはこの情報に同意している	1. 全くそう思わない@2. あまりそう思わない@3. ややそう思わない@4. どちらとも言えない@5. ややそう思う@6. かなりそう思う@7. 完全にそう思う	
1	0							以下のURLの動画を見て各質問に回答してください。##https://taiga-mori.github.io/questionaire/5d.html	動画が視聴できた	視聴できた@視聴できなかった	ロボットはこの情報をあらかじめ知っていた	知っていた@知らなかった	ロボットの反応は自然だった	1. 全くそう思わない@2. あまりそう思わない@3. ややそう思わない@4. どちらとも言えない@5. ややそう思う@6. かなりそう思う@7. 完全にそう思う	ロボットはこの情報に興味を持っている	1. 全くそう思わない@2. あまりそう思わない@3. ややそう思わない@4. どちらとも言えない@5. ややそう思う@6. かなりそう思う@7. 完全にそう思う	ロボットはこの情報に同意している	1. 全くそう思わない@2. あまりそう思わない@3. ややそう思わない@4. どちらとも言えない@5. ややそう思う@6. かなりそう思う@7. 完全にそう思う	
1	0							以下のURLの動画を見て各質問に回答してください。##https://taiga-mori.github.io/questionaire/3huun.html	動画が視聴できた	視聴できた@視聴できなかった	ロボットはこの情報をあらかじめ知っていた	知っていた@知らなかった	ロボットの反応は自然だった	1. 全くそう思わない@2. あまりそう思わない@3. ややそう思わない@4. どちらとも言えない@5. ややそう思う@6. かなりそう思う@7. 完全にそう思う	ロボットはこの情報に興味を持っている	1. 全くそう思わない@2. あまりそう思わない@3. ややそう思わない@4. どちらとも言えない@5. ややそう思う@6. かなりそう思う@7. 完全にそう思う	ロボットはこの情報に同意している	1. 全くそう思わない@2. あまりそう思わない@3. ややそう思わない@4. どちらとも言えない@5. ややそう思う@6. かなりそう思う@7. 完全にそう思う	
1	0							以下のURLの動画を見て各質問に回答してください。##https://taiga-mori.github.io/questionaire/6soodane.html	動画が視聴できた	視聴できた@視聴できなかった	ロボットはこの情報をあらかじめ知っていた	知っていた@知らなかった	ロボットの反応は自然だった	1. 全くそう思わない@2. あまりそう思わない@3. ややそう思わない@4. どちらとも言えない@5. ややそう思う@6. かなりそう思う@7. 完全にそう思う	ロボットはこの情報に興味を持っている	1. 全くそう思わない@2. あまりそう思わない@3. ややそう思わない@4. どちらとも言えない@5. ややそう思う@6. かなりそう思う@7. 完全にそう思う	ロボットはこの情報に同意している	1. 全くそう思わない@2. あまりそう思わない@3. ややそう思わない@4. どちらとも言えない@5. ややそう思う@6. かなりそう思う@7. 完全にそう思う	
1	0							以下のURLの動画を見て各質問に回答してください。##https://taiga-mori.github.io/questionaire/19usoodane.html	動画が視聴できた	視聴できた@視聴できなかった	ロボットはこの情報をあらかじめ知っていた	知っていた@知らなかった	ロボットの反応は自然だった	1. 全くそう思わない@2. あまりそう思わない@3. ややそう思わない@4. どちらとも言えない@5. ややそう思う@6. かなりそう思う@7. 完全にそう思う	ロボットはこの情報に興味を持っている	1. 全くそう思わない@2. あまりそう思わない@3. ややそう思わない@4. どちらとも言えない@5. ややそう思う@6. かなりそう思う@7. 完全にそう思う	ロボットはこの情報に同意している	1. 全くそう思わない@2. あまりそう思わない@3. ややそう思わない@4. どちらとも言えない@5. ややそう思う@6. かなりそう思う@7. 完全にそう思う	
1	0							以下のURLの動画を見て各質問に回答してください。##https://taiga-mori.github.io/questionaire/11dsoodane.html	動画が視聴できた	視聴できた@視聴できなかった	ロボットはこの情報をあらかじめ知っていた	知っていた@知らなかった	ロボットの反応は自然だった	1. 全くそう思わない@2. あまりそう思わない@3. ややそう思わない@4. どちらとも言えない@5. ややそう思う@6. かなりそう思う@7. 完全にそう思う	ロボットはこの情報に興味を持っている	1. 全くそう思わない@2. あまりそう思わない@3. ややそう思わない@4. どちらとも言えない@5. ややそう思う@6. かなりそう思う@7. 完全にそう思う	ロボットはこの情報に同意している	1. 全くそう思わない@2. あまりそう思わない@3. ややそう思わない@4. どちらとも言えない@5. ややそう思う@6. かなりそう思う@7. 完全にそう思う	
1	0							以下のURLの動画を見て各質問に回答してください。##https://taiga-mori.github.io/questionaire/20u.html	動画が視聴できた	視聴できた@視聴できなかった	ロボットはこの情報をあらかじめ知っていた	知っていた@知らなかった	ロボットの反応は自然だった	1. 全くそう思わない@2. あまりそう思わない@3. ややそう思わない@4. どちらとも言えない@5. ややそう思う@6. かなりそう思う@7. 完全にそう思う	ロボットはこの情報に興味を持っている	1. 全くそう思わない@2. あまりそう思わない@3. ややそう思わない@4. どちらとも言えない@5. ややそう思う@6. かなりそう思う@7. 完全にそう思う	ロボットはこの情報に同意している	1. 全くそう思わない@2. あまりそう思わない@3. ややそう思わない@4. どちらとも言えない@5. ややそう思う@6. かなりそう思う@7. 完全にそう思う	
1	0							以下のURLの動画を見て各質問に回答してください。##https://taiga-mori.github.io/questionaire/12uhuun.html	動画が視聴できた	視聴できた@視聴できなかった	ロボットはこの情報をあらかじめ知っていた	知っていた@知らなかった	ロボットの反応は自然だった	1. 全くそう思わない@2. あまりそう思わない@3. ややそう思わない@4. どちらとも言えない@5. ややそう思う@6. かなりそう思う@7. 完全にそう思う	ロボットはこの情報に興味を持っている	1. 全くそう思わない@2. あまりそう思わない@3. ややそう思わない@4. どちらとも言えない@5. ややそう思う@6. かなりそう思う@7. 完全にそう思う	ロボットはこの情報に同意している	1. 全くそう思わない@2. あまりそう思わない@3. ややそう思わない@4. どちらとも言えない@5. ややそう思う@6. かなりそう思う@7. 完全にそう思う	
1	0							以下のURLの動画を見て各質問に回答してください。##https://taiga-mori.github.io/questionaire/1unun.html	動画が視聴できた	視聴できた@視聴できなかった	ロボットはこの情報をあらかじめ知っていた	知っていた@知らなかった	ロボットの反応は自然だった	1. 全くそう思わない@2. あまりそう思わない@3. ややそう思わない@4. どちらとも言えない@5. ややそう思う@6. かなりそう思う@7. 完全にそう思う	ロボットはこの情報に興味を持っている	1. 全くそう思わない@2. あまりそう思わない@3. ややそう思わない@4. どちらとも言えない@5. ややそう思う@6. かなりそう思う@7. 完全にそう思う	ロボットはこの情報に同意している	1. 全くそう思わない@2. あまりそう思わない@3. ややそう思わない@4. どちらとも言えない@5. ややそう思う@6. かなりそう思う@7. 完全にそう思う	
1	0							以下のURLの動画を見て各質問に回答してください。##https://taiga-mori.github.io/questionaire/14uhee.html	動画が視聴できた	視聴できた@視聴できなかった	ロボットはこの情報をあらかじめ知っていた	知っていた@知らなかった	ロボットの反応は自然だった	1. 全くそう思わない@2. あまりそう思わない@3. ややそう思わない@4. どちらとも言えない@5. ややそう思う@6. かなりそう思う@7. 完全にそう思う	ロボットはこの情報に興味を持っている	1. 全くそう思わない@2. あまりそう思わない@3. ややそう思わない@4. どちらとも言えない@5. ややそう思う@6. かなりそう思う@7. 完全にそう思う	ロボットはこの情報に同意している	1. 全くそう思わない@2. あまりそう思わない@3. ややそう思わない@4. どちらとも言えない@5. ややそう思う@6. かなりそう思う@7. 完全にそう思う	
1	0							以下のURLの動画を見て各質問に回答してください。##https://taiga-mori.github.io/questionaire/8u.html	動画が視聴できた	視聴できた@視聴できなかった	ロボットはこの情報をあらかじめ知っていた	知っていた@知らなかった	ロボットの反応は自然だった	1. 全くそう思わない@2. あまりそう思わない@3. ややそう思わない@4. どちらとも言えない@5. ややそう思う@6. かなりそう思う@7. 完全にそう思う	ロボットはこの情報に興味を持っている	1. 全くそう思わない@2. あまりそう思わない@3. ややそう思わない@4. どちらとも言えない@5. ややそう思う@6. かなりそう思う@7. 完全にそう思う	ロボットはこの情報に同意している	1. 全くそう思わない@2. あまりそう思わない@3. ややそう思わない@4. どちらとも言えない@5. ややそう思う@6. かなりそう思う@7. 完全にそう思う	
1	0							以下のURLの動画を見て各質問に回答してください。##https://taiga-mori.github.io/questionaire/7hee.html	動画が視聴できた	視聴できた@視聴できなかった	ロボットはこの情報をあらかじめ知っていた	知っていた@知らなかった	ロボットの反応は自然だった	1. 全くそう思わない@2. あまりそう思わない@3. ややそう思わない@4. どちらとも言えない@5. ややそう思う@6. かなりそう思う@7. 完全にそう思う	ロボットはこの情報に興味を持っている	1. 全くそう思わない@2. あまりそう思わない@3. ややそう思わない@4. どちらとも言えない@5. ややそう思う@6. かなりそう思う@7. 完全にそう思う	ロボットはこの情報に同意している	1. 全くそう思わない@2. あまりそう思わない@3. ややそう思わない@4. どちらとも言えない@5. ややそう思う@6. かなりそう思う@7. 完全にそう思う	
1	0							以下のURLの動画を見て各質問に回答してください。##https://taiga-mori.github.io/questionaire/23dunun.html	動画が視聴できた	視聴できた@視聴できなかった	ロボットはこの情報をあらかじめ知っていた	知っていた@知らなかった	ロボットの反応は自然だった	1. 全くそう思わない@2. あまりそう思わない@3. ややそう思わない@4. どちらとも言えない@5. ややそう思う@6. かなりそう思う@7. 完全にそう思う	ロボットはこの情報に興味を持っている	1. 全くそう思わない@2. あまりそう思わない@3. ややそう思わない@4. どちらとも言えない@5. ややそう思う@6. かなりそう思う@7. 完全にそう思う	ロボットはこの情報に同意している	1. 全くそう思わない@2. あまりそう思わない@3. ややそう思わない@4. どちらとも言えない@5. ややそう思う@6. かなりそう思う@7. 完全にそう思う	
1	0							以下のURLの動画を見て各質問に回答してください。##https://taiga-mori.github.io/questionaire/22d.html	動画が視聴できた	視聴できた@視聴できなかった	ロボットはこの情報をあらかじめ知っていた	知っていた@知らなかった	ロボットの反応は自然だった	1. 全くそう思わない@2. あまりそう思わない@3. ややそう思わない@4. どちらとも言えない@5. ややそう思う@6. かなりそう思う@7. 完全にそう思う	ロボットはこの情報に興味を持っている	1. 全くそう思わない@2. あまりそう思わない@3. ややそう思わない@4. どちらとも言えない@5. ややそう思う@6. かなりそう思う@7. 完全にそう思う	ロボットはこの情報に同意している	1. 全くそう思わない@2. あまりそう思わない@3. ややそう思わない@4. どちらとも言えない@5. ややそう思う@6. かなりそう思う@7. 完全にそう思う	
1	0							以下のURLの動画を見て各質問に回答してください。##https://taiga-mori.github.io/questionaire/13uunun.html	動画が視聴できた	視聴できた@視聴できなかった	ロボットはこの情報をあらかじめ知っていた	知っていた@知らなかった	ロボットの反応は自然だった	1. 全くそう思わない@2. あまりそう思わない@3. ややそう思わない@4. どちらとも言えない@5. ややそう思う@6. かなりそう思う@7. 完全にそう思う	ロボットはこの情報に興味を持っている	1. 全くそう思わない@2. あまりそう思わない@3. ややそう思わない@4. どちらとも言えない@5. ややそう思う@6. かなりそう思う@7. 完全にそう思う	ロボットはこの情報に同意している	1. 全くそう思わない@2. あまりそう思わない@3. ややそう思わない@4. どちらとも言えない@5. ややそう思う@6. かなりそう思う@7. 完全にそう思う	
1	0							以下のURLの動画を見て各質問に回答してください。##https://taiga-mori.github.io/questionaire/4dhee.html	動画が視聴できた	視聴できた@視聴できなかった	ロボットはこの情報をあらかじめ知っていた	知っていた@知らなかった	ロボットの反応は自然だった	1. 全くそう思わない@2. あまりそう思わない@3. ややそう思わない@4. どちらとも言えない@5. ややそう思う@6. かなりそう思う@7. 完全にそう思う	ロボットはこの情報に興味を持っている	1. 全くそう思わない@2. あまりそう思わない@3. ややそう思わない@4. どちらとも言えない@5. ややそう思う@6. かなりそう思う@7. 完全にそう思う	ロボットはこの情報に同意している	1. 全くそう思わない@2. あまりそう思わない@3. ややそう思わない@4. どちらとも言えない@5. ややそう思う@6. かなりそう思う@7. 完全にそう思う	
1	0							以下のURLの動画を見て各質問に回答してください。##https://taiga-mori.github.io/questionaire/24dsoosoo.html	動画が視聴できた	視聴できた@視聴できなかった	ロボットはこの情報をあらかじめ知っていた	知っていた@知らなかった	ロボットの反応は自然だった	1. 全くそう思わない@2. あまりそう思わない@3. ややそう思わない@4. どちらとも言えない@5. ややそう思う@6. かなりそう思う@7. 完全にそう思う	ロボットはこの情報に興味を持っている	1. 全くそう思わない@2. あまりそう思わない@3. ややそう思わない@4. どちらとも言えない@5. ややそう思う@6. かなりそう思う@7. 完全にそう思う	ロボットはこの情報に同意している	1. 全くそう思わない@2. あまりそう思わない@3. ややそう思わない@4. どちらとも言えない@5. ややそう思う@6. かなりそう思う@7. 完全にそう思う	
1	0							以下のURLの動画を見て各質問に回答してください。##https://taiga-mori.github.io/questionaire/17soosoo.html	動画が視聴できた	視聴できた@視聴できなかった	ロボットはこの情報をあらかじめ知っていた	知っていた@知らなかった	ロボットの反応は自然だった	1. 全くそう思わない@2. あまりそう思わない@3. ややそう思わない@4. どちらとも言えない@5. ややそう思う@6. かなりそう思う@7. 完全にそう思う	ロボットはこの情報に興味を持っている	1. 全くそう思わない@2. あまりそう思わない@3. ややそう思わない@4. どちらとも言えない@5. ややそう思う@6. かなりそう思う@7. 完全にそう思う	ロボットはこの情報に同意している	1. 全くそう思わない@2. あまりそう思わない@3. ややそう思わない@4. どちらとも言えない@5. ややそう思う@6. かなりそう思う@7. 完全にそう思う	
1	0							以下のURLの動画を見て各質問に回答してください。##https://taiga-mori.github.io/questionaire/9usoosoo.html	動画が視聴できた	視聴できた@視聴できなかった	ロボットはこの情報をあらかじめ知っていた	知っていた@知らなかった	ロボットの反応は自然だった	1. 全くそう思わない@2. あまりそう思わない@3. ややそう思わない@4. どちらとも言えない@5. ややそう思う@6. かなりそう思う@7. 完全にそう思う	ロボットはこの情報に興味を持っている	1. 全くそう思わない@2. あまりそう思わない@3. ややそう思わない@4. どちらとも言えない@5. ややそう思う@6. かなりそう思う@7. 完全にそう思う	ロボットはこの情報に同意している	1. 全くそう思わない@2. あまりそう思わない@3. ややそう思わない@4. どちらとも言えない@5. ややそう思う@6. かなりそう思う@7. 完全にそう思う	
1	0							以下のURLの動画を見て各質問に回答してください。##https://taiga-mori.github.io/questionaire/15d.html	動画が視聴できた	視聴できた@視聴できなかった	ロボットはこの情報をあらかじめ知っていた	知っていた@知らなかった	ロボットの反応は自然だった	1. 全くそう思わない@2. あまりそう思わない@3. ややそう思わない@4. どちらとも言えない@5. ややそう思う@6. かなりそう思う@7. 完全にそう思う	ロボットはこの情報に興味を持っている	1. 全くそう思わない@2. あまりそう思わない@3. ややそう思わない@4. どちらとも言えない@5. ややそう思う@6. かなりそう思う@7. 完全にそう思う	ロボットはこの情報に同意している	1. 全くそう思わない@2. あまりそう思わない@3. ややそう思わない@4. どちらとも言えない@5. ややそう思う@6. かなりそう思う@7. 完全にそう思う	
1	0							以下のURLの動画を見て各質問に回答してください。##https://taiga-mori.github.io/questionaire/18u.html	動画が視聴できた	視聴できた@視聴できなかった	ロボットはこの情報をあらかじめ知っていた	知っていた@知らなかった	ロボットの反応は自然だった	1. 全くそう思わない@2. あまりそう思わない@3. ややそう思わない@4. どちらとも言えない@5. ややそう思う@6. かなりそう思う@7. 完全にそう思う	ロボットはこの情報に興味を持っている	1. 全くそう思わない@2. あまりそう思わない@3. ややそう思わない@4. どちらとも言えない@5. ややそう思う@6. かなりそう思う@7. 完全にそう思う	ロボットはこの情報に同意している	1. 全くそう思わない@2. あまりそう思わない@3. ややそう思わない@4. どちらとも言えない@5. ややそう思う@6. かなりそう思う@7. 完全にそう思う	
1	0							以下のURLの動画を見て各質問に回答してください。##https://taiga-mori.github.io/questionaire/10daa.html	動画が視聴できた	視聴できた@視聴できなかった	ロボットはこの情報をあらかじめ知っていた	知っていた@知らなかった	ロボットの反応は自然だった	1. 全くそう思わない@2. あまりそう思わない@3. ややそう思わない@4. どちらとも言えない@5. ややそう思う@6. かなりそう思う@7. 完全にそう思う	ロボットはこの情報に興味を持っている	1. 全くそう思わない@2. あまりそう思わない@3. ややそう思わない@4. どちらとも言えない@5. ややそう思う@6. かなりそう思う@7. 完全にそう思う	ロボットはこの情報に同意している	1. 全くそう思わない@2. あまりそう思わない@3. ややそう思わない@4. どちらとも言えない@5. ややそう思う@6. かなりそう思う@7. 完全にそう思う	
1	0							以下のURLの動画を見て各質問に回答してください。##https://taiga-mori.github.io/questionaire/2aa.html	動画が視聴できた	視聴できた@視聴できなかった	ロボットはこの情報をあらかじめ知っていた	知っていた@知らなかった	ロボットの反応は自然だった	1. 全くそう思わない@2. あまりそう思わない@3. ややそう思わない@4. どちらとも言えない@5. ややそう思う@6. かなりそう思う@7. 完全にそう思う	ロボットはこの情報に興味を持っている	1. 全くそう思わない@2. あまりそう思わない@3. ややそう思わない@4. どちらとも言えない@5. ややそう思う@6. かなりそう思う@7. 完全にそう思う	ロボットはこの情報に同意している	1. 全くそう思わない@2. あまりそう思わない@3. ややそう思わない@4. どちらとも言えない@5. ややそう思う@6. かなりそう思う@7. 完全にそう思う	
1	0							以下のURLの動画を見て各質問に回答してください。##https://taiga-mori.github.io/questionaire/21uaa.html	動画が視聴できた	視聴できた@視聴できなかった	ロボットはこの情報をあらかじめ知っていた	知っていた@知らなかった	ロボットの反応は自然だった	1. 全くそう思わない@2. あまりそう思わない@3. ややそう思わない@4. どちらとも言えない@5. ややそう思う@6. かなりそう思う@7. 完全にそう思う	ロボットはこの情報に興味を持っている	1. 全くそう思わない@2. あまりそう思わない@3. ややそう思わない@4. どちらとも言えない@5. ややそう思う@6. かなりそう思う@7. 完全にそう思う	ロボットはこの情報に同意している	1. 全くそう思わない@2. あまりそう思わない@3. ややそう思わない@4. どちらとも言えない@5. ややそう思う@6. かなりそう思う@7. 完全にそう思う	
1	0							あなたの年齢と性別を教えてください。	性別	男性@女性@その他@回答したくない	年齢	10代以下@20代@30代@40代@50代@60代@70代以上	質問はありません。「はい」を選択してください。	はい	質問はありません。「はい」を選択してください。	はい	質問はありません。「はい」を選択してください。	はい	
1	0							以下のURLの動画を見て各質問に回答してください。##https://taiga-mori.github.io/questionaire/8dsoodane.html	動画が視聴できた	視聴できた@視聴できなかった	ロボットはこの情報をあらかじめ知っていた	知っていた@知らなかった	ロボットの反応は自然だった	1. 全くそう思わない@2. あまりそう思わない@3. ややそう思わない@4. どちらとも言えない@5. ややそう思う@6. かなりそう思う@7. 完全にそう思う	ロボットはこの情報に興味を持っている	1. 全くそう思わない@2. あまりそう思わない@3. ややそう思わない@4. どちらとも言えない@5. ややそう思う@6. かなりそう思う@7. 完全にそう思う	ロボットはこの情報に同意している	1. 全くそう思わない@2. あまりそう思わない@3. ややそう思わない@4. どちらとも言えない@5. ややそう思う@6. かなりそう思う@7. 完全にそう思う	
1	0							以下のURLの動画を見て各質問に回答してください。##https://taiga-mori.github.io/questionaire/19u.html	動画が視聴できた	視聴できた@視聴できなかった	ロボットはこの情報をあらかじめ知っていた	知っていた@知らなかった	ロボットの反応は自然だった	1. 全くそう思わない@2. あまりそう思わない@3. ややそう思わない@4. どちらとも言えない@5. ややそう思う@6. かなりそう思う@7. 完全にそう思う	ロボットはこの情報に興味を持っている	1. 全くそう思わない@2. あまりそう思わない@3. ややそう思わない@4. どちらとも言えない@5. ややそう思う@6. かなりそう思う@7. 完全にそう思う	ロボットはこの情報に同意している	1. 全くそう思わない@2. あまりそう思わない@3. ややそう思わない@4. どちらとも言えない@5. ややそう思う@6. かなりそう思う@7. 完全にそう思う	
1	0							以下のURLの動画を見て各質問に回答してください。##https://taiga-mori.github.io/questionaire/7soodane.html	動画が視聴できた	視聴できた@視聴できなかった	ロボットはこの情報をあらかじめ知っていた	知っていた@知らなかった	ロボットの反応は自然だった	1. 全くそう思わない@2. あまりそう思わない@3. ややそう思わない@4. どちらとも言えない@5. ややそう思う@6. かなりそう思う@7. 完全にそう思う	ロボットはこの情報に興味を持っている	1. 全くそう思わない@2. あまりそう思わない@3. ややそう思わない@4. どちらとも言えない@5. ややそう思う@6. かなりそう思う@7. 完全にそう思う	ロボットはこの情報に同意している	1. 全くそう思わない@2. あまりそう思わない@3. ややそう思わない@4. どちらとも言えない@5. ややそう思う@6. かなりそう思う@7. 完全にそう思う	
1	0							以下のURLの動画を見て各質問に回答してください。##https://taiga-mori.github.io/questionaire/12d.html	動画が視聴できた	視聴できた@視聴できなかった	ロボットはこの情報をあらかじめ知っていた	知っていた@知らなかった	ロボットの反応は自然だった	1. 全くそう思わない@2. あまりそう思わない@3. ややそう思わない@4. どちらとも言えない@5. ややそう思う@6. かなりそう思う@7. 完全にそう思う	ロボットはこの情報に興味を持っている	1. 全くそう思わない@2. あまりそう思わない@3. ややそう思わない@4. どちらとも言えない@5. ややそう思う@6. かなりそう思う@7. 完全にそう思う	ロボットはこの情報に同意している	1. 全くそう思わない@2. あまりそう思わない@3. ややそう思わない@4. どちらとも言えない@5. ややそう思う@6. かなりそう思う@7. 完全にそう思う	
1	0							以下のURLの動画を見て各質問に回答してください。##https://taiga-mori.github.io/questionaire/2aa.html	動画が視聴できた	視聴できた@視聴できなかった	ロボットはこの情報をあらかじめ知っていた	知っていた@知らなかった	ロボットの反応は自然だった	1. 全くそう思わない@2. あまりそう思わない@3. ややそう思わない@4. どちらとも言えない@5. ややそう思う@6. かなりそう思う@7. 完全にそう思う	ロボットはこの情報に興味を持っている	1. 全くそう思わない@2. あまりそう思わない@3. ややそう思わない@4. どちらとも言えない@5. ややそう思う@6. かなりそう思う@7. 完全にそう思う	ロボットはこの情報に同意している	1. 全くそう思わない@2. あまりそう思わない@3. ややそう思わない@4. どちらとも言えない@5. ややそう思う@6. かなりそう思う@7. 完全にそう思う	
1	0							以下のURLの動画を見て各質問に回答してください。##https://taiga-mori.github.io/questionaire/18uaa.html	動画が視聴できた	視聴できた@視聴できなかった	ロボットはこの情報をあらかじめ知っていた	知っていた@知らなかった	ロボットの反応は自然だった	1. 全くそう思わない@2. あまりそう思わない@3. ややそう思わない@4. どちらとも言えない@5. ややそう思う@6. かなりそう思う@7. 完全にそう思う	ロボットはこの情報に興味を持っている	1. 全くそう思わない@2. あまりそう思わない@3. ややそう思わない@4. どちらとも言えない@5. ややそう思う@6. かなりそう思う@7. 完全にそう思う	ロボットはこの情報に同意している	1. 全くそう思わない@2. あまりそう思わない@3. ややそう思わない@4. どちらとも言えない@5. ややそう思う@6. かなりそう思う@7. 完全にそう思う	
1	0							以下のURLの動画を見て各質問に回答してください。##https://taiga-mori.github.io/questionaire/16daa.html	動画が視聴できた	視聴できた@視聴できなかった	ロボットはこの情報をあらかじめ知っていた	知っていた@知らなかった	ロボットの反応は自然だった	1. 全くそう思わない@2. あまりそう思わない@3. ややそう思わない@4. どちらとも言えない@5. ややそう思う@6. かなりそう思う@7. 完全にそう思う	ロボットはこの情報に興味を持っている	1. 全くそう思わない@2. あまりそう思わない@3. ややそう思わない@4. どちらとも言えない@5. ややそう思う@6. かなりそう思う@7. 完全にそう思う	ロボットはこの情報に同意している	1. 全くそう思わない@2. あまりそう思わない@3. ややそう思わない@4. どちらとも言えない@5. ややそう思う@6. かなりそう思う@7. 完全にそう思う	
1	0							以下のURLの動画を見て各質問に回答してください。##https://taiga-mori.github.io/questionaire/17usoodane.html	動画が視聴できた	視聴できた@視聴できなかった	ロボットはこの情報をあらかじめ知っていた	知っていた@知らなかった	ロボットの反応は自然だった	1. 全くそう思わない@2. あまりそう思わない@3. ややそう思わない@4. どちらとも言えない@5. ややそう思う@6. かなりそう思う@7. 完全にそう思う	ロボットはこの情報に興味を持っている	1. 全くそう思わない@2. あまりそう思わない@3. ややそう思わない@4. どちらとも言えない@5. ややそう思う@6. かなりそう思う@7. 完全にそう思う	ロボットはこの情報に同意している	1. 全くそう思わない@2. あまりそう思わない@3. ややそう思わない@4. どちらとも言えない@5. ややそう思う@6. かなりそう思う@7. 完全にそう思う	
1	0							以下のURLの動画を見て各質問に回答してください。##https://taiga-mori.github.io/questionaire/11d.html	動画が視聴できた	視聴できた@視聴できなかった	ロボットはこの情報をあらかじめ知っていた	知っていた@知らなかった	ロボットの反応は自然だった	1. 全くそう思わない@2. あまりそう思わない@3. ややそう思わない@4. どちらとも言えない@5. ややそう思う@6. かなりそう思う@7. 完全にそう思う	ロボットはこの情報に興味を持っている	1. 全くそう思わない@2. あまりそう思わない@3. ややそう思わない@4. どちらとも言えない@5. ややそう思う@6. かなりそう思う@7. 完全にそう思う	ロボットはこの情報に同意している	1. 全くそう思わない@2. あまりそう思わない@3. ややそう思わない@4. どちらとも言えない@5. ややそう思う@6. かなりそう思う@7. 完全にそう思う	
1	0							以下のURLの動画を見て各質問に回答してください。##https://taiga-mori.github.io/questionaire/20uhee.html	動画が視聴できた	視聴できた@視聴できなかった	ロボットはこの情報をあらかじめ知っていた	知っていた@知らなかった	ロボットの反応は自然だった	1. 全くそう思わない@2. あまりそう思わない@3. ややそう思わない@4. どちらとも言えない@5. ややそう思う@6. かなりそう思う@7. 完全にそう思う	ロボットはこの情報に興味を持っている	1. 全くそう思わない@2. あまりそう思わない@3. ややそう思わない@4. どちらとも言えない@5. ややそう思う@6. かなりそう思う@7. 完全にそう思う	ロボットはこの情報に同意している	1. 全くそう思わない@2. あまりそう思わない@3. ややそう思わない@4. どちらとも言えない@5. ややそう思う@6. かなりそう思う@7. 完全にそう思う	
1	0							以下のURLの動画を見て各質問に回答してください。##https://taiga-mori.github.io/questionaire/23u.html	動画が視聴できた	視聴できた@視聴できなかった	ロボットはこの情報をあらかじめ知っていた	知っていた@知らなかった	ロボットの反応は自然だった	1. 全くそう思わない@2. あまりそう思わない@3. ややそう思わない@4. どちらとも言えない@5. ややそう思う@6. かなりそう思う@7. 完全にそう思う	ロボットはこの情報に興味を持っている	1. 全くそう思わない@2. あまりそう思わない@3. ややそう思わない@4. どちらとも言えない@5. ややそう思う@6. かなりそう思う@7. 完全にそう思う	ロボットはこの情報に同意している	1. 全くそう思わない@2. あまりそう思わない@3. ややそう思わない@4. どちらとも言えない@5. ややそう思う@6. かなりそう思う@7. 完全にそう思う	
1	0							以下のURLの動画を見て各質問に回答してください。##https://taiga-mori.github.io/questionaire/9dhee.html	動画が視聴できた	視聴できた@視聴できなかった	ロボットはこの情報をあらかじめ知っていた	知っていた@知らなかった	ロボットの反応は自然だった	1. 全くそう思わない@2. あまりそう思わない@3. ややそう思わない@4. どちらとも言えない@5. ややそう思う@6. かなりそう思う@7. 完全にそう思う	ロボットはこの情報に興味を持っている	1. 全くそう思わない@2. あまりそう思わない@3. ややそう思わない@4. どちらとも言えない@5. ややそう思う@6. かなりそう思う@7. 完全にそう思う	ロボットはこの情報に同意している	1. 全くそう思わない@2. あまりそう思わない@3. ややそう思わない@4. どちらとも言えない@5. ややそう思う@6. かなりそう思う@7. 完全にそう思う	
1	0							以下のURLの動画を見て各質問に回答してください。##https://taiga-mori.github.io/questionaire/13hee.html	動画が視聴できた	視聴できた@視聴できなかった	ロボットはこの情報をあらかじめ知っていた	知っていた@知らなかった	ロボットの反応は自然だった	1. 全くそう思わない@2. あまりそう思わない@3. ややそう思わない@4. どちらとも言えない@5. ややそう思う@6. かなりそう思う@7. 完全にそう思う	ロボットはこの情報に興味を持っている	1. 全くそう思わない@2. あまりそう思わない@3. ややそう思わない@4. どちらとも言えない@5. ややそう思う@6. かなりそう思う@7. 完全にそう思う	ロボットはこの情報に同意している	1. 全くそう思わない@2. あまりそう思わない@3. ややそう思わない@4. どちらとも言えない@5. ややそう思う@6. かなりそう思う@7. 完全にそう思う	
1	0							以下のURLの動画を見て各質問に回答してください。##https://taiga-mori.github.io/questionaire/1dunun.html	動画が視聴できた	視聴できた@視聴できなかった	ロボットはこの情報をあらかじめ知っていた	知っていた@知らなかった	ロボットの反応は自然だった	1. 全くそう思わない@2. あまりそう思わない@3. ややそう思わない@4. どちらとも言えない@5. ややそう思う@6. かなりそう思う@7. 完全にそう思う	ロボットはこの情報に興味を持っている	1. 全くそう思わない@2. あまりそう思わない@3. ややそう思わない@4. どちらとも言えない@5. ややそう思う@6. かなりそう思う@7. 完全にそう思う	ロボットはこの情報に同意している	1. 全くそう思わない@2. あまりそう思わない@3. ややそう思わない@4. どちらとも言えない@5. ややそう思う@6. かなりそう思う@7. 完全にそう思う	
1	0							以下のURLの動画を見て各質問に回答してください。##https://taiga-mori.github.io/questionaire/6unun.html	動画が視聴できた	視聴できた@視聴できなかった	ロボットはこの情報をあらかじめ知っていた	知っていた@知らなかった	ロボットの反応は自然だった	1. 全くそう思わない@2. あまりそう思わない@3. ややそう思わない@4. どちらとも言えない@5. ややそう思う@6. かなりそう思う@7. 完全にそう思う	ロボットはこの情報に興味を持っている	1. 全くそう思わない@2. あまりそう思わない@3. ややそう思わない@4. どちらとも言えない@5. ややそう思う@6. かなりそう思う@7. 完全にそう思う	ロボットはこの情報に同意している	1. 全くそう思わない@2. あまりそう思わない@3. ややそう思わない@4. どちらとも言えない@5. ややそう思う@6. かなりそう思う@7. 完全にそう思う	
1	0							以下のURLの動画を見て各質問に回答してください。##https://taiga-mori.github.io/questionaire/10uunun.html	動画が視聴できた	視聴できた@視聴できなかった	ロボットはこの情報をあらかじめ知っていた	知っていた@知らなかった	ロボットの反応は自然だった	1. 全くそう思わない@2. あまりそう思わない@3. ややそう思わない@4. どちらとも言えない@5. ややそう思う@6. かなりそう思う@7. 完全にそう思う	ロボットはこの情報に興味を持っている	1. 全くそう思わない@2. あまりそう思わない@3. ややそう思わない@4. どちらとも言えない@5. ややそう思う@6. かなりそう思う@7. 完全にそう思う	ロボットはこの情報に同意している	1. 全くそう思わない@2. あまりそう思わない@3. ややそう思わない@4. どちらとも言えない@5. ややそう思う@6. かなりそう思う@7. 完全にそう思う	
1	0							以下のURLの動画を見て各質問に回答してください。##https://taiga-mori.github.io/questionaire/14dsoosoo.html	動画が視聴できた	視聴できた@視聴できなかった	ロボットはこの情報をあらかじめ知っていた	知っていた@知らなかった	ロボットの反応は自然だった	1. 全くそう思わない@2. あまりそう思わない@3. ややそう思わない@4. どちらとも言えない@5. ややそう思う@6. かなりそう思う@7. 完全にそう思う	ロボットはこの情報に興味を持っている	1. 全くそう思わない@2. あまりそう思わない@3. ややそう思わない@4. どちらとも言えない@5. ややそう思う@6. かなりそう思う@7. 完全にそう思う	ロボットはこの情報に同意している	1. 全くそう思わない@2. あまりそう思わない@3. ややそう思わない@4. どちらとも言えない@5. ややそう思う@6. かなりそう思う@7. 完全にそう思う	
1	0							以下のURLの動画を見て各質問に回答してください。##https://taiga-mori.github.io/questionaire/22soosoo.html	動画が視聴できた	視聴できた@視聴できなかった	ロボットはこの情報をあらかじめ知っていた	知っていた@知らなかった	ロボットの反応は自然だった	1. 全くそう思わない@2. あまりそう思わない@3. ややそう思わない@4. どちらとも言えない@5. ややそう思う@6. かなりそう思う@7. 完全にそう思う	ロボットはこの情報に興味を持っている	1. 全くそう思わない@2. あまりそう思わない@3. ややそう思わない@4. どちらとも言えない@5. ややそう思う@6. かなりそう思う@7. 完全にそう思う	ロボットはこの情報に同意している	1. 全くそう思わない@2. あまりそう思わない@3. ややそう思わない@4. どちらとも言えない@5. ややそう思う@6. かなりそう思う@7. 完全にそう思う	
1	0							以下のURLの動画を見て各質問に回答してください。##https://taiga-mori.github.io/questionaire/24d.html	動画が視聴できた	視聴できた@視聴できなかった	ロボットはこの情報をあらかじめ知っていた	知っていた@知らなかった	ロボットの反応は自然だった	1. 全くそう思わない@2. あまりそう思わない@3. ややそう思わない@4. どちらとも言えない@5. ややそう思う@6. かなりそう思う@7. 完全にそう思う	ロボットはこの情報に興味を持っている	1. 全くそう思わない@2. あまりそう思わない@3. ややそう思わない@4. どちらとも言えない@5. ややそう思う@6. かなりそう思う@7. 完全にそう思う	ロボットはこの情報に同意している	1. 全くそう思わない@2. あまりそう思わない@3. ややそう思わない@4. どちらとも言えない@5. ややそう思う@6. かなりそう思う@7. 完全にそう思う	
1	0							以下のURLの動画を見て各質問に回答してください。##https://taiga-mori.github.io/questionaire/4usoosoo.html	動画が視聴できた	視聴できた@視聴できなかった	ロボットはこの情報をあらかじめ知っていた	知っていた@知らなかった	ロボットの反応は自然だった	1. 全くそう思わない@2. あまりそう思わない@3. ややそう思わない@4. どちらとも言えない@5. ややそう思う@6. かなりそう思う@7. 完全にそう思う	ロボットはこの情報に興味を持っている	1. 全くそう思わない@2. あまりそう思わない@3. ややそう思わない@4. どちらとも言えない@5. ややそう思う@6. かなりそう思う@7. 完全にそう思う	ロボットはこの情報に同意している	1. 全くそう思わない@2. あまりそう思わない@3. ややそう思わない@4. どちらとも言えない@5. ややそう思う@6. かなりそう思う@7. 完全にそう思う	
1	0							以下のURLの動画を見て各質問に回答してください。##https://taiga-mori.github.io/questionaire/3uhuun.html	動画が視聴できた	視聴できた@視聴できなかった	ロボットはこの情報をあらかじめ知っていた	知っていた@知らなかった	ロボットの反応は自然だった	1. 全くそう思わない@2. あまりそう思わない@3. ややそう思わない@4. どちらとも言えない@5. ややそう思う@6. かなりそう思う@7. 完全にそう思う	ロボットはこの情報に興味を持っている	1. 全くそう思わない@2. あまりそう思わない@3. ややそう思わない@4. どちらとも言えない@5. ややそう思う@6. かなりそう思う@7. 完全にそう思う	ロボットはこの情報に同意している	1. 全くそう思わない@2. あまりそう思わない@3. ややそう思わない@4. どちらとも言えない@5. ややそう思う@6. かなりそう思う@7. 完全にそう思う	
1	0							以下のURLの動画を見て各質問に回答してください。##https://taiga-mori.github.io/questionaire/15u.html	動画が視聴できた	視聴できた@視聴できなかった	ロボットはこの情報をあらかじめ知っていた	知っていた@知らなかった	ロボットの反応は自然だった	1. 全くそう思わない@2. あまりそう思わない@3. ややそう思わない@4. どちらとも言えない@5. ややそう思う@6. かなりそう思う@7. 完全にそう思う	ロボットはこの情報に興味を持っている	1. 全くそう思わない@2. あまりそう思わない@3. ややそう思わない@4. どちらとも言えない@5. ややそう思う@6. かなりそう思う@7. 完全にそう思う	ロボットはこの情報に同意している	1. 全くそう思わない@2. あまりそう思わない@3. ややそう思わない@4. どちらとも言えない@5. ややそう思う@6. かなりそう思う@7. 完全にそう思う	
1	0							以下のURLの動画を見て各質問に回答してください。##https://taiga-mori.github.io/questionaire/5huun.html	動画が視聴できた	視聴できた@視聴できなかった	ロボットはこの情報をあらかじめ知っていた	知っていた@知らなかった	ロボットの反応は自然だった	1. 全くそう思わない@2. あまりそう思わない@3. ややそう思わない@4. どちらとも言えない@5. ややそう思う@6. かなりそう思う@7. 完全にそう思う	ロボットはこの情報に興味を持っている	1. 全くそう思わない@2. あまりそう思わない@3. ややそう思わない@4. どちらとも言えない@5. ややそう思う@6. かなりそう思う@7. 完全にそう思う	ロボットはこの情報に同意している	1. 全くそう思わない@2. あまりそう思わない@3. ややそう思わない@4. どちらとも言えない@5. ややそう思う@6. かなりそう思う@7. 完全にそう思う	
1	0							以下のURLの動画を見て各質問に回答してください。##https://taiga-mori.github.io/questionaire/21dhuun.html	動画が視聴できた	視聴できた@視聴できなかった	ロボットはこの情報をあらかじめ知っていた	知っていた@知らなかった	ロボットの反応は自然だった	1. 全くそう思わない@2. あまりそう思わない@3. ややそう思わない@4. どちらとも言えない@5. ややそう思う@6. かなりそう思う@7. 完全にそう思う	ロボットはこの情報に興味を持っている	1. 全くそう思わない@2. あまりそう思わない@3. ややそう思わない@4. どちらとも言えない@5. ややそう思う@6. かなりそう思う@7. 完全にそう思う	ロボットはこの情報に同意している	1. 全くそう思わない@2. あまりそう思わない@3. ややそう思わない@4. どちらとも言えない@5. ややそう思う@6. かなりそう思う@7. 完全にそう思う	
1	0							あなたの年齢と性別を教えてください。	性別	男性@女性@その他@回答したくない	年齢	10代以下@20代@30代@40代@50代@60代@70代以上	質問はありません。「はい」を選択してください。	はい	質問はありません。「はい」を選択してください。	はい	質問はありません。「はい」を選択してください。	はい	
1	0							以下のURLの動画を見て各質問に回答してください。##https://taiga-mori.github.io/questionaire/8u.html	動画が視聴できた	視聴できた@視聴できなかった	ロボットはこの情報をあらかじめ知っていた	知っていた@知らなかった	ロボットの反応は自然だった	1. 全くそう思わない@2. あまりそう思わない@3. ややそう思わない@4. どちらとも言えない@5. ややそう思う@6. かなりそう思う@7. 完全にそう思う	ロボットはこの情報に興味を持っている	1. 全くそう思わない@2. あまりそう思わない@3. ややそう思わない@4. どちらとも言えない@5. ややそう思う@6. かなりそう思う@7. 完全にそう思う	ロボットはこの情報に同意している	1. 全くそう思わない@2. あまりそう思わない@3. ややそう思わない@4. どちらとも言えない@5. ややそう思う@6. かなりそう思う@7. 完全にそう思う	
1	0							以下のURLの動画を見て各質問に回答してください。##https://taiga-mori.github.io/questionaire/23uhuun.html	動画が視聴できた	視聴できた@視聴できなかった	ロボットはこの情報をあらかじめ知っていた	知っていた@知らなかった	ロボットの反応は自然だった	1. 全くそう思わない@2. あまりそう思わない@3. ややそう思わない@4. どちらとも言えない@5. ややそう思う@6. かなりそう思う@7. 完全にそう思う	ロボットはこの情報に興味を持っている	1. 全くそう思わない@2. あまりそう思わない@3. ややそう思わない@4. どちらとも言えない@5. ややそう思う@6. かなりそう思う@7. 完全にそう思う	ロボットはこの情報に同意している	1. 全くそう思わない@2. あまりそう思わない@3. ややそう思わない@4. どちらとも言えない@5. ややそう思う@6. かなりそう思う@7. 完全にそう思う	
1	0							以下のURLの動画を見て各質問に回答してください。##https://taiga-mori.github.io/questionaire/13dhuun.html	動画が視聴できた	視聴できた@視聴できなかった	ロボットはこの情報をあらかじめ知っていた	知っていた@知らなかった	ロボットの反応は自然だった	1. 全くそう思わない@2. あまりそう思わない@3. ややそう思わない@4. どちらとも言えない@5. ややそう思う@6. かなりそう思う@7. 完全にそう思う	ロボットはこの情報に興味を持っている	1. 全くそう思わない@2. あまりそう思わない@3. ややそう思わない@4. どちらとも言えない@5. ややそう思う@6. かなりそう思う@7. 完全にそう思う	ロボットはこの情報に同意している	1. 全くそう思わない@2. あまりそう思わない@3. ややそう思わない@4. どちらとも言えない@5. ややそう思う@6. かなりそう思う@7. 完全にそう思う	
1	0							以下のURLの動画を見て各質問に回答してください。##https://taiga-mori.github.io/questionaire/16dsoosoo.html	動画が視聴できた	視聴できた@視聴できなかった	ロボットはこの情報をあらかじめ知っていた	知っていた@知らなかった	ロボットの反応は自然だった	1. 全くそう思わない@2. あまりそう思わない@3. ややそう思わない@4. どちらとも言えない@5. ややそう思う@6. かなりそう思う@7. 完全にそう思う	ロボットはこの情報に興味を持っている	1. 全くそう思わない@2. あまりそう思わない@3. ややそう思わない@4. どちらとも言えない@5. ややそう思う@6. かなりそう思う@7. 完全にそう思う	ロボットはこの情報に同意している	1. 全くそう思わない@2. あまりそう思わない@3. ややそう思わない@4. どちらとも言えない@5. ややそう思う@6. かなりそう思う@7. 完全にそう思う	
1	0							以下のURLの動画を見て各質問に回答してください。##https://taiga-mori.github.io/questionaire/2d.html	動画が視聴できた	視聴できた@視聴できなかった	ロボットはこの情報をあらかじめ知っていた	知っていた@知らなかった	ロボットの反応は自然だった	1. 全くそう思わない@2. あまりそう思わない@3. ややそう思わない@4. どちらとも言えない@5. ややそう思う@6. かなりそう思う@7. 完全にそう思う	ロボットはこの情報に興味を持っている	1. 全くそう思わない@2. あまりそう思わない@3. ややそう思わない@4. どちらとも言えない@5. ややそう思う@6. かなりそう思う@7. 完全にそう思う	ロボットはこの情報に同意している	1. 全くそう思わない@2. あまりそう思わない@3. ややそう思わない@4. どちらとも言えない@5. ややそう思う@6. かなりそう思う@7. 完全にそう思う	
1	0							以下のURLの動画を見て各質問に回答してください。##https://taiga-mori.github.io/questionaire/22huun.html	動画が視聴できた	視聴できた@視聴できなかった	ロボットはこの情報をあらかじめ知っていた	知っていた@知らなかった	ロボットの反応は自然だった	1. 全くそう思わない@2. あまりそう思わない@3. ややそう思わない@4. どちらとも言えない@5. ややそう思う@6. かなりそう思う@7. 完全にそう思う	ロボットはこの情報に興味を持っている	1. 全くそう思わない@2. あまりそう思わない@3. ややそう思わない@4. どちらとも言えない@5. ややそう思う@6. かなりそう思う@7. 完全にそう思う	ロボットはこの情報に同意している	1. 全くそう思わない@2. あまりそう思わない@3. ややそう思わない@4. どちらとも言えない@5. ややそう思う@6. かなりそう思う@7. 完全にそう思う	
1	0							以下のURLの動画を見て各質問に回答してください。##https://taiga-mori.github.io/questionaire/19usoosoo.html	動画が視聴できた	視聴できた@視聴できなかった	ロボットはこの情報をあらかじめ知っていた	知っていた@知らなかった	ロボットの反応は自然だった	1. 全くそう思わない@2. あまりそう思わない@3. ややそう思わない@4. どちらとも言えない@5. ややそう思う@6. かなりそう思う@7. 完全にそう思う	ロボットはこの情報に興味を持っている	1. 全くそう思わない@2. あまりそう思わない@3. ややそう思わない@4. どちらとも言えない@5. ややそう思う@6. かなりそう思う@7. 完全にそう思う	ロボットはこの情報に同意している	1. 全くそう思わない@2. あまりそう思わない@3. ややそう思わない@4. どちらとも言えない@5. ややそう思う@6. かなりそう思う@7. 完全にそう思う	
1	0							以下のURLの動画を見て各質問に回答してください。##https://taiga-mori.github.io/questionaire/6soosoo.html	動画が視聴できた	視聴できた@視聴できなかった	ロボットはこの情報をあらかじめ知っていた	知っていた@知らなかった	ロボットの反応は自然だった	1. 全くそう思わない@2. あまりそう思わない@3. ややそう思わない@4. どちらとも言えない@5. ややそう思う@6. かなりそう思う@7. 完全にそう思う	ロボットはこの情報に興味を持っている	1. 全くそう思わない@2. あまりそう思わない@3. ややそう思わない@4. どちらとも言えない@5. ややそう思う@6. かなりそう思う@7. 完全にそう思う	ロボットはこの情報に同意している	1. 全くそう思わない@2. あまりそう思わない@3. ややそう思わない@4. どちらとも言えない@5. ややそう思う@6. かなりそう思う@7. 完全にそう思う	
1	0							以下のURLの動画を見て各質問に回答してください。##https://taiga-mori.github.io/questionaire/3dunun.html	動画が視聴できた	視聴できた@視聴できなかった	ロボットはこの情報をあらかじめ知っていた	知っていた@知らなかった	ロボットの反応は自然だった	1. 全くそう思わない@2. あまりそう思わない@3. ややそう思わない@4. どちらとも言えない@5. ややそう思う@6. かなりそう思う@7. 完全にそう思う	ロボットはこの情報に興味を持っている	1. 全くそう思わない@2. あまりそう思わない@3. ややそう思わない@4. どちらとも言えない@5. ややそう思う@6. かなりそう思う@7. 完全にそう思う	ロボットはこの情報に同意している	1. 全くそう思わない@2. あまりそう思わない@3. ややそう思わない@4. どちらとも言えない@5. ややそう思う@6. かなりそう思う@7. 完全にそう思う	
1	0							以下のURLの動画を見て各質問に回答してください。##https://taiga-mori.github.io/questionaire/15aa.html	動画が視聴できた	視聴できた@視聴できなかった	ロボットはこの情報をあらかじめ知っていた	知っていた@知らなかった	ロボットの反応は自然だった	1. 全くそう思わない@2. あまりそう思わない@3. ややそう思わない@4. どちらとも言えない@5. ややそう思う@6. かなりそう思う@7. 完全にそう思う	ロボットはこの情報に興味を持っている	1. 全くそう思わない@2. あまりそう思わない@3. ややそう思わない@4. どちらとも言えない@5. ややそう思う@6. かなりそう思う@7. 完全にそう思う	ロボットはこの情報に同意している	1. 全くそう思わない@2. あまりそう思わない@3. ややそう思わない@4. どちらとも言えない@5. ややそう思う@6. かなりそう思う@7. 完全にそう思う	
1	0							以下のURLの動画を見て各質問に回答してください。##https://taiga-mori.github.io/questionaire/11u.html	動画が視聴できた	視聴できた@視聴できなかった	ロボットはこの情報をあらかじめ知っていた	知っていた@知らなかった	ロボットの反応は自然だった	1. 全くそう思わない@2. あまりそう思わない@3. ややそう思わない@4. どちらとも言えない@5. ややそう思う@6. かなりそう思う@7. 完全にそう思う	ロボットはこの情報に興味を持っている	1. 全くそう思わない@2. あまりそう思わない@3. ややそう思わない@4. どちらとも言えない@5. ややそう思う@6. かなりそう思う@7. 完全にそう思う	ロボットはこの情報に同意している	1. 全くそう思わない@2. あまりそう思わない@3. ややそう思わない@4. どちらとも言えない@5. ややそう思う@6. かなりそう思う@7. 完全にそう思う	
1	0							以下のURLの動画を見て各質問に回答してください。##https://taiga-mori.github.io/questionaire/12d.html	動画が視聴できた	視聴できた@視聴できなかった	ロボットはこの情報をあらかじめ知っていた	知っていた@知らなかった	ロボットの反応は自然だった	1. 全くそう思わない@2. あまりそう思わない@3. ややそう思わない@4. どちらとも言えない@5. ややそう思う@6. かなりそう思う@7. 完全にそう思う	ロボットはこの情報に興味を持っている	1. 全くそう思わない@2. あまりそう思わない@3. ややそう思わない@4. どちらとも言えない@5. ややそう思う@6. かなりそう思う@7. 完全にそう思う	ロボットはこの情報に同意している	1. 全くそう思わない@2. あまりそう思わない@3. ややそう思わない@4. どちらとも言えない@5. ややそう思う@6. かなりそう思う@7. 完全にそう思う	
1	0							以下のURLの動画を見て各質問に回答してください。##https://taiga-mori.github.io/questionaire/14daa.html	動画が視聴できた	視聴できた@視聴できなかった	ロボットはこの情報をあらかじめ知っていた	知っていた@知らなかった	ロボットの反応は自然だった	1. 全くそう思わない@2. あまりそう思わない@3. ややそう思わない@4. どちらとも言えない@5. ややそう思う@6. かなりそう思う@7. 完全にそう思う	ロボットはこの情報に興味を持っている	1. 全くそう思わない@2. あまりそう思わない@3. ややそう思わない@4. どちらとも言えない@5. ややそう思う@6. かなりそう思う@7. 完全にそう思う	ロボットはこの情報に同意している	1. 全くそう思わない@2. あまりそう思わない@3. ややそう思わない@4. どちらとも言えない@5. ややそう思う@6. かなりそう思う@7. 完全にそう思う	
1	0							以下のURLの動画を見て各質問に回答してください。##https://taiga-mori.github.io/questionaire/1uunun.html	動画が視聴できた	視聴できた@視聴できなかった	ロボットはこの情報をあらかじめ知っていた	知っていた@知らなかった	ロボットの反応は自然だった	1. 全くそう思わない@2. あまりそう思わない@3. ややそう思わない@4. どちらとも言えない@5. ややそう思う@6. かなりそう思う@7. 完全にそう思う	ロボットはこの情報に興味を持っている	1. 全くそう思わない@2. あまりそう思わない@3. ややそう思わない@4. どちらとも言えない@5. ややそう思う@6. かなりそう思う@7. 完全にそう思う	ロボットはこの情報に同意している	1. 全くそう思わない@2. あまりそう思わない@3. ややそう思わない@4. どちらとも言えない@5. ややそう思う@6. かなりそう思う@7. 完全にそう思う	
1	0							以下のURLの動画を見て各質問に回答してください。##https://taiga-mori.github.io/questionaire/9unun.html	動画が視聴できた	視聴できた@視聴できなかった	ロボットはこの情報をあらかじめ知っていた	知っていた@知らなかった	ロボットの反応は自然だった	1. 全くそう思わない@2. あまりそう思わない@3. ややそう思わない@4. どちらとも言えない@5. ややそう思う@6. かなりそう思う@7. 完全にそう思う	ロボットはこの情報に興味を持っている	1. 全くそう思わない@2. あまりそう思わない@3. ややそう思わない@4. どちらとも言えない@5. ややそう思う@6. かなりそう思う@7. 完全にそう思う	ロボットはこの情報に同意している	1. 全くそう思わない@2. あまりそう思わない@3. ややそう思わない@4. どちらとも言えない@5. ややそう思う@6. かなりそう思う@7. 完全にそう思う	
1	0							以下のURLの動画を見て各質問に回答してください。##https://taiga-mori.github.io/questionaire/24uaa.html	動画が視聴できた	視聴できた@視聴できなかった	ロボットはこの情報をあらかじめ知っていた	知っていた@知らなかった	ロボットの反応は自然だった	1. 全くそう思わない@2. あまりそう思わない@3. ややそう思わない@4. どちらとも言えない@5. ややそう思う@6. かなりそう思う@7. 完全にそう思う	ロボットはこの情報に興味を持っている	1. 全くそう思わない@2. あまりそう思わない@3. ややそう思わない@4. どちらとも言えない@5. ややそう思う@6. かなりそう思う@7. 完全にそう思う	ロボットはこの情報に同意している	1. 全くそう思わない@2. あまりそう思わない@3. ややそう思わない@4. どちらとも言えない@5. ややそう思う@6. かなりそう思う@7. 完全にそう思う	
1	0							以下のURLの動画を見て各質問に回答してください。##https://taiga-mori.github.io/questionaire/18u.html	動画が視聴できた	視聴できた@視聴できなかった	ロボットはこの情報をあらかじめ知っていた	知っていた@知らなかった	ロボットの反応は自然だった	1. 全くそう思わない@2. あまりそう思わない@3. ややそう思わない@4. どちらとも言えない@5. ややそう思う@6. かなりそう思う@7. 完全にそう思う	ロボットはこの情報に興味を持っている	1. 全くそう思わない@2. あまりそう思わない@3. ややそう思わない@4. どちらとも言えない@5. ややそう思う@6. かなりそう思う@7. 完全にそう思う	ロボットはこの情報に同意している	1. 全くそう思わない@2. あまりそう思わない@3. ややそう思わない@4. どちらとも言えない@5. ややそう思う@6. かなりそう思う@7. 完全にそう思う	
1	0							以下のURLの動画を見て各質問に回答してください。##https://taiga-mori.github.io/questionaire/10d.html	動画が視聴できた	視聴できた@視聴できなかった	ロボットはこの情報をあらかじめ知っていた	知っていた@知らなかった	ロボットの反応は自然だった	1. 全くそう思わない@2. あまりそう思わない@3. ややそう思わない@4. どちらとも言えない@5. ややそう思う@6. かなりそう思う@7. 完全にそう思う	ロボットはこの情報に興味を持っている	1. 全くそう思わない@2. あまりそう思わない@3. ややそう思わない@4. どちらとも言えない@5. ややそう思う@6. かなりそう思う@7. 完全にそう思う	ロボットはこの情報に同意している	1. 全くそう思わない@2. あまりそう思わない@3. ややそう思わない@4. どちらとも言えない@5. ややそう思う@6. かなりそう思う@7. 完全にそう思う	
1	0							以下のURLの動画を見て各質問に回答してください。##https://taiga-mori.github.io/questionaire/4usoodane.html	動画が視聴できた	視聴できた@視聴できなかった	ロボットはこの情報をあらかじめ知っていた	知っていた@知らなかった	ロボットの反応は自然だった	1. 全くそう思わない@2. あまりそう思わない@3. ややそう思わない@4. どちらとも言えない@5. ややそう思う@6. かなりそう思う@7. 完全にそう思う	ロボットはこの情報に興味を持っている	1. 全くそう思わない@2. あまりそう思わない@3. ややそう思わない@4. どちらとも言えない@5. ややそう思う@6. かなりそう思う@7. 完全にそう思う	ロボットはこの情報に同意している	1. 全くそう思わない@2. あまりそう思わない@3. ややそう思わない@4. どちらとも言えない@5. ややそう思う@6. かなりそう思う@7. 完全にそう思う	
1	0							以下のURLの動画を見て各質問に回答してください。##https://taiga-mori.github.io/questionaire/21soodane.html	動画が視聴できた	視聴できた@視聴できなかった	ロボットはこの情報をあらかじめ知っていた	知っていた@知らなかった	ロボットの反応は自然だった	1. 全くそう思わない@2. あまりそう思わない@3. ややそう思わない@4. どちらとも言えない@5. ややそう思う@6. かなりそう思う@7. 完全にそう思う	ロボットはこの情報に興味を持っている	1. 全くそう思わない@2. あまりそう思わない@3. ややそう思わない@4. どちらとも言えない@5. ややそう思う@6. かなりそう思う@7. 完全にそう思う	ロボットはこの情報に同意している	1. 全くそう思わない@2. あまりそう思わない@3. ややそう思わない@4. どちらとも言えない@5. ややそう思う@6. かなりそう思う@7. 完全にそう思う	
1	0							以下のURLの動画を見て各質問に回答してください。##https://taiga-mori.github.io/questionaire/17dhee.html	動画が視聴できた	視聴できた@視聴できなかった	ロボットはこの情報をあらかじめ知っていた	知っていた@知らなかった	ロボットの反応は自然だった	1. 全くそう思わない@2. あまりそう思わない@3. ややそう思わない@4. どちらとも言えない@5. ややそう思う@6. かなりそう思う@7. 完全にそう思う	ロボットはこの情報に興味を持っている	1. 全くそう思わない@2. あまりそう思わない@3. ややそう思わない@4. どちらとも言えない@5. ややそう思う@6. かなりそう思う@7. 完全にそう思う	ロボットはこの情報に同意している	1. 全くそう思わない@2. あまりそう思わない@3. ややそう思わない@4. どちらとも言えない@5. ややそう思う@6. かなりそう思う@7. 完全にそう思う	
1	0							以下のURLの動画を見て各質問に回答してください。##https://taiga-mori.github.io/questionaire/20hee.html	動画が視聴できた	視聴できた@視聴できなかった	ロボットはこの情報をあらかじめ知っていた	知っていた@知らなかった	ロボットの反応は自然だった	1. 全くそう思わない@2. あまりそう思わない@3. ややそう思わない@4. どちらとも言えない@5. ややそう思う@6. かなりそう思う@7. 完全にそう思う	ロボットはこの情報に興味を持っている	1. 全くそう思わない@2. あまりそう思わない@3. ややそう思わない@4. どちらとも言えない@5. ややそう思う@6. かなりそう思う@7. 完全にそう思う	ロボットはこの情報に同意している	1. 全くそう思わない@2. あまりそう思わない@3. ややそう思わない@4. どちらとも言えない@5. ややそう思う@6. かなりそう思う@7. 完全にそう思う	
1	0							以下のURLの動画を見て各質問に回答してください。##https://taiga-mori.github.io/questionaire/7uhee.html	動画が視聴できた	視聴できた@視聴できなかった	ロボットはこの情報をあらかじめ知っていた	知っていた@知らなかった	ロボットの反応は自然だった	1. 全くそう思わない@2. あまりそう思わない@3. ややそう思わない@4. どちらとも言えない@5. ややそう思う@6. かなりそう思う@7. 完全にそう思う	ロボットはこの情報に興味を持っている	1. 全くそう思わない@2. あまりそう思わない@3. ややそう思わない@4. どちらとも言えない@5. ややそう思う@6. かなりそう思う@7. 完全にそう思う	ロボットはこの情報に同意している	1. 全くそう思わない@2. あまりそう思わない@3. ややそう思わない@4. どちらとも言えない@5. ややそう思う@6. かなりそう思う@7. 完全にそう思う	
1	0							以下のURLの動画を見て各質問に回答してください。##https://taiga-mori.github.io/questionaire/5dsoodane.html	動画が視聴できた	視聴できた@視聴できなかった	ロボットはこの情報をあらかじめ知っていた	知っていた@知らなかった	ロボットの反応は自然だった	1. 全くそう思わない@2. あまりそう思わない@3. ややそう思わない@4. どちらとも言えない@5. ややそう思う@6. かなりそう思う@7. 完全にそう思う	ロボットはこの情報に興味を持っている	1. 全くそう思わない@2. あまりそう思わない@3. ややそう思わない@4. どちらとも言えない@5. ややそう思う@6. かなりそう思う@7. 完全にそう思う	ロボットはこの情報に同意している	1. 全くそう思わない@2. あまりそう思わない@3. ややそう思わない@4. どちらとも言えない@5. ややそう思う@6. かなりそう思う@7. 完全にそう思う	
1	0							あなたの年齢と性別を教えてください。	性別	男性@女性@その他@回答したくない	年齢	10代以下@20代@30代@40代@50代@60代@70代以上	質問はありません。「はい」を選択してください。	はい	質問はありません。「はい」を選択してください。	はい	質問はありません。「はい」を選択してください。	はい	
1	0							以下のURLの動画を見て各質問に回答してください。##https://taiga-mori.github.io/questionaire/3soodane.html	動画が視聴できた	視聴できた@視聴できなかった	ロボットはこの情報をあらかじめ知っていた	知っていた@知らなかった	ロボットの反応は自然だった	1. 全くそう思わない@2. あまりそう思わない@3. ややそう思わない@4. どちらとも言えない@5. ややそう思う@6. かなりそう思う@7. 完全にそう思う	ロボットはこの情報に興味を持っている	1. 全くそう思わない@2. あまりそう思わない@3. ややそう思わない@4. どちらとも言えない@5. ややそう思う@6. かなりそう思う@7. 完全にそう思う	ロボットはこの情報に同意している	1. 全くそう思わない@2. あまりそう思わない@3. ややそう思わない@4. どちらとも言えない@5. ややそう思う@6. かなりそう思う@7. 完全にそう思う	
1	0							以下のURLの動画を見て各質問に回答してください。##https://taiga-mori.github.io/questionaire/2aa.html	動画が視聴できた	視聴できた@視聴できなかった	ロボットはこの情報をあらかじめ知っていた	知っていた@知らなかった	ロボットの反応は自然だった	1. 全くそう思わない@2. あまりそう思わない@3. ややそう思わない@4. どちらとも言えない@5. ややそう思う@6. かなりそう思う@7. 完全にそう思う	ロボットはこの情報に興味を持っている	1. 全くそう思わない@2. あまりそう思わない@3. ややそう思わない@4. どちらとも言えない@5. ややそう思う@6. かなりそう思う@7. 完全にそう思う	ロボットはこの情報に同意している	1. 全くそう思わない@2. あまりそう思わない@3. ややそう思わない@4. どちらとも言えない@5. ややそう思う@6. かなりそう思う@7. 完全にそう思う	
1	0							以下のURLの動画を見て各質問に回答してください。##https://taiga-mori.github.io/questionaire/11d.html	動画が視聴できた	視聴できた@視聴できなかった	ロボットはこの情報をあらかじめ知っていた	知っていた@知らなかった	ロボットの反応は自然だった	1. 全くそう思わない@2. あまりそう思わない@3. ややそう思わない@4. どちらとも言えない@5. ややそう思う@6. かなりそう思う@7. 完全にそう思う	ロボットはこの情報に興味を持っている	1. 全くそう思わない@2. あまりそう思わない@3. ややそう思わない@4. どちらとも言えない@5. ややそう思う@6. かなりそう思う@7. 完全にそう思う	ロボットはこの情報に同意している	1. 全くそう思わない@2. あまりそう思わない@3. ややそう思わない@4. どちらとも言えない@5. ややそう思う@6. かなりそう思う@7. 完全にそう思う	
1	0							以下のURLの動画を見て各質問に回答してください。##https://taiga-mori.github.io/questionaire/8u.html	動画が視聴できた	視聴できた@視聴できなかった	ロボットはこの情報をあらかじめ知っていた	知っていた@知らなかった	ロボットの反応は自然だった	1. 全くそう思わない@2. あまりそう思わない@3. ややそう思わない@4. どちらとも言えない@5. ややそう思う@6. かなりそう思う@7. 完全にそう思う	ロボットはこの情報に興味を持っている	1. 全くそう思わない@2. あまりそう思わない@3. ややそう思わない@4. どちらとも言えない@5. ややそう思う@6. かなりそう思う@7. 完全にそう思う	ロボットはこの情報に同意している	1. 全くそう思わない@2. あまりそう思わない@3. ややそう思わない@4. どちらとも言えない@5. ややそう思う@6. かなりそう思う@7. 完全にそう思う	
1	0							以下のURLの動画を見て各質問に回答してください。##https://taiga-mori.github.io/questionaire/16uaa.html	動画が視聴できた	視聴できた@視聴できなかった	ロボットはこの情報をあらかじめ知っていた	知っていた@知らなかった	ロボットの反応は自然だった	1. 全くそう思わない@2. あまりそう思わない@3. ややそう思わない@4. どちらとも言えない@5. ややそう思う@6. かなりそう思う@7. 完全にそう思う	ロボットはこの情報に興味を持っている	1. 全くそう思わない@2. あまりそう思わない@3. ややそう思わない@4. どちらとも言えない@5. ややそう思う@6. かなりそう思う@7. 完全にそう思う	ロボットはこの情報に同意している	1. 全くそう思わない@2. あまりそう思わない@3. ややそう思わない@4. どちらとも言えない@5. ややそう思う@6. かなりそう思う@7. 完全にそう思う	
1	0							以下のURLの動画を見て各質問に回答してください。##https://taiga-mori.github.io/questionaire/9usoodane.html	動画が視聴できた	視聴できた@視聴できなかった	ロボットはこの情報をあらかじめ知っていた	知っていた@知らなかった	ロボットの反応は自然だった	1. 全くそう思わない@2. あまりそう思わない@3. ややそう思わない@4. どちらとも言えない@5. ややそう思う@6. かなりそう思う@7. 完全にそう思う	ロボットはこの情報に興味を持っている	1. 全くそう思わない@2. あまりそう思わない@3. ややそう思わない@4. どちらとも言えない@5. ややそう思う@6. かなりそう思う@7. 完全にそう思う	ロボットはこの情報に同意している	1. 全くそう思わない@2. あまりそう思わない@3. ややそう思わない@4. どちらとも言えない@5. ややそう思う@6. かなりそう思う@7. 完全にそう思う	
1	0							以下のURLの動画を見て各質問に回答してください。##https://taiga-mori.github.io/questionaire/15dsoodane.html	動画が視聴できた	視聴できた@視聴できなかった	ロボットはこの情報をあらかじめ知っていた	知っていた@知らなかった	ロボットの反応は自然だった	1. 全くそう思わない@2. あまりそう思わない@3. ややそう思わない@4. どちらとも言えない@5. ややそう思う@6. かなりそう思う@7. 完全にそう思う	ロボットはこの情報に興味を持っている	1. 全くそう思わない@2. あまりそう思わない@3. ややそう思わない@4. どちらとも言えない@5. ややそう思う@6. かなりそう思う@7. 完全にそう思う	ロボットはこの情報に同意している	1. 全くそう思わない@2. あまりそう思わない@3. ややそう思わない@4. どちらとも言えない@5. ややそう思う@6. かなりそう思う@7. 完全にそう思う	
1	0							以下のURLの動画を見て各質問に回答してください。##https://taiga-mori.github.io/questionaire/13daa.html	動画が視聴できた	視聴できた@視聴できなかった	ロボットはこの情報をあらかじめ知っていた	知っていた@知らなかった	ロボットの反応は自然だった	1. 全くそう思わない@2. あまりそう思わない@3. ややそう思わない@4. どちらとも言えない@5. ややそう思う@6. かなりそう思う@7. 完全にそう思う	ロボットはこの情報に興味を持っている	1. 全くそう思わない@2. あまりそう思わない@3. ややそう思わない@4. どちらとも言えない@5. ややそう思う@6. かなりそう思う@7. 完全にそう思う	ロボットはこの情報に同意している	1. 全くそう思わない@2. あまりそう思わない@3. ややそう思わない@4. どちらとも言えない@5. ややそう思う@6. かなりそう思う@7. 完全にそう思う	
1	0							以下のURLの動画を見て各質問に回答してください。##https://taiga-mori.github.io/questionaire/7dhee.html	動画が視聴できた	視聴できた@視聴できなかった	ロボットはこの情報をあらかじめ知っていた	知っていた@知らなかった	ロボットの反応は自然だった	1. 全くそう思わない@2. あまりそう思わない@3. ややそう思わない@4. どちらとも言えない@5. ややそう思う@6. かなりそう思う@7. 完全にそう思う	ロボットはこの情報に興味を持っている	1. 全くそう思わない@2. あまりそう思わない@3. ややそう思わない@4. どちらとも言えない@5. ややそう思う@6. かなりそう思う@7. 完全にそう思う	ロボットはこの情報に同意している	1. 全くそう思わない@2. あまりそう思わない@3. ややそう思わない@4. どちらとも言えない@5. ややそう思う@6. かなりそう思う@7. 完全にそう思う	
1	0							以下のURLの動画を見て各質問に回答してください。##https://taiga-mori.github.io/questionaire/22d.html	動画が視聴できた	視聴できた@視聴できなかった	ロボットはこの情報をあらかじめ知っていた	知っていた@知らなかった	ロボットの反応は自然だった	1. 全くそう思わない@2. あまりそう思わない@3. ややそう思わない@4. どちらとも言えない@5. ややそう思う@6. かなりそう思う@7. 完全にそう思う	ロボットはこの情報に興味を持っている	1. 全くそう思わない@2. あまりそう思わない@3. ややそう思わない@4. どちらとも言えない@5. ややそう思う@6. かなりそう思う@7. 完全にそう思う	ロボットはこの情報に同意している	1. 全くそう思わない@2. あまりそう思わない@3. ややそう思わない@4. どちらとも言えない@5. ややそう思う@6. かなりそう思う@7. 完全にそう思う	
1	0							以下のURLの動画を見て各質問に回答してください。##https://taiga-mori.github.io/questionaire/23u.html	動画が視聴できた	視聴できた@視聴できなかった	ロボットはこの情報をあらかじめ知っていた	知っていた@知らなかった	ロボットの反応は自然だった	1. 全くそう思わない@2. あまりそう思わない@3. ややそう思わない@4. どちらとも言えない@5. ややそう思う@6. かなりそう思う@7. 完全にそう思う	ロボットはこの情報に興味を持っている	1. 全くそう思わない@2. あまりそう思わない@3. ややそう思わない@4. どちらとも言えない@5. ややそう思う@6. かなりそう思う@7. 完全にそう思う	ロボットはこの情報に同意している	1. 全くそう思わない@2. あまりそう思わない@3. ややそう思わない@4. どちらとも言えない@5. ややそう思う@6. かなりそう思う@7. 完全にそう思う	
1	0							以下のURLの動画を見て各質問に回答してください。##https://taiga-mori.github.io/questionaire/12hee.html	動画が視聴できた	視聴できた@視聴できなかった	ロボットはこの情報をあらかじめ知っていた	知っていた@知らなかった	ロボットの反応は自然だった	1. 全くそう思わない@2. あまりそう思わない@3. ややそう思わない@4. どちらとも言えない@5. ややそう思う@6. かなりそう思う@7. 完全にそう思う	ロボットはこの情報に興味を持っている	1. 全くそう思わない@2. あまりそう思わない@3. ややそう思わない@4. どちらとも言えない@5. ややそう思う@6. かなりそう思う@7. 完全にそう思う	ロボットはこの情報に同意している	1. 全くそう思わない@2. あまりそう思わない@3. ややそう思わない@4. どちらとも言えない@5. ややそう思う@6. かなりそう思う@7. 完全にそう思う	
1	0							以下のURLの動画を見て各質問に回答してください。##https://taiga-mori.github.io/questionaire/5unun.html	動画が視聴できた	視聴できた@視聴できなかった	ロボットはこの情報をあらかじめ知っていた	知っていた@知らなかった	ロボットの反応は自然だった	1. 全くそう思わない@2. あまりそう思わない@3. ややそう思わない@4. どちらとも言えない@5. ややそう思う@6. かなりそう思う@7. 完全にそう思う	ロボットはこの情報に興味を持っている	1. 全くそう思わない@2. あまりそう思わない@3. ややそう思わない@4. どちらとも言えない@5. ややそう思う@6. かなりそう思う@7. 完全にそう思う	ロボットはこの情報に同意している	1. 全くそう思わない@2. あまりそう思わない@3. ややそう思わない@4. どちらとも言えない@5. ややそう思う@6. かなりそう思う@7. 完全にそう思う	
1	0							以下のURLの動画を見て各質問に回答してください。##https://taiga-mori.github.io/questionaire/19uhee.html	動画が視聴できた	視聴できた@視聴できなかった	ロボットはこの情報をあらかじめ知っていた	知っていた@知らなかった	ロボットの反応は自然だった	1. 全くそう思わない@2. あまりそう思わない@3. ややそう思わない@4. どちらとも言えない@5. ややそう思う@6. かなりそう思う@7. 完全にそう思う	ロボットはこの情報に興味を持っている	1. 全くそう思わない@2. あまりそう思わない@3. ややそう思わない@4. どちらとも言えない@5. ややそう思う@6. かなりそう思う@7. 完全にそう思う	ロボットはこの情報に同意している	1. 全くそう思わない@2. あまりそう思わない@3. ややそう思わない@4. どちらとも言えない@5. ややそう思う@6. かなりそう思う@7. 完全にそう思う	
1	0							以下のURLの動画を見て各質問に回答してください。##https://taiga-mori.github.io/questionaire/24uunun.html	動画が視聴できた	視聴できた@視聴できなかった	ロボットはこの情報をあらかじめ知っていた	知っていた@知らなかった	ロボットの反応は自然だった	1. 全くそう思わない@2. あまりそう思わない@3. ややそう思わない@4. どちらとも言えない@5. ややそう思う@6. かなりそう思う@7. 完全にそう思う	ロボットはこの情報に興味を持っている	1. 全くそう思わない@2. あまりそう思わない@3. ややそう思わない@4. どちらとも言えない@5. ややそう思う@6. かなりそう思う@7. 完全にそう思う	ロボットはこの情報に同意している	1. 全くそう思わない@2. あまりそう思わない@3. ややそう思わない@4. どちらとも言えない@5. ややそう思う@6. かなりそう思う@7. 完全にそう思う	
1	0							以下のURLの動画を見て各質問に回答してください。##https://taiga-mori.github.io/questionaire/18dunun.html	動画が視聴できた	視聴できた@視聴できなかった	ロボットはこの情報をあらかじめ知っていた	知っていた@知らなかった	ロボットの反応は自然だった	1. 全くそう思わない@2. あまりそう思わない@3. ややそう思わない@4. どちらとも言えない@5. ややそう思う@6. かなりそう思う@7. 完全にそう思う	ロボットはこの情報に興味を持っている	1. 全くそう思わない@2. あまりそう思わない@3. ややそう思わない@4. どちらとも言えない@5. ややそう思う@6. かなりそう思う@7. 完全にそう思う	ロボットはこの情報に同意している	1. 全くそう思わない@2. あまりそう思わない@3. ややそう思わない@4. どちらとも言えない@5. ややそう思う@6. かなりそう思う@7. 完全にそう思う	
1	0							以下のURLの動画を見て各質問に回答してください。##https://taiga-mori.github.io/questionaire/6d.html	動画が視聴できた	視聴できた@視聴できなかった	ロボットはこの情報をあらかじめ知っていた	知っていた@知らなかった	ロボットの反応は自然だった	1. 全くそう思わない@2. あまりそう思わない@3. ややそう思わない@4. どちらとも言えない@5. ややそう思う@6. かなりそう思う@7. 完全にそう思う	ロボットはこの情報に興味を持っている	1. 全くそう思わない@2. あまりそう思わない@3. ややそう思わない@4. どちらとも言えない@5. ややそう思う@6. かなりそう思う@7. 完全にそう思う	ロボットはこの情報に同意している	1. 全くそう思わない@2. あまりそう思わない@3. ややそう思わない@4. どちらとも言えない@5. ややそう思う@6. かなりそう思う@7. 完全にそう思う	
1	0							以下のURLの動画を見て各質問に回答してください。##https://taiga-mori.github.io/questionaire/17usoosoo.html	動画が視聴できた	視聴できた@視聴できなかった	ロボットはこの情報をあらかじめ知っていた	知っていた@知らなかった	ロボットの反応は自然だった	1. 全くそう思わない@2. あまりそう思わない@3. ややそう思わない@4. どちらとも言えない@5. ややそう思う@6. かなりそう思う@7. 完全にそう思う	ロボットはこの情報に興味を持っている	1. 全くそう思わない@2. あまりそう思わない@3. ややそう思わない@4. どちらとも言えない@5. ややそう思う@6. かなりそう思う@7. 完全にそう思う	ロボットはこの情報に同意している	1. 全くそう思わない@2. あまりそう思わない@3. ややそう思わない@4. どちらとも言えない@5. ややそう思う@6. かなりそう思う@7. 完全にそう思う	
1	0							以下のURLの動画を見て各質問に回答してください。##https://taiga-mori.github.io/questionaire/4uhuun.html	動画が視聴できた	視聴できた@視聴できなかった	ロボットはこの情報をあらかじめ知っていた	知っていた@知らなかった	ロボットの反応は自然だった	1. 全くそう思わない@2. あまりそう思わない@3. ややそう思わない@4. どちらとも言えない@5. ややそう思う@6. かなりそう思う@7. 完全にそう思う	ロボットはこの情報に興味を持っている	1. 全くそう思わない@2. あまりそう思わない@3. ややそう思わない@4. どちらとも言えない@5. ややそう思う@6. かなりそう思う@7. 完全にそう思う	ロボットはこの情報に同意している	1. 全くそう思わない@2. あまりそう思わない@3. ややそう思わない@4. どちらとも言えない@5. ややそう思う@6. かなりそう思う@7. 完全にそう思う	
1	0							以下のURLの動画を見て各質問に回答してください。##https://taiga-mori.github.io/questionaire/14dsoosoo.html	動画が視聴できた	視聴できた@視聴できなかった	ロボットはこの情報をあらかじめ知っていた	知っていた@知らなかった	ロボットの反応は自然だった	1. 全くそう思わない@2. あまりそう思わない@3. ややそう思わない@4. どちらとも言えない@5. ややそう思う@6. かなりそう思う@7. 完全にそう思う	ロボットはこの情報に興味を持っている	1. 全くそう思わない@2. あまりそう思わない@3. ややそう思わない@4. どちらとも言えない@5. ややそう思う@6. かなりそう思う@7. 完全にそう思う	ロボットはこの情報に同意している	1. 全くそう思わない@2. あまりそう思わない@3. ややそう思わない@4. どちらとも言えない@5. ややそう思う@6. かなりそう思う@7. 完全にそう思う	
1	0							以下のURLの動画を見て各質問に回答してください。##https://taiga-mori.github.io/questionaire/20huun.html	動画が視聴できた	視聴できた@視聴できなかった	ロボットはこの情報をあらかじめ知っていた	知っていた@知らなかった	ロボットの反応は自然だった	1. 全くそう思わない@2. あまりそう思わない@3. ややそう思わない@4. どちらとも言えない@5. ややそう思う@6. かなりそう思う@7. 完全にそう思う	ロボットはこの情報に興味を持っている	1. 全くそう思わない@2. あまりそう思わない@3. ややそう思わない@4. どちらとも言えない@5. ややそう思う@6. かなりそう思う@7. 完全にそう思う	ロボットはこの情報に同意している	1. 全くそう思わない@2. あまりそう思わない@3. ややそう思わない@4. どちらとも言えない@5. ややそう思う@6. かなりそう思う@7. 完全にそう思う	
1	0							以下のURLの動画を見て各質問に回答してください。##https://taiga-mori.github.io/questionaire/10u.html	動画が視聴できた	視聴できた@視聴できなかった	ロボットはこの情報をあらかじめ知っていた	知っていた@知らなかった	ロボットの反応は自然だった	1. 全くそう思わない@2. あまりそう思わない@3. ややそう思わない@4. どちらとも言えない@5. ややそう思う@6. かなりそう思う@7. 完全にそう思う	ロボットはこの情報に興味を持っている	1. 全くそう思わない@2. あまりそう思わない@3. ややそう思わない@4. どちらとも言えない@5. ややそう思う@6. かなりそう思う@7. 完全にそう思う	ロボットはこの情報に同意している	1. 全くそう思わない@2. あまりそう思わない@3. ややそう思わない@4. どちらとも言えない@5. ややそう思う@6. かなりそう思う@7. 完全にそう思う	
1	0							以下のURLの動画を見て各質問に回答してください。##https://taiga-mori.github.io/questionaire/1dhuun.html	動画が視聴できた	視聴できた@視聴できなかった	ロボットはこの情報をあらかじめ知っていた	知っていた@知らなかった	ロボットの反応は自然だった	1. 全くそう思わない@2. あまりそう思わない@3. ややそう思わない@4. どちらとも言えない@5. ややそう思う@6. かなりそう思う@7. 完全にそう思う	ロボットはこの情報に興味を持っている	1. 全くそう思わない@2. あまりそう思わない@3. ややそう思わない@4. どちらとも言えない@5. ややそう思う@6. かなりそう思う@7. 完全にそう思う	ロボットはこの情報に同意している	1. 全くそう思わない@2. あまりそう思わない@3. ややそう思わない@4. どちらとも言えない@5. ややそう思う@6. かなりそう思う@7. 完全にそう思う	
1	0							以下のURLの動画を見て各質問に回答してください。##https://taiga-mori.github.io/questionaire/21soosoo.html	動画が視聴できた	視聴できた@視聴できなかった	ロボットはこの情報をあらかじめ知っていた	知っていた@知らなかった	ロボットの反応は自然だった	1. 全くそう思わない@2. あまりそう思わない@3. ややそう思わない@4. どちらとも言えない@5. ややそう思う@6. かなりそう思う@7. 完全にそう思う	ロボットはこの情報に興味を持っている	1. 全くそう思わない@2. あまりそう思わない@3. ややそう思わない@4. どちらとも言えない@5. ややそう思う@6. かなりそう思う@7. 完全にそう思う	ロボットはこの情報に同意している	1. 全くそう思わない@2. あまりそう思わない@3. ややそう思わない@4. どちらとも言えない@5. ややそう思う@6. かなりそう思う@7. 完全にそう思う	
1	0							あなたの年齢と性別を教えてください。	性別	男性@女性@その他@回答したくない	年齢	10代以下@20代@30代@40代@50代@60代@70代以上	質問はありません。「はい」を選択してください。	はい	質問はありません。「はい」を選択してください。	はい	質問はありません。「はい」を選択してください。	はい	
1	0							以下のURLの動画を見て各質問に回答してください。##https://taiga-mori.github.io/questionaire/21dsoosoo.html	動画が視聴できた	視聴できた@視聴できなかった	ロボットはこの情報をあらかじめ知っていた	知っていた@知らなかった	ロボットの反応は自然だった	1. 全くそう思わない@2. あまりそう思わない@3. ややそう思わない@4. どちらとも言えない@5. ややそう思う@6. かなりそう思う@7. 完全にそう思う	ロボットはこの情報に興味を持っている	1. 全くそう思わない@2. あまりそう思わない@3. ややそう思わない@4. どちらとも言えない@5. ややそう思う@6. かなりそう思う@7. 完全にそう思う	ロボットはこの情報に同意している	1. 全くそう思わない@2. あまりそう思わない@3. ややそう思わない@4. どちらとも言えない@5. ややそう思う@6. かなりそう思う@7. 完全にそう思う	
1	0							以下のURLの動画を見て各質問に回答してください。##https://taiga-mori.github.io/questionaire/4u.html	動画が視聴できた	視聴できた@視聴できなかった	ロボットはこの情報をあらかじめ知っていた	知っていた@知らなかった	ロボットの反応は自然だった	1. 全くそう思わない@2. あまりそう思わない@3. ややそう思わない@4. どちらとも言えない@5. ややそう思う@6. かなりそう思う@7. 完全にそう思う	ロボットはこの情報に興味を持っている	1. 全くそう思わない@2. あまりそう思わない@3. ややそう思わない@4. どちらとも言えない@5. ややそう思う@6. かなりそう思う@7. 完全にそう思う	ロボットはこの情報に同意している	1. 全くそう思わない@2. あまりそう思わない@3. ややそう思わない@4. どちらとも言えない@5. ややそう思う@6. かなりそう思う@7. 完全にそう思う	
1	0							以下のURLの動画を見て各質問に回答してください。##https://taiga-mori.github.io/questionaire/10dhee.html	動画が視聴できた	視聴できた@視聴できなかった	ロボットはこの情報をあらかじめ知っていた	知っていた@知らなかった	ロボットの反応は自然だった	1. 全くそう思わない@2. あまりそう思わない@3. ややそう思わない@4. どちらとも言えない@5. ややそう思う@6. かなりそう思う@7. 完全にそう思う	ロボットはこの情報に興味を持っている	1. 全くそう思わない@2. あまりそう思わない@3. ややそう思わない@4. どちらとも言えない@5. ややそう思う@6. かなりそう思う@7. 完全にそう思う	ロボットはこの情報に同意している	1. 全くそう思わない@2. あまりそう思わない@3. ややそう思わない@4. どちらとも言えない@5. ややそう思う@6. かなりそう思う@7. 完全にそう思う	
1	0							以下のURLの動画を見て各質問に回答してください。##https://taiga-mori.github.io/questionaire/16hee.html	動画が視聴できた	視聴できた@視聴できなかった	ロボットはこの情報をあらかじめ知っていた	知っていた@知らなかった	ロボットの反応は自然だった	1. 全くそう思わない@2. あまりそう思わない@3. ややそう思わない@4. どちらとも言えない@5. ややそう思う@6. かなりそう思う@7. 完全にそう思う	ロボットはこの情報に興味を持っている	1. 全くそう思わない@2. あまりそう思わない@3. ややそう思わない@4. どちらとも言えない@5. ややそう思う@6. かなりそう思う@7. 完全にそう思う	ロボットはこの情報に同意している	1. 全くそう思わない@2. あまりそう思わない@3. ややそう思わない@4. どちらとも言えない@5. ややそう思う@6. かなりそう思う@7. 完全にそう思う	
1	0							以下のURLの動画を見て各質問に回答してください。##https://taiga-mori.github.io/questionaire/24d.html	動画が視聴できた	視聴できた@視聴できなかった	ロボットはこの情報をあらかじめ知っていた	知っていた@知らなかった	ロボットの反応は自然だった	1. 全くそう思わない@2. あまりそう思わない@3. ややそう思わない@4. どちらとも言えない@5. ややそう思う@6. かなりそう思う@7. 完全にそう思う	ロボットはこの情報に興味を持っている	1. 全くそう思わない@2. あまりそう思わない@3. ややそう思わない@4. どちらとも言えない@5. ややそう思う@6. かなりそう思う@7. 完全にそう思う	ロボットはこの情報に同意している	1. 全くそう思わない@2. あまりそう思わない@3. ややそう思わない@4. どちらとも言えない@5. ややそう思う@6. かなりそう思う@7. 完全にそう思う	
1	0							以下のURLの動画を見て各質問に回答してください。##https://taiga-mori.github.io/questionaire/3soosoo.html	動画が視聴できた	視聴できた@視聴できなかった	ロボットはこの情報をあらかじめ知っていた	知っていた@知らなかった	ロボットの反応は自然だった	1. 全くそう思わない@2. あまりそう思わない@3. ややそう思わない@4. どちらとも言えない@5. ややそう思う@6. かなりそう思う@7. 完全にそう思う	ロボットはこの情報に興味を持っている	1. 全くそう思わない@2. あまりそう思わない@3. ややそう思わない@4. どちらとも言えない@5. ややそう思う@6. かなりそう思う@7. 完全にそう思う	ロボットはこの情報に同意している	1. 全くそう思わない@2. あまりそう思わない@3. ややそう思わない@4. どちらとも言えない@5. ややそう思う@6. かなりそう思う@7. 完全にそう思う	
1	0							以下のURLの動画を見て各質問に回答してください。##https://taiga-mori.github.io/questionaire/7usoosoo.html	動画が視聴できた	視聴できた@視聴できなかった	ロボットはこの情報をあらかじめ知っていた	知っていた@知らなかった	ロボットの反応は自然だった	1. 全くそう思わない@2. あまりそう思わない@3. ややそう思わない@4. どちらとも言えない@5. ややそう思う@6. かなりそう思う@7. 完全にそう思う	ロボットはこの情報に興味を持っている	1. 全くそう思わない@2. あまりそう思わない@3. ややそう思わない@4. どちらとも言えない@5. ややそう思う@6. かなりそう思う@7. 完全にそう思う	ロボットはこの情報に同意している	1. 全くそう思わない@2. あまりそう思わない@3. ややそう思わない@4. どちらとも言えない@5. ややそう思う@6. かなりそう思う@7. 完全にそう思う	
1	0							以下のURLの動画を見て各質問に回答してください。##https://taiga-mori.github.io/questionaire/6uhee.html	動画が視聴できた	視聴できた@視聴できなかった	ロボットはこの情報をあらかじめ知っていた	知っていた@知らなかった	ロボットの反応は自然だった	1. 全くそう思わない@2. あまりそう思わない@3. ややそう思わない@4. どちらとも言えない@5. ややそう思う@6. かなりそう思う@7. 完全にそう思う	ロボットはこの情報に興味を持っている	1. 全くそう思わない@2. あまりそう思わない@3. ややそう思わない@4. どちらとも言えない@5. ややそう思う@6. かなりそう思う@7. 完全にそう思う	ロボットはこの情報に同意している	1. 全くそう思わない@2. あまりそう思わない@3. ややそう思わない@4. どちらとも言えない@5. ややそう思う@6. かなりそう思う@7. 完全にそう思う	
1	0							以下のURLの動画を見て各質問に回答してください。##https://taiga-mori.github.io/questionaire/13soodane.html	動画が視聴できた	視聴できた@視聴できなかった	ロボットはこの情報をあらかじめ知っていた	知っていた@知らなかった	ロボットの反応は自然だった	1. 全くそう思わない@2. あまりそう思わない@3. ややそう思わない@4. どちらとも言えない@5. ややそう思う@6. かなりそう思う@7. 完全にそう思う	ロボットはこの情報に興味を持っている	1. 全くそう思わない@2. あまりそう思わない@3. ややそう思わない@4. どちらとも言えない@5. ややそう思う@6. かなりそう思う@7. 完全にそう思う	ロボットはこの情報に同意している	1. 全くそう思わない@2. あまりそう思わない@3. ややそう思わない@4. どちらとも言えない@5. ややそう思う@6. かなりそう思う@7. 完全にそう思う	
1	0							以下のURLの動画を見て各質問に回答してください。##https://taiga-mori.github.io/questionaire/20huun.html	動画が視聴できた	視聴できた@視聴できなかった	ロボットはこの情報をあらかじめ知っていた	知っていた@知らなかった	ロボットの反応は自然だった	1. 全くそう思わない@2. あまりそう思わない@3. ややそう思わない@4. どちらとも言えない@5. ややそう思う@6. かなりそう思う@7. 完全にそう思う	ロボットはこの情報に興味を持っている	1. 全くそう思わない@2. あまりそう思わない@3. ややそう思わない@4. どちらとも言えない@5. ややそう思う@6. かなりそう思う@7. 完全にそう思う	ロボットはこの情報に同意している	1. 全くそう思わない@2. あまりそう思わない@3. ややそう思わない@4. どちらとも言えない@5. ややそう思う@6. かなりそう思う@7. 完全にそう思う	
1	0							以下のURLの動画を見て各質問に回答してください。##https://taiga-mori.github.io/questionaire/2d.html	動画が視聴できた	視聴できた@視聴できなかった	ロボットはこの情報をあらかじめ知っていた	知っていた@知らなかった	ロボットの反応は自然だった	1. 全くそう思わない@2. あまりそう思わない@3. ややそう思わない@4. どちらとも言えない@5. ややそう思う@6. かなりそう思う@7. 完全にそう思う	ロボットはこの情報に興味を持っている	1. 全くそう思わない@2. あまりそう思わない@3. ややそう思わない@4. どちらとも言えない@5. ややそう思う@6. かなりそう思う@7. 完全にそう思う	ロボットはこの情報に同意している	1. 全くそう思わない@2. あまりそう思わない@3. ややそう思わない@4. どちらとも言えない@5. ややそう思う@6. かなりそう思う@7. 完全にそう思う	
1	0							以下のURLの動画を見て各質問に回答してください。##https://taiga-mori.github.io/questionaire/23usoodane.html	動画が視聴できた	視聴できた@視聴できなかった	ロボットはこの情報をあらかじめ知っていた	知っていた@知らなかった	ロボットの反応は自然だった	1. 全くそう思わない@2. あまりそう思わない@3. ややそう思わない@4. どちらとも言えない@5. ややそう思う@6. かなりそう思う@7. 完全にそう思う	ロボットはこの情報に興味を持っている	1. 全くそう思わない@2. あまりそう思わない@3. ややそう思わない@4. どちらとも言えない@5. ややそう思う@6. かなりそう思う@7. 完全にそう思う	ロボットはこの情報に同意している	1. 全くそう思わない@2. あまりそう思わない@3. ややそう思わない@4. どちらとも言えない@5. ややそう思う@6. かなりそう思う@7. 完全にそう思う	
1	0							以下のURLの動画を見て各質問に回答してください。##https://taiga-mori.github.io/questionaire/17uhuun.html	動画が視聴できた	視聴できた@視聴できなかった	ロボットはこの情報をあらかじめ知っていた	知っていた@知らなかった	ロボットの反応は自然だった	1. 全くそう思わない@2. あまりそう思わない@3. ややそう思わない@4. どちらとも言えない@5. ややそう思う@6. かなりそう思う@7. 完全にそう思う	ロボットはこの情報に興味を持っている	1. 全くそう思わない@2. あまりそう思わない@3. ややそう思わない@4. どちらとも言えない@5. ややそう思う@6. かなりそう思う@7. 完全にそう思う	ロボットはこの情報に同意している	1. 全くそう思わない@2. あまりそう思わない@3. ややそう思わない@4. どちらとも言えない@5. ややそう思う@6. かなりそう思う@7. 完全にそう思う	
1	0							以下のURLの動画を見て各質問に回答してください。##https://taiga-mori.github.io/questionaire/12dhuun.html	動画が視聴できた	視聴できた@視聴できなかった	ロボットはこの情報をあらかじめ知っていた	知っていた@知らなかった	ロボットの反応は自然だった	1. 全くそう思わない@2. あまりそう思わない@3. ややそう思わない@4. どちらとも言えない@5. ややそう思う@6. かなりそう思う@7. 完全にそう思う	ロボットはこの情報に興味を持っている	1. 全くそう思わない@2. あまりそう思わない@3. ややそう思わない@4. どちらとも言えない@5. ややそう思う@6. かなりそう思う@7. 完全にそう思う	ロボットはこの情報に同意している	1. 全くそう思わない@2. あまりそう思わない@3. ややそう思わない@4. どちらとも言えない@5. ややそう思う@6. かなりそう思う@7. 完全にそう思う	
1	0							以下のURLの動画を見て各質問に回答してください。##https://taiga-mori.github.io/questionaire/22u.html	動画が視聴できた	視聴できた@視聴できなかった	ロボットはこの情報をあらかじめ知っていた	知っていた@知らなかった	ロボットの反応は自然だった	1. 全くそう思わない@2. あまりそう思わない@3. ややそう思わない@4. どちらとも言えない@5. ややそう思う@6. かなりそう思う@7. 完全にそう思う	ロボットはこの情報に興味を持っている	1. 全くそう思わない@2. あまりそう思わない@3. ややそう思わない@4. どちらとも言えない@5. ややそう思う@6. かなりそう思う@7. 完全にそう思う	ロボットはこの情報に同意している	1. 全くそう思わない@2. あまりそう思わない@3. ややそう思わない@4. どちらとも言えない@5. ややそう思う@6. かなりそう思う@7. 完全にそう思う	
1	0							以下のURLの動画を見て各質問に回答してください。##https://taiga-mori.github.io/questionaire/5dsoodane.html	動画が視聴できた	視聴できた@視聴できなかった	ロボットはこの情報をあらかじめ知っていた	知っていた@知らなかった	ロボットの反応は自然だった	1. 全くそう思わない@2. あまりそう思わない@3. ややそう思わない@4. どちらとも言えない@5. ややそう思う@6. かなりそう思う@7. 完全にそう思う	ロボットはこの情報に興味を持っている	1. 全くそう思わない@2. あまりそう思わない@3. ややそう思わない@4. どちらとも言えない@5. ややそう思う@6. かなりそう思う@7. 完全にそう思う	ロボットはこの情報に同意している	1. 全くそう思わない@2. あまりそう思わない@3. ややそう思わない@4. どちらとも言えない@5. ややそう思う@6. かなりそう思う@7. 完全にそう思う	
1	0							以下のURLの動画を見て各質問に回答してください。##https://taiga-mori.github.io/questionaire/15daa.html	動画が視聴できた	視聴できた@視聴できなかった	ロボットはこの情報をあらかじめ知っていた	知っていた@知らなかった	ロボットの反応は自然だった	1. 全くそう思わない@2. あまりそう思わない@3. ややそう思わない@4. どちらとも言えない@5. ややそう思う@6. かなりそう思う@7. 完全にそう思う	ロボットはこの情報に興味を持っている	1. 全くそう思わない@2. あまりそう思わない@3. ややそう思わない@4. どちらとも言えない@5. ややそう思う@6. かなりそう思う@7. 完全にそう思う	ロボットはこの情報に同意している	1. 全くそう思わない@2. あまりそう思わない@3. ややそう思わない@4. どちらとも言えない@5. ややそう思う@6. かなりそう思う@7. 完全にそう思う	
1	0							以下のURLの動画を見て各質問に回答してください。##https://taiga-mori.github.io/questionaire/8uunun.html	動画が視聴できた	視聴できた@視聴できなかった	ロボットはこの情報をあらかじめ知っていた	知っていた@知らなかった	ロボットの反応は自然だった	1. 全くそう思わない@2. あまりそう思わない@3. ややそう思わない@4. どちらとも言えない@5. ややそう思う@6. かなりそう思う@7. 完全にそう思う	ロボットはこの情報に興味を持っている	1. 全くそう思わない@2. あまりそう思わない@3. ややそう思わない@4. どちらとも言えない@5. ややそう思う@6. かなりそう思う@7. 完全にそう思う	ロボットはこの情報に同意している	1. 全くそう思わない@2. あまりそう思わない@3. ややそう思わない@4. どちらとも言えない@5. ややそう思う@6. かなりそう思う@7. 完全にそう思う	
1	0							以下のURLの動画を見て各質問に回答してください。##https://taiga-mori.github.io/questionaire/19d.html	動画が視聴できた	視聴できた@視聴できなかった	ロボットはこの情報をあらかじめ知っていた	知っていた@知らなかった	ロボットの反応は自然だった	1. 全くそう思わない@2. あまりそう思わない@3. ややそう思わない@4. どちらとも言えない@5. ややそう思う@6. かなりそう思う@7. 完全にそう思う	ロボットはこの情報に興味を持っている	1. 全くそう思わない@2. あまりそう思わない@3. ややそう思わない@4. どちらとも言えない@5. ややそう思う@6. かなりそう思う@7. 完全にそう思う	ロボットはこの情報に同意している	1. 全くそう思わない@2. あまりそう思わない@3. ややそう思わない@4. どちらとも言えない@5. ややそう思う@6. かなりそう思う@7. 完全にそう思う	
1	0							以下のURLの動画を見て各質問に回答してください。##https://taiga-mori.github.io/questionaire/11uaa.html	動画が視聴できた	視聴できた@視聴できなかった	ロボットはこの情報をあらかじめ知っていた	知っていた@知らなかった	ロボットの反応は自然だった	1. 全くそう思わない@2. あまりそう思わない@3. ややそう思わない@4. どちらとも言えない@5. ややそう思う@6. かなりそう思う@7. 完全にそう思う	ロボットはこの情報に興味を持っている	1. 全くそう思わない@2. あまりそう思わない@3. ややそう思わない@4. どちらとも言えない@5. ややそう思う@6. かなりそう思う@7. 完全にそう思う	ロボットはこの情報に同意している	1. 全くそう思わない@2. あまりそう思わない@3. ややそう思わない@4. どちらとも言えない@5. ややそう思う@6. かなりそう思う@7. 完全にそう思う	
1	0							以下のURLの動画を見て各質問に回答してください。##https://taiga-mori.github.io/questionaire/14aa.html	動画が視聴できた	視聴できた@視聴できなかった	ロボットはこの情報をあらかじめ知っていた	知っていた@知らなかった	ロボットの反応は自然だった	1. 全くそう思わない@2. あまりそう思わない@3. ややそう思わない@4. どちらとも言えない@5. ややそう思う@6. かなりそう思う@7. 完全にそう思う	ロボットはこの情報に興味を持っている	1. 全くそう思わない@2. あまりそう思わない@3. ややそう思わない@4. どちらとも言えない@5. ややそう思う@6. かなりそう思う@7. 完全にそう思う	ロボットはこの情報に同意している	1. 全くそう思わない@2. あまりそう思わない@3. ややそう思わない@4. どちらとも言えない@5. ややそう思う@6. かなりそう思う@7. 完全にそう思う	
1	0							以下のURLの動画を見て各質問に回答してください。##https://taiga-mori.github.io/questionaire/9u.html	動画が視聴できた	視聴できた@視聴できなかった	ロボットはこの情報をあらかじめ知っていた	知っていた@知らなかった	ロボットの反応は自然だった	1. 全くそう思わない@2. あまりそう思わない@3. ややそう思わない@4. どちらとも言えない@5. ややそう思う@6. かなりそう思う@7. 完全にそう思う	ロボットはこの情報に興味を持っている	1. 全くそう思わない@2. あまりそう思わない@3. ややそう思わない@4. どちらとも言えない@5. ややそう思う@6. かなりそう思う@7. 完全にそう思う	ロボットはこの情報に同意している	1. 全くそう思わない@2. あまりそう思わない@3. ややそう思わない@4. どちらとも言えない@5. ややそう思う@6. かなりそう思う@7. 完全にそう思う	
1	0							以下のURLの動画を見て各質問に回答してください。##https://taiga-mori.github.io/questionaire/18unun.html	動画が視聴できた	視聴できた@視聴できなかった	ロボットはこの情報をあらかじめ知っていた	知っていた@知らなかった	ロボットの反応は自然だった	1. 全くそう思わない@2. あまりそう思わない@3. ややそう思わない@4. どちらとも言えない@5. ややそう思う@6. かなりそう思う@7. 完全にそう思う	ロボットはこの情報に興味を持っている	1. 全くそう思わない@2. あまりそう思わない@3. ややそう思わない@4. どちらとも言えない@5. ややそう思う@6. かなりそう思う@7. 完全にそう思う	ロボットはこの情報に同意している	1. 全くそう思わない@2. あまりそう思わない@3. ややそう思わない@4. どちらとも言えない@5. ややそう思う@6. かなりそう思う@7. 完全にそう思う	
1	0							以下のURLの動画を見て各質問に回答してください。##https://taiga-mori.github.io/questionaire/1dunun.html	動画が視聴できた	視聴できた@視聴できなかった	ロボットはこの情報をあらかじめ知っていた	知っていた@知らなかった	ロボットの反応は自然だった	1. 全くそう思わない@2. あまりそう思わない@3. ややそう思わない@4. どちらとも言えない@5. ややそう思う@6. かなりそう思う@7. 完全にそう思う	ロボットはこの情報に興味を持っている	1. 全くそう思わない@2. あまりそう思わない@3. ややそう思わない@4. どちらとも言えない@5. ややそう思う@6. かなりそう思う@7. 完全にそう思う	ロボットはこの情報に同意している	1. 全くそう思わない@2. あまりそう思わない@3. ややそう思わない@4. どちらとも言えない@5. ややそう思う@6. かなりそう思う@7. 完全にそう思う	
1	0							あなたの年齢と性別を教えてください。	性別	男性@女性@その他@回答したくない	年齢	10代以下@20代@30代@40代@50代@60代@70代以上	質問はありません。「はい」を選択してください。	はい	質問はありません。「はい」を選択してください。	はい	質問はありません。「はい」を選択してください。	はい	
1	0							以下のURLの動画を見て各質問に回答してください。##https://taiga-mori.github.io/questionaire/2hee.html	動画が視聴できた	視聴できた@視聴できなかった	ロボットはこの情報をあらかじめ知っていた	知っていた@知らなかった	ロボットの反応は自然だった	1. 全くそう思わない@2. あまりそう思わない@3. ややそう思わない@4. どちらとも言えない@5. ややそう思う@6. かなりそう思う@7. 完全にそう思う	ロボットはこの情報に興味を持っている	1. 全くそう思わない@2. あまりそう思わない@3. ややそう思わない@4. どちらとも言えない@5. ややそう思う@6. かなりそう思う@7. 完全にそう思う	ロボットはこの情報に同意している	1. 全くそう思わない@2. あまりそう思わない@3. ややそう思わない@4. どちらとも言えない@5. ややそう思う@6. かなりそう思う@7. 完全にそう思う	
1	0							以下のURLの動画を見て各質問に回答してください。##https://taiga-mori.github.io/questionaire/17dhee.html	動画が視聴できた	視聴できた@視聴できなかった	ロボットはこの情報をあらかじめ知っていた	知っていた@知らなかった	ロボットの反応は自然だった	1. 全くそう思わない@2. あまりそう思わない@3. ややそう思わない@4. どちらとも言えない@5. ややそう思う@6. かなりそう思う@7. 完全にそう思う	ロボットはこの情報に興味を持っている	1. 全くそう思わない@2. あまりそう思わない@3. ややそう思わない@4. どちらとも言えない@5. ややそう思う@6. かなりそう思う@7. 完全にそう思う	ロボットはこの情報に同意している	1. 全くそう思わない@2. あまりそう思わない@3. ややそう思わない@4. どちらとも言えない@5. ややそう思う@6. かなりそう思う@7. 完全にそう思う	
1	0							以下のURLの動画を見て各質問に回答してください。##https://taiga-mori.github.io/questionaire/3uhee.html	動画が視聴できた	視聴できた@視聴できなかった	ロボットはこの情報をあらかじめ知っていた	知っていた@知らなかった	ロボットの反応は自然だった	1. 全くそう思わない@2. あまりそう思わない@3. ややそう思わない@4. どちらとも言えない@5. ややそう思う@6. かなりそう思う@7. 完全にそう思う	ロボットはこの情報に興味を持っている	1. 全くそう思わない@2. あまりそう思わない@3. ややそう思わない@4. どちらとも言えない@5. ややそう思う@6. かなりそう思う@7. 完全にそう思う	ロボットはこの情報に同意している	1. 全くそう思わない@2. あまりそう思わない@3. ややそう思わない@4. どちらとも言えない@5. ややそう思う@6. かなりそう思う@7. 完全にそう思う	
1	0							以下のURLの動画を見て各質問に回答してください。##https://taiga-mori.github.io/questionaire/18uunun.html	動画が視聴できた	視聴できた@視聴できなかった	ロボットはこの情報をあらかじめ知っていた	知っていた@知らなかった	ロボットの反応は自然だった	1. 全くそう思わない@2. あまりそう思わない@3. ややそう思わない@4. どちらとも言えない@5. ややそう思う@6. かなりそう思う@7. 完全にそう思う	ロボットはこの情報に興味を持っている	1. 全くそう思わない@2. あまりそう思わない@3. ややそう思わない@4. どちらとも言えない@5. ややそう思う@6. かなりそう思う@7. 完全にそう思う	ロボットはこの情報に同意している	1. 全くそう思わない@2. あまりそう思わない@3. ややそう思わない@4. どちらとも言えない@5. ややそう思う@6. かなりそう思う@7. 完全にそう思う	
1	0							以下のURLの動画を見て各質問に回答してください。##https://taiga-mori.github.io/questionaire/10u.html	動画が視聴できた	視聴できた@視聴できなかった	ロボットはこの情報をあらかじめ知っていた	知っていた@知らなかった	ロボットの反応は自然だった	1. 全くそう思わない@2. あまりそう思わない@3. ややそう思わない@4. どちらとも言えない@5. ややそう思う@6. かなりそう思う@7. 完全にそう思う	ロボットはこの情報に興味を持っている	1. 全くそう思わない@2. あまりそう思わない@3. ややそう思わない@4. どちらとも言えない@5. ややそう思う@6. かなりそう思う@7. 完全にそう思う	ロボットはこの情報に同意している	1. 全くそう思わない@2. あまりそう思わない@3. ややそう思わない@4. どちらとも言えない@5. ややそう思う@6. かなりそう思う@7. 完全にそう思う	
1	0							以下のURLの動画を見て各質問に回答してください。##https://taiga-mori.github.io/questionaire/12unun.html	動画が視聴できた	視聴できた@視聴できなかった	ロボットはこの情報をあらかじめ知っていた	知っていた@知らなかった	ロボットの反応は自然だった	1. 全くそう思わない@2. あまりそう思わない@3. ややそう思わない@4. どちらとも言えない@5. ややそう思う@6. かなりそう思う@7. 完全にそう思う	ロボットはこの情報に興味を持っている	1. 全くそう思わない@2. あまりそう思わない@3. ややそう思わない@4. どちらとも言えない@5. ややそう思う@6. かなりそう思う@7. 完全にそう思う	ロボットはこの情報に同意している	1. 全くそう思わない@2. あまりそう思わない@3. ややそう思わない@4. どちらとも言えない@5. ややそう思う@6. かなりそう思う@7. 完全にそう思う	
1	0							以下のURLの動画を見て各質問に回答してください。##https://taiga-mori.github.io/questionaire/8dunun.html	動画が視聴できた	視聴できた@視聴できなかった	ロボットはこの情報をあらかじめ知っていた	知っていた@知らなかった	ロボットの反応は自然だった	1. 全くそう思わない@2. あまりそう思わない@3. ややそう思わない@4. どちらとも言えない@5. ややそう思う@6. かなりそう思う@7. 完全にそう思う	ロボットはこの情報に興味を持っている	1. 全くそう思わない@2. あまりそう思わない@3. ややそう思わない@4. どちらとも言えない@5. ややそう思う@6. かなりそう思う@7. 完全にそう思う	ロボットはこの情報に同意している	1. 全くそう思わない@2. あまりそう思わない@3. ややそう思わない@4. どちらとも言えない@5. ややそう思う@6. かなりそう思う@7. 完全にそう思う	
1	0							以下のURLの動画を見て各質問に回答してください。##https://taiga-mori.github.io/questionaire/21d.html	動画が視聴できた	視聴できた@視聴できなかった	ロボットはこの情報をあらかじめ知っていた	知っていた@知らなかった	ロボットの反応は自然だった	1. 全くそう思わない@2. あまりそう思わない@3. ややそう思わない@4. どちらとも言えない@5. ややそう思う@6. かなりそう思う@7. 完全にそう思う	ロボットはこの情報に興味を持っている	1. 全くそう思わない@2. あまりそう思わない@3. ややそう思わない@4. どちらとも言えない@5. ややそう思う@6. かなりそう思う@7. 完全にそう思う	ロボットはこの情報に同意している	1. 全くそう思わない@2. あまりそう思わない@3. ややそう思わない@4. どちらとも言えない@5. ややそう思う@6. かなりそう思う@7. 完全にそう思う	
1	0							以下のURLの動画を見て各質問に回答してください。##https://taiga-mori.github.io/questionaire/19soodane.html	動画が視聴できた	視聴できた@視聴できなかった	ロボットはこの情報をあらかじめ知っていた	知っていた@知らなかった	ロボットの反応は自然だった	1. 全くそう思わない@2. あまりそう思わない@3. ややそう思わない@4. どちらとも言えない@5. ややそう思う@6. かなりそう思う@7. 完全にそう思う	ロボットはこの情報に興味を持っている	1. 全くそう思わない@2. あまりそう思わない@3. ややそう思わない@4. どちらとも言えない@5. ややそう思う@6. かなりそう思う@7. 完全にそう思う	ロボットはこの情報に同意している	1. 全くそう思わない@2. あまりそう思わない@3. ややそう思わない@4. どちらとも言えない@5. ややそう思う@6. かなりそう思う@7. 完全にそう思う	
1	0							以下のURLの動画を見て各質問に回答してください。##https://taiga-mori.github.io/questionaire/9d.html	動画が視聴できた	視聴できた@視聴できなかった	ロボットはこの情報をあらかじめ知っていた	知っていた@知らなかった	ロボットの反応は自然だった	1. 全くそう思わない@2. あまりそう思わない@3. ややそう思わない@4. どちらとも言えない@5. ややそう思う@6. かなりそう思う@7. 完全にそう思う	ロボットはこの情報に興味を持っている	1. 全くそう思わない@2. あまりそう思わない@3. ややそう思わない@4. どちらとも言えない@5. ややそう思う@6. かなりそう思う@7. 完全にそう思う	ロボットはこの情報に同意している	1. 全くそう思わない@2. あまりそう思わない@3. ややそう思わない@4. どちらとも言えない@5. ややそう思う@6. かなりそう思う@7. 完全にそう思う	
1	0							以下のURLの動画を見て各質問に回答してください。##https://taiga-mori.github.io/questionaire/4u.html	動画が視聴できた	視聴できた@視聴できなかった	ロボットはこの情報をあらかじめ知っていた	知っていた@知らなかった	ロボットの反応は自然だった	1. 全くそう思わない@2. あまりそう思わない@3. ややそう思わない@4. どちらとも言えない@5. ややそう思う@6. かなりそう思う@7. 完全にそう思う	ロボットはこの情報に興味を持っている	1. 全くそう思わない@2. あまりそう思わない@3. ややそう思わない@4. どちらとも言えない@5. ややそう思う@6. かなりそう思う@7. 完全にそう思う	ロボットはこの情報に同意している	1. 全くそう思わない@2. あまりそう思わない@3. ややそう思わない@4. どちらとも言えない@5. ややそう思う@6. かなりそう思う@7. 完全にそう思う	
1	0							以下のURLの動画を見て各質問に回答してください。##https://taiga-mori.github.io/questionaire/14usoodane.html	動画が視聴できた	視聴できた@視聴できなかった	ロボットはこの情報をあらかじめ知っていた	知っていた@知らなかった	ロボットの反応は自然だった	1. 全くそう思わない@2. あまりそう思わない@3. ややそう思わない@4. どちらとも言えない@5. ややそう思う@6. かなりそう思う@7. 完全にそう思う	ロボットはこの情報に興味を持っている	1. 全くそう思わない@2. あまりそう思わない@3. ややそう思わない@4. どちらとも言えない@5. ややそう思う@6. かなりそう思う@7. 完全にそう思う	ロボットはこの情報に同意している	1. 全くそう思わない@2. あまりそう思わない@3. ややそう思わない@4. どちらとも言えない@5. ややそう思う@6. かなりそう思う@7. 完全にそう思う	
1	0							以下のURLの動画を見て各質問に回答してください。##https://taiga-mori.github.io/questionaire/1uhuun.html	動画が視聴できた	視聴できた@視聴できなかった	ロボットはこの情報をあらかじめ知っていた	知っていた@知らなかった	ロボットの反応は自然だった	1. 全くそう思わない@2. あまりそう思わない@3. ややそう思わない@4. どちらとも言えない@5. ややそう思う@6. かなりそう思う@7. 完全にそう思う	ロボットはこの情報に興味を持っている	1. 全くそう思わない@2. あまりそう思わない@3. ややそう思わない@4. どちらとも言えない@5. ややそう思う@6. かなりそう思う@7. 完全にそう思う	ロボットはこの情報に同意している	1. 全くそう思わない@2. あまりそう思わない@3. ややそう思わない@4. どちらとも言えない@5. ややそう思う@6. かなりそう思う@7. 完全にそう思う	
1	0							以下のURLの動画を見て各質問に回答してください。##https://taiga-mori.github.io/questionaire/11huun.html	動画が視聴できた	視聴できた@視聴できなかった	ロボットはこの情報をあらかじめ知っていた	知っていた@知らなかった	ロボットの反応は自然だった	1. 全くそう思わない@2. あまりそう思わない@3. ややそう思わない@4. どちらとも言えない@5. ややそう思う@6. かなりそう思う@7. 完全にそう思う	ロボットはこの情報に興味を持っている	1. 全くそう思わない@2. あまりそう思わない@3. ややそう思わない@4. どちらとも言えない@5. ややそう思う@6. かなりそう思う@7. 完全にそう思う	ロボットはこの情報に同意している	1. 全くそう思わない@2. あまりそう思わない@3. ややそう思わない@4. どちらとも言えない@5. ややそう思う@6. かなりそう思う@7. 完全にそう思う	
1	0							以下のURLの動画を見て各質問に回答してください。##https://taiga-mori.github.io/questionaire/24dhuun.html	動画が視聴できた	視聴できた@視聴できなかった	ロボットはこの情報をあらかじめ知っていた	知っていた@知らなかった	ロボットの反応は自然だった	1. 全くそう思わない@2. あまりそう思わない@3. ややそう思わない@4. どちらとも言えない@5. ややそう思う@6. かなりそう思う@7. 完全にそう思う	ロボットはこの情報に興味を持っている	1. 全くそう思わない@2. あまりそう思わない@3. ややそう思わない@4. どちらとも言えない@5. ややそう思う@6. かなりそう思う@7. 完全にそう思う	ロボットはこの情報に同意している	1. 全くそう思わない@2. あまりそう思わない@3. ややそう思わない@4. どちらとも言えない@5. ややそう思う@6. かなりそう思う@7. 完全にそう思う	
1	0							以下のURLの動画を見て各質問に回答してください。##https://taiga-mori.github.io/questionaire/7dsoodane.html	動画が視聴できた	視聴できた@視聴できなかった	ロボットはこの情報をあらかじめ知っていた	知っていた@知らなかった	ロボットの反応は自然だった	1. 全くそう思わない@2. あまりそう思わない@3. ややそう思わない@4. どちらとも言えない@5. ややそう思う@6. かなりそう思う@7. 完全にそう思う	ロボットはこの情報に興味を持っている	1. 全くそう思わない@2. あまりそう思わない@3. ややそう思わない@4. どちらとも言えない@5. ややそう思う@6. かなりそう思う@7. 完全にそう思う	ロボットはこの情報に同意している	1. 全くそう思わない@2. あまりそう思わない@3. ややそう思わない@4. どちらとも言えない@5. ややそう思う@6. かなりそう思う@7. 完全にそう思う	
1	0							以下のURLの動画を見て各質問に回答してください。##https://taiga-mori.github.io/questionaire/22usoosoo.html	動画が視聴できた	視聴できた@視聴できなかった	ロボットはこの情報をあらかじめ知っていた	知っていた@知らなかった	ロボットの反応は自然だった	1. 全くそう思わない@2. あまりそう思わない@3. ややそう思わない@4. どちらとも言えない@5. ややそう思う@6. かなりそう思う@7. 完全にそう思う	ロボットはこの情報に興味を持っている	1. 全くそう思わない@2. あまりそう思わない@3. ややそう思わない@4. どちらとも言えない@5. ややそう思う@6. かなりそう思う@7. 完全にそう思う	ロボットはこの情報に同意している	1. 全くそう思わない@2. あまりそう思わない@3. ややそう思わない@4. どちらとも言えない@5. ややそう思う@6. かなりそう思う@7. 完全にそう思う	
1	0							以下のURLの動画を見て各質問に回答してください。##https://taiga-mori.github.io/questionaire/5uaa.html	動画が視聴できた	視聴できた@視聴できなかった	ロボットはこの情報をあらかじめ知っていた	知っていた@知らなかった	ロボットの反応は自然だった	1. 全くそう思わない@2. あまりそう思わない@3. ややそう思わない@4. どちらとも言えない@5. ややそう思う@6. かなりそう思う@7. 完全にそう思う	ロボットはこの情報に興味を持っている	1. 全くそう思わない@2. あまりそう思わない@3. ややそう思わない@4. どちらとも言えない@5. ややそう思う@6. かなりそう思う@7. 完全にそう思う	ロボットはこの情報に同意している	1. 全くそう思わない@2. あまりそう思わない@3. ややそう思わない@4. どちらとも言えない@5. ややそう思う@6. かなりそう思う@7. 完全にそう思う	
1	0							以下のURLの動画を見て各質問に回答してください。##https://taiga-mori.github.io/questionaire/16daa.html	動画が視聴できた	視聴できた@視聴できなかった	ロボットはこの情報をあらかじめ知っていた	知っていた@知らなかった	ロボットの反応は自然だった	1. 全くそう思わない@2. あまりそう思わない@3. ややそう思わない@4. どちらとも言えない@5. ややそう思う@6. かなりそう思う@7. 完全にそう思う	ロボットはこの情報に興味を持っている	1. 全くそう思わない@2. あまりそう思わない@3. ややそう思わない@4. どちらとも言えない@5. ややそう思う@6. かなりそう思う@7. 完全にそう思う	ロボットはこの情報に同意している	1. 全くそう思わない@2. あまりそう思わない@3. ややそう思わない@4. どちらとも言えない@5. ややそう思う@6. かなりそう思う@7. 完全にそう思う	
1	0							以下のURLの動画を見て各質問に回答してください。##https://taiga-mori.github.io/questionaire/15soosoo.html	動画が視聴できた	視聴できた@視聴できなかった	ロボットはこの情報をあらかじめ知っていた	知っていた@知らなかった	ロボットの反応は自然だった	1. 全くそう思わない@2. あまりそう思わない@3. ややそう思わない@4. どちらとも言えない@5. ややそう思う@6. かなりそう思う@7. 完全にそう思う	ロボットはこの情報に興味を持っている	1. 全くそう思わない@2. あまりそう思わない@3. ややそう思わない@4. どちらとも言えない@5. ややそう思う@6. かなりそう思う@7. 完全にそう思う	ロボットはこの情報に同意している	1. 全くそう思わない@2. あまりそう思わない@3. ややそう思わない@4. どちらとも言えない@5. ややそう思う@6. かなりそう思う@7. 完全にそう思う	
1	0							以下のURLの動画を見て各質問に回答してください。##https://taiga-mori.github.io/questionaire/13aa.html	動画が視聴できた	視聴できた@視聴できなかった	ロボットはこの情報をあらかじめ知っていた	知っていた@知らなかった	ロボットの反応は自然だった	1. 全くそう思わない@2. あまりそう思わない@3. ややそう思わない@4. どちらとも言えない@5. ややそう思う@6. かなりそう思う@7. 完全にそう思う	ロボットはこの情報に興味を持っている	1. 全くそう思わない@2. あまりそう思わない@3. ややそう思わない@4. どちらとも言えない@5. ややそう思う@6. かなりそう思う@7. 完全にそう思う	ロボットはこの情報に同意している	1. 全くそう思わない@2. あまりそう思わない@3. ややそう思わない@4. どちらとも言えない@5. ややそう思う@6. かなりそう思う@7. 完全にそう思う	
1	0							以下のURLの動画を見て各質問に回答してください。##https://taiga-mori.github.io/questionaire/6d.html	動画が視聴できた	視聴できた@視聴できなかった	ロボットはこの情報をあらかじめ知っていた	知っていた@知らなかった	ロボットの反応は自然だった	1. 全くそう思わない@2. あまりそう思わない@3. ややそう思わない@4. どちらとも言えない@5. ややそう思う@6. かなりそう思う@7. 完全にそう思う	ロボットはこの情報に興味を持っている	1. 全くそう思わない@2. あまりそう思わない@3. ややそう思わない@4. どちらとも言えない@5. ややそう思う@6. かなりそう思う@7. 完全にそう思う	ロボットはこの情報に同意している	1. 全くそう思わない@2. あまりそう思わない@3. ややそう思わない@4. どちらとも言えない@5. ややそう思う@6. かなりそう思う@7. 完全にそう思う	
1	0							以下のURLの動画を見て各質問に回答してください。##https://taiga-mori.github.io/questionaire/20u.html	動画が視聴できた	視聴できた@視聴できなかった	ロボットはこの情報をあらかじめ知っていた	知っていた@知らなかった	ロボットの反応は自然だった	1. 全くそう思わない@2. あまりそう思わない@3. ややそう思わない@4. どちらとも言えない@5. ややそう思う@6. かなりそう思う@7. 完全にそう思う	ロボットはこの情報に興味を持っている	1. 全くそう思わない@2. あまりそう思わない@3. ややそう思わない@4. どちらとも言えない@5. ややそう思う@6. かなりそう思う@7. 完全にそう思う	ロボットはこの情報に同意している	1. 全くそう思わない@2. あまりそう思わない@3. ややそう思わない@4. どちらとも言えない@5. ややそう思う@6. かなりそう思う@7. 完全にそう思う	
1	0							以下のURLの動画を見て各質問に回答してください。##https://taiga-mori.github.io/questionaire/23dsoosoo.html	動画が視聴できた	視聴できた@視聴できなかった	ロボットはこの情報をあらかじめ知っていた	知っていた@知らなかった	ロボットの反応は自然だった	1. 全くそう思わない@2. あまりそう思わない@3. ややそう思わない@4. どちらとも言えない@5. ややそう思う@6. かなりそう思う@7. 完全にそう思う	ロボットはこの情報に興味を持っている	1. 全くそう思わない@2. あまりそう思わない@3. ややそう思わない@4. どちらとも言えない@5. ややそう思う@6. かなりそう思う@7. 完全にそう思う	ロボットはこの情報に同意している	1. 全くそう思わない@2. あまりそう思わない@3. ややそう思わない@4. どちらとも言えない@5. ややそう思う@6. かなりそう思う@7. 完全にそう思う	
1	0							あなたの年齢と性別を教えてください。	性別	男性@女性@その他@回答したくない	年齢	10代以下@20代@30代@40代@50代@60代@70代以上	質問はありません。「はい」を選択してください。	はい	質問はありません。「はい」を選択してください。	はい	質問はありません。「はい」を選択してください。	はい	
1	0							以下のURLの動画を見て各質問に回答してください。##https://taiga-mori.github.io/questionaire/12dhee.html	動画が視聴できた	視聴できた@視聴できなかった	ロボットはこの情報をあらかじめ知っていた	知っていた@知らなかった	ロボットの反応は自然だった	1. 全くそう思わない@2. あまりそう思わない@3. ややそう思わない@4. どちらとも言えない@5. ややそう思う@6. かなりそう思う@7. 完全にそう思う	ロボットはこの情報に興味を持っている	1. 全くそう思わない@2. あまりそう思わない@3. ややそう思わない@4. どちらとも言えない@5. ややそう思う@6. かなりそう思う@7. 完全にそう思う	ロボットはこの情報に同意している	1. 全くそう思わない@2. あまりそう思わない@3. ややそう思わない@4. どちらとも言えない@5. ややそう思う@6. かなりそう思う@7. 完全にそう思う	
1	0							以下のURLの動画を見て各質問に回答してください。##https://taiga-mori.github.io/questionaire/20uhee.html	動画が視聴できた	視聴できた@視聴できなかった	ロボットはこの情報をあらかじめ知っていた	知っていた@知らなかった	ロボットの反応は自然だった	1. 全くそう思わない@2. あまりそう思わない@3. ややそう思わない@4. どちらとも言えない@5. ややそう思う@6. かなりそう思う@7. 完全にそう思う	ロボットはこの情報に興味を持っている	1. 全くそう思わない@2. あまりそう思わない@3. ややそう思わない@4. どちらとも言えない@5. ややそう思う@6. かなりそう思う@7. 完全にそう思う	ロボットはこの情報に同意している	1. 全くそう思わない@2. あまりそう思わない@3. ややそう思わない@4. どちらとも言えない@5. ややそう思う@6. かなりそう思う@7. 完全にそう思う	
1	0							以下のURLの動画を見て各質問に回答してください。##https://taiga-mori.github.io/questionaire/9u.html	動画が視聴できた	視聴できた@視聴できなかった	ロボットはこの情報をあらかじめ知っていた	知っていた@知らなかった	ロボットの反応は自然だった	1. 全くそう思わない@2. あまりそう思わない@3. ややそう思わない@4. どちらとも言えない@5. ややそう思う@6. かなりそう思う@7. 完全にそう思う	ロボットはこの情報に興味を持っている	1. 全くそう思わない@2. あまりそう思わない@3. ややそう思わない@4. どちらとも言えない@5. ややそう思う@6. かなりそう思う@7. 完全にそう思う	ロボットはこの情報に同意している	1. 全くそう思わない@2. あまりそう思わない@3. ややそう思わない@4. どちらとも言えない@5. ややそう思う@6. かなりそう思う@7. 完全にそう思う	
1	0							以下のURLの動画を見て各質問に回答してください。##https://taiga-mori.github.io/questionaire/3d.html	動画が視聴できた	視聴できた@視聴できなかった	ロボットはこの情報をあらかじめ知っていた	知っていた@知らなかった	ロボットの反応は自然だった	1. 全くそう思わない@2. あまりそう思わない@3. ややそう思わない@4. どちらとも言えない@5. ややそう思う@6. かなりそう思う@7. 完全にそう思う	ロボットはこの情報に興味を持っている	1. 全くそう思わない@2. あまりそう思わない@3. ややそう思わない@4. どちらとも言えない@5. ややそう思う@6. かなりそう思う@7. 完全にそう思う	ロボットはこの情報に同意している	1. 全くそう思わない@2. あまりそう思わない@3. ややそう思わない@4. どちらとも言えない@5. ややそう思う@6. かなりそう思う@7. 完全にそう思う	
1	0							以下のURLの動画を見て各質問に回答してください。##https://taiga-mori.github.io/questionaire/19dsoodane.html	動画が視聴できた	視聴できた@視聴できなかった	ロボットはこの情報をあらかじめ知っていた	知っていた@知らなかった	ロボットの反応は自然だった	1. 全くそう思わない@2. あまりそう思わない@3. ややそう思わない@4. どちらとも言えない@5. ややそう思う@6. かなりそう思う@7. 完全にそう思う	ロボットはこの情報に興味を持っている	1. 全くそう思わない@2. あまりそう思わない@3. ややそう思わない@4. どちらとも言えない@5. ややそう思う@6. かなりそう思う@7. 完全にそう思う	ロボットはこの情報に同意している	1. 全くそう思わない@2. あまりそう思わない@3. ややそう思わない@4. どちらとも言えない@5. ややそう思う@6. かなりそう思う@7. 完全にそう思う	
1	0							以下のURLの動画を見て各質問に回答してください。##https://taiga-mori.github.io/questionaire/13hee.html	動画が視聴できた	視聴できた@視聴できなかった	ロボットはこの情報をあらかじめ知っていた	知っていた@知らなかった	ロボットの反応は自然だった	1. 全くそう思わない@2. あまりそう思わない@3. ややそう思わない@4. どちらとも言えない@5. ややそう思う@6. かなりそう思う@7. 完全にそう思う	ロボットはこの情報に興味を持っている	1. 全くそう思わない@2. あまりそう思わない@3. ややそう思わない@4. どちらとも言えない@5. ややそう思う@6. かなりそう思う@7. 完全にそう思う	ロボットはこの情報に同意している	1. 全くそう思わない@2. あまりそう思わない@3. ややそう思わない@4. どちらとも言えない@5. ややそう思う@6. かなりそう思う@7. 完全にそう思う	
1	0							以下のURLの動画を見て各質問に回答してください。##https://taiga-mori.github.io/questionaire/8soodane.html	動画が視聴できた	視聴できた@視聴できなかった	ロボットはこの情報をあらかじめ知っていた	知っていた@知らなかった	ロボットの反応は自然だった	1. 全くそう思わない@2. あまりそう思わない@3. ややそう思わない@4. どちらとも言えない@5. ややそう思う@6. かなりそう思う@7. 完全にそう思う	ロボットはこの情報に興味を持っている	1. 全くそう思わない@2. あまりそう思わない@3. ややそう思わない@4. どちらとも言えない@5. ややそう思う@6. かなりそう思う@7. 完全にそう思う	ロボットはこの情報に同意している	1. 全くそう思わない@2. あまりそう思わない@3. ややそう思わない@4. どちらとも言えない@5. ややそう思う@6. かなりそう思う@7. 完全にそう思う	
1	0							以下のURLの動画を見て各質問に回答してください。##https://taiga-mori.github.io/questionaire/17usoodane.html	動画が視聴できた	視聴できた@視聴できなかった	ロボットはこの情報をあらかじめ知っていた	知っていた@知らなかった	ロボットの反応は自然だった	1. 全くそう思わない@2. あまりそう思わない@3. ややそう思わない@4. どちらとも言えない@5. ややそう思う@6. かなりそう思う@7. 完全にそう思う	ロボットはこの情報に興味を持っている	1. 全くそう思わない@2. あまりそう思わない@3. ややそう思わない@4. どちらとも言えない@5. ややそう思う@6. かなりそう思う@7. 完全にそう思う	ロボットはこの情報に同意している	1. 全くそう思わない@2. あまりそう思わない@3. ややそう思わない@4. どちらとも言えない@5. ややそう思う@6. かなりそう思う@7. 完全にそう思う	
1	0							以下のURLの動画を見て各質問に回答してください。##https://taiga-mori.github.io/questionaire/11unun.html	動画が視聴できた	視聴できた@視聴できなかった	ロボットはこの情報をあらかじめ知っていた	知っていた@知らなかった	ロボットの反応は自然だった	1. 全くそう思わない@2. あまりそう思わない@3. ややそう思わない@4. どちらとも言えない@5. ややそう思う@6. かなりそう思う@7. 完全にそう思う	ロボットはこの情報に興味を持っている	1. 全くそう思わない@2. あまりそう思わない@3. ややそう思わない@4. どちらとも言えない@5. ややそう思う@6. かなりそう思う@7. 完全にそう思う	ロボットはこの情報に同意している	1. 全くそう思わない@2. あまりそう思わない@3. ややそう思わない@4. どちらとも言えない@5. ややそう思う@6. かなりそう思う@7. 完全にそう思う	
1	0							以下のURLの動画を見て各質問に回答してください。##https://taiga-mori.github.io/questionaire/4uhuun.html	動画が視聴できた	視聴できた@視聴できなかった	ロボットはこの情報をあらかじめ知っていた	知っていた@知らなかった	ロボットの反応は自然だった	1. 全くそう思わない@2. あまりそう思わない@3. ややそう思わない@4. どちらとも言えない@5. ややそう思う@6. かなりそう思う@7. 完全にそう思う	ロボットはこの情報に興味を持っている	1. 全くそう思わない@2. あまりそう思わない@3. ややそう思わない@4. どちらとも言えない@5. ややそう思う@6. かなりそう思う@7. 完全にそう思う	ロボットはこの情報に同意している	1. 全くそう思わない@2. あまりそう思わない@3. ややそう思わない@4. どちらとも言えない@5. ややそう思う@6. かなりそう思う@7. 完全にそう思う	
1	0							以下のURLの動画を見て各質問に回答してください。##https://taiga-mori.github.io/questionaire/10huun.html	動画が視聴できた	視聴できた@視聴できなかった	ロボットはこの情報をあらかじめ知っていた	知っていた@知らなかった	ロボットの反応は自然だった	1. 全くそう思わない@2. あまりそう思わない@3. ややそう思わない@4. どちらとも言えない@5. ややそう思う@6. かなりそう思う@7. 完全にそう思う	ロボットはこの情報に興味を持っている	1. 全くそう思わない@2. あまりそう思わない@3. ややそう思わない@4. どちらとも言えない@5. ややそう思う@6. かなりそう思う@7. 完全にそう思う	ロボットはこの情報に同意している	1. 全くそう思わない@2. あまりそう思わない@3. ややそう思わない@4. どちらとも言えない@5. ややそう思う@6. かなりそう思う@7. 完全にそう思う	
1	0							以下のURLの動画を見て各質問に回答してください。##https://taiga-mori.github.io/questionaire/1u.html	動画が視聴できた	視聴できた@視聴できなかった	ロボットはこの情報をあらかじめ知っていた	知っていた@知らなかった	ロボットの反応は自然だった	1. 全くそう思わない@2. あまりそう思わない@3. ややそう思わない@4. どちらとも言えない@5. ややそう思う@6. かなりそう思う@7. 完全にそう思う	ロボットはこの情報に興味を持っている	1. 全くそう思わない@2. あまりそう思わない@3. ややそう思わない@4. どちらとも言えない@5. ややそう思う@6. かなりそう思う@7. 完全にそう思う	ロボットはこの情報に同意している	1. 全くそう思わない@2. あまりそう思わない@3. ややそう思わない@4. どちらとも言えない@5. ややそう思う@6. かなりそう思う@7. 完全にそう思う	
1	0							以下のURLの動画を見て各質問に回答してください。##https://taiga-mori.github.io/questionaire/14dhuun.html	動画が視聴できた	視聴できた@視聴できなかった	ロボットはこの情報をあらかじめ知っていた	知っていた@知らなかった	ロボットの反応は自然だった	1. 全くそう思わない@2. あまりそう思わない@3. ややそう思わない@4. どちらとも言えない@5. ややそう思う@6. かなりそう思う@7. 完全にそう思う	ロボットはこの情報に興味を持っている	1. 全くそう思わない@2. あまりそう思わない@3. ややそう思わない@4. どちらとも言えない@5. ややそう思う@6. かなりそう思う@7. 完全にそう思う	ロボットはこの情報に同意している	1. 全くそう思わない@2. あまりそう思わない@3. ややそう思わない@4. どちらとも言えない@5. ややそう思う@6. かなりそう思う@7. 完全にそう思う	
1	0							以下のURLの動画を見て各質問に回答してください。##https://taiga-mori.github.io/questionaire/5dunun.html	動画が視聴できた	視聴できた@視聴できなかった	ロボットはこの情報をあらかじめ知っていた	知っていた@知らなかった	ロボットの反応は自然だった	1. 全くそう思わない@2. あまりそう思わない@3. ややそう思わない@4. どちらとも言えない@5. ややそう思う@6. かなりそう思う@7. 完全にそう思う	ロボットはこの情報に興味を持っている	1. 全くそう思わない@2. あまりそう思わない@3. ややそう思わない@4. どちらとも言えない@5. ややそう思う@6. かなりそう思う@7. 完全にそう思う	ロボットはこの情報に同意している	1. 全くそう思わない@2. あまりそう思わない@3. ややそう思わない@4. どちらとも言えない@5. ややそう思う@6. かなりそう思う@7. 完全にそう思う	
1	0							以下のURLの動画を見て各質問に回答してください。##https://taiga-mori.github.io/questionaire/22d.html	動画が視聴できた	視聴できた@視聴できなかった	ロボットはこの情報をあらかじめ知っていた	知っていた@知らなかった	ロボットの反応は自然だった	1. 全くそう思わない@2. あまりそう思わない@3. ややそう思わない@4. どちらとも言えない@5. ややそう思う@6. かなりそう思う@7. 完全にそう思う	ロボットはこの情報に興味を持っている	1. 全くそう思わない@2. あまりそう思わない@3. ややそう思わない@4. どちらとも言えない@5. ややそう思う@6. かなりそう思う@7. 完全にそう思う	ロボットはこの情報に同意している	1. 全くそう思わない@2. あまりそう思わない@3. ややそう思わない@4. どちらとも言えない@5. ややそう思う@6. かなりそう思う@7. 完全にそう思う	
1	0							以下のURLの動画を見て各質問に回答してください。##https://taiga-mori.github.io/questionaire/16uunun.html	動画が視聴できた	視聴できた@視聴できなかった	ロボットはこの情報をあらかじめ知っていた	知っていた@知らなかった	ロボットの反応は自然だった	1. 全くそう思わない@2. あまりそう思わない@3. ややそう思わない@4. どちらとも言えない@5. ややそう思う@6. かなりそう思う@7. 完全にそう思う	ロボットはこの情報に興味を持っている	1. 全くそう思わない@2. あまりそう思わない@3. ややそう思わない@4. どちらとも言えない@5. ややそう思う@6. かなりそう思う@7. 完全にそう思う	ロボットはこの情報に同意している	1. 全くそう思わない@2. あまりそう思わない@3. ややそう思わない@4. どちらとも言えない@5. ややそう思う@6. かなりそう思う@7. 完全にそう思う	
1	0							以下のURLの動画を見て各質問に回答してください。##https://taiga-mori.github.io/questionaire/18d.html	動画が視聴できた	視聴できた@視聴できなかった	ロボットはこの情報をあらかじめ知っていた	知っていた@知らなかった	ロボットの反応は自然だった	1. 全くそう思わない@2. あまりそう思わない@3. ややそう思わない@4. どちらとも言えない@5. ややそう思う@6. かなりそう思う@7. 完全にそう思う	ロボットはこの情報に興味を持っている	1. 全くそう思わない@2. あまりそう思わない@3. ややそう思わない@4. どちらとも言えない@5. ややそう思う@6. かなりそう思う@7. 完全にそう思う	ロボットはこの情報に同意している	1. 全くそう思わない@2. あまりそう思わない@3. ややそう思わない@4. どちらとも言えない@5. ややそう思う@6. かなりそう思う@7. 完全にそう思う	
1	0							以下のURLの動画を見て各質問に回答してください。##https://taiga-mori.github.io/questionaire/6soosoo.html	動画が視聴できた	視聴できた@視聴できなかった	ロボットはこの情報をあらかじめ知っていた	知っていた@知らなかった	ロボットの反応は自然だった	1. 全くそう思わない@2. あまりそう思わない@3. ややそう思わない@4. どちらとも言えない@5. ややそう思う@6. かなりそう思う@7. 完全にそう思う	ロボットはこの情報に興味を持っている	1. 全くそう思わない@2. あまりそう思わない@3. ややそう思わない@4. どちらとも言えない@5. ややそう思う@6. かなりそう思う@7. 完全にそう思う	ロボットはこの情報に同意している	1. 全くそう思わない@2. あまりそう思わない@3. ややそう思わない@4. どちらとも言えない@5. ややそう思う@6. かなりそう思う@7. 完全にそう思う	
1	0							以下のURLの動画を見て各質問に回答してください。##https://taiga-mori.github.io/questionaire/15usoosoo.html	動画が視聴できた	視聴できた@視聴できなかった	ロボットはこの情報をあらかじめ知っていた	知っていた@知らなかった	ロボットの反応は自然だった	1. 全くそう思わない@2. あまりそう思わない@3. ややそう思わない@4. どちらとも言えない@5. ややそう思う@6. かなりそう思う@7. 完全にそう思う	ロボットはこの情報に興味を持っている	1. 全くそう思わない@2. あまりそう思わない@3. ややそう思わない@4. どちらとも言えない@5. ややそう思う@6. かなりそう思う@7. 完全にそう思う	ロボットはこの情報に同意している	1. 全くそう思わない@2. あまりそう思わない@3. ややそう思わない@4. どちらとも言えない@5. ややそう思う@6. かなりそう思う@7. 完全にそう思う	
1	0							以下のURLの動画を見て各質問に回答してください。##https://taiga-mori.github.io/questionaire/7uaa.html	動画が視聴できた	視聴できた@視聴できなかった	ロボットはこの情報をあらかじめ知っていた	知っていた@知らなかった	ロボットの反応は自然だった	1. 全くそう思わない@2. あまりそう思わない@3. ややそう思わない@4. どちらとも言えない@5. ややそう思う@6. かなりそう思う@7. 完全にそう思う	ロボットはこの情報に興味を持っている	1. 全くそう思わない@2. あまりそう思わない@3. ややそう思わない@4. どちらとも言えない@5. ややそう思う@6. かなりそう思う@7. 完全にそう思う	ロボットはこの情報に同意している	1. 全くそう思わない@2. あまりそう思わない@3. ややそう思わない@4. どちらとも言えない@5. ややそう思う@6. かなりそう思う@7. 完全にそう思う	
1	0							以下のURLの動画を見て各質問に回答してください。##https://taiga-mori.github.io/questionaire/2aa.html	動画が視聴できた	視聴できた@視聴できなかった	ロボットはこの情報をあらかじめ知っていた	知っていた@知らなかった	ロボットの反応は自然だった	1. 全くそう思わない@2. あまりそう思わない@3. ややそう思わない@4. どちらとも言えない@5. ややそう思う@6. かなりそう思う@7. 完全にそう思う	ロボットはこの情報に興味を持っている	1. 全くそう思わない@2. あまりそう思わない@3. ややそう思わない@4. どちらとも言えない@5. ややそう思う@6. かなりそう思う@7. 完全にそう思う	ロボットはこの情報に同意している	1. 全くそう思わない@2. あまりそう思わない@3. ややそう思わない@4. どちらとも言えない@5. ややそう思う@6. かなりそう思う@7. 完全にそう思う	
1	0							以下のURLの動画を見て各質問に回答してください。##https://taiga-mori.github.io/questionaire/23dsoosoo.html	動画が視聴できた	視聴できた@視聴できなかった	ロボットはこの情報をあらかじめ知っていた	知っていた@知らなかった	ロボットの反応は自然だった	1. 全くそう思わない@2. あまりそう思わない@3. ややそう思わない@4. どちらとも言えない@5. ややそう思う@6. かなりそう思う@7. 完全にそう思う	ロボットはこの情報に興味を持っている	1. 全くそう思わない@2. あまりそう思わない@3. ややそう思わない@4. どちらとも言えない@5. ややそう思う@6. かなりそう思う@7. 完全にそう思う	ロボットはこの情報に同意している	1. 全くそう思わない@2. あまりそう思わない@3. ややそう思わない@4. どちらとも言えない@5. ややそう思う@6. かなりそう思う@7. 完全にそう思う	
1	0							以下のURLの動画を見て各質問に回答してください。##https://taiga-mori.github.io/questionaire/21u.html	動画が視聴できた	視聴できた@視聴できなかった	ロボットはこの情報をあらかじめ知っていた	知っていた@知らなかった	ロボットの反応は自然だった	1. 全くそう思わない@2. あまりそう思わない@3. ややそう思わない@4. どちらとも言えない@5. ややそう思う@6. かなりそう思う@7. 完全にそう思う	ロボットはこの情報に興味を持っている	1. 全くそう思わない@2. あまりそう思わない@3. ややそう思わない@4. どちらとも言えない@5. ややそう思う@6. かなりそう思う@7. 完全にそう思う	ロボットはこの情報に同意している	1. 全くそう思わない@2. あまりそう思わない@3. ややそう思わない@4. どちらとも言えない@5. ややそう思う@6. かなりそう思う@7. 完全にそう思う	
1	0							以下のURLの動画を見て各質問に回答してください。##https://taiga-mori.github.io/questionaire/24daa.html	動画が視聴できた	視聴できた@視聴できなかった	ロボットはこの情報をあらかじめ知っていた	知っていた@知らなかった	ロボットの反応は自然だった	1. 全くそう思わない@2. あまりそう思わない@3. ややそう思わない@4. どちらとも言えない@5. ややそう思う@6. かなりそう思う@7. 完全にそう思う	ロボットはこの情報に興味を持っている	1. 全くそう思わない@2. あまりそう思わない@3. ややそう思わない@4. どちらとも言えない@5. ややそう思う@6. かなりそう思う@7. 完全にそう思う	ロボットはこの情報に同意している	1. 全くそう思わない@2. あまりそう思わない@3. ややそう思わない@4. どちらとも言えない@5. ややそう思う@6. かなりそう思う@7. 完全にそう思う	
1	0							あなたの年齢と性別を教えてください。	性別	男性@女性@その他@回答したくない	年齢	10代以下@20代@30代@40代@50代@60代@70代以上	質問はありません。「はい」を選択してください。	はい	質問はありません。「はい」を選択してください。	はい	質問はありません。「はい」を選択してください。	はい	
1	0							以下のURLの動画を見て各質問に回答してください。##https://taiga-mori.github.io/questionaire/6d.html	動画が視聴できた	視聴できた@視聴できなかった	ロボットはこの情報をあらかじめ知っていた	知っていた@知らなかった	ロボットの反応は自然だった	1. 全くそう思わない@2. あまりそう思わない@3. ややそう思わない@4. どちらとも言えない@5. ややそう思う@6. かなりそう思う@7. 完全にそう思う	ロボットはこの情報に興味を持っている	1. 全くそう思わない@2. あまりそう思わない@3. ややそう思わない@4. どちらとも言えない@5. ややそう思う@6. かなりそう思う@7. 完全にそう思う	ロボットはこの情報に同意している	1. 全くそう思わない@2. あまりそう思わない@3. ややそう思わない@4. どちらとも言えない@5. ややそう思う@6. かなりそう思う@7. 完全にそう思う	
1	0							以下のURLの動画を見て各質問に回答してください。##https://taiga-mori.github.io/questionaire/1u.html	動画が視聴できた	視聴できた@視聴できなかった	ロボットはこの情報をあらかじめ知っていた	知っていた@知らなかった	ロボットの反応は自然だった	1. 全くそう思わない@2. あまりそう思わない@3. ややそう思わない@4. どちらとも言えない@5. ややそう思う@6. かなりそう思う@7. 完全にそう思う	ロボットはこの情報に興味を持っている	1. 全くそう思わない@2. あまりそう思わない@3. ややそう思わない@4. どちらとも言えない@5. ややそう思う@6. かなりそう思う@7. 完全にそう思う	ロボットはこの情報に同意している	1. 全くそう思わない@2. あまりそう思わない@3. ややそう思わない@4. どちらとも言えない@5. ややそう思う@6. かなりそう思う@7. 完全にそう思う	
1	0							以下のURLの動画を見て各質問に回答してください。##https://taiga-mori.github.io/questionaire/3dsoosoo.html	動画が視聴できた	視聴できた@視聴できなかった	ロボットはこの情報をあらかじめ知っていた	知っていた@知らなかった	ロボットの反応は自然だった	1. 全くそう思わない@2. あまりそう思わない@3. ややそう思わない@4. どちらとも言えない@5. ややそう思う@6. かなりそう思う@7. 完全にそう思う	ロボットはこの情報に興味を持っている	1. 全くそう思わない@2. あまりそう思わない@3. ややそう思わない@4. どちらとも言えない@5. ややそう思う@6. かなりそう思う@7. 完全にそう思う	ロボットはこの情報に同意している	1. 全くそう思わない@2. あまりそう思わない@3. ややそう思わない@4. どちらとも言えない@5. ややそう思う@6. かなりそう思う@7. 完全にそう思う	
1	0							以下のURLの動画を見て各質問に回答してください。##https://taiga-mori.github.io/questionaire/8uaa.html	動画が視聴できた	視聴できた@視聴できなかった	ロボットはこの情報をあらかじめ知っていた	知っていた@知らなかった	ロボットの反応は自然だった	1. 全くそう思わない@2. あまりそう思わない@3. ややそう思わない@4. どちらとも言えない@5. ややそう思う@6. かなりそう思う@7. 完全にそう思う	ロボットはこの情報に興味を持っている	1. 全くそう思わない@2. あまりそう思わない@3. ややそう思わない@4. どちらとも言えない@5. ややそう思う@6. かなりそう思う@7. 完全にそう思う	ロボットはこの情報に同意している	1. 全くそう思わない@2. あまりそう思わない@3. ややそう思わない@4. どちらとも言えない@5. ややそう思う@6. かなりそう思う@7. 完全にそう思う	
1	0							以下のURLの動画を見て各質問に回答してください。##https://taiga-mori.github.io/questionaire/2soosoo.html	動画が視聴できた	視聴できた@視聴できなかった	ロボットはこの情報をあらかじめ知っていた	知っていた@知らなかった	ロボットの反応は自然だった	1. 全くそう思わない@2. あまりそう思わない@3. ややそう思わない@4. どちらとも言えない@5. ややそう思う@6. かなりそう思う@7. 完全にそう思う	ロボットはこの情報に興味を持っている	1. 全くそう思わない@2. あまりそう思わない@3. ややそう思わない@4. どちらとも言えない@5. ややそう思う@6. かなりそう思う@7. 完全にそう思う	ロボットはこの情報に同意している	1. 全くそう思わない@2. あまりそう思わない@3. ややそう思わない@4. どちらとも言えない@5. ややそう思う@6. かなりそう思う@7. 完全にそう思う	
1	0							以下のURLの動画を見て各質問に回答してください。##https://taiga-mori.github.io/questionaire/14aa.html	動画が視聴できた	視聴できた@視聴できなかった	ロボットはこの情報をあらかじめ知っていた	知っていた@知らなかった	ロボットの反応は自然だった	1. 全くそう思わない@2. あまりそう思わない@3. ややそう思わない@4. どちらとも言えない@5. ややそう思う@6. かなりそう思う@7. 完全にそう思う	ロボットはこの情報に興味を持っている	1. 全くそう思わない@2. あまりそう思わない@3. ややそう思わない@4. どちらとも言えない@5. ややそう思う@6. かなりそう思う@7. 完全にそう思う	ロボットはこの情報に同意している	1. 全くそう思わない@2. あまりそう思わない@3. ややそう思わない@4. どちらとも言えない@5. ややそう思う@6. かなりそう思う@7. 完全にそう思う	
1	0							以下のURLの動画を見て各質問に回答してください。##https://taiga-mori.github.io/questionaire/23daa.html	動画が視聴できた	視聴できた@視聴できなかった	ロボットはこの情報をあらかじめ知っていた	知っていた@知らなかった	ロボットの反応は自然だった	1. 全くそう思わない@2. あまりそう思わない@3. ややそう思わない@4. どちらとも言えない@5. ややそう思う@6. かなりそう思う@7. 完全にそう思う	ロボットはこの情報に興味を持っている	1. 全くそう思わない@2. あまりそう思わない@3. ややそう思わない@4. どちらとも言えない@5. ややそう思う@6. かなりそう思う@7. 完全にそう思う	ロボットはこの情報に同意している	1. 全くそう思わない@2. あまりそう思わない@3. ややそう思わない@4. どちらとも言えない@5. ややそう思う@6. かなりそう思う@7. 完全にそう思う	
1	0							以下のURLの動画を見て各質問に回答してください。##https://taiga-mori.github.io/questionaire/22usoosoo.html	動画が視聴できた	視聴できた@視聴できなかった	ロボットはこの情報をあらかじめ知っていた	知っていた@知らなかった	ロボットの反応は自然だった	1. 全くそう思わない@2. あまりそう思わない@3. ややそう思わない@4. どちらとも言えない@5. ややそう思う@6. かなりそう思う@7. 完全にそう思う	ロボットはこの情報に興味を持っている	1. 全くそう思わない@2. あまりそう思わない@3. ややそう思わない@4. どちらとも言えない@5. ややそう思う@6. かなりそう思う@7. 完全にそう思う	ロボットはこの情報に同意している	1. 全くそう思わない@2. あまりそう思わない@3. ややそう思わない@4. どちらとも言えない@5. ややそう思う@6. かなりそう思う@7. 完全にそう思う	
1	0							以下のURLの動画を見て各質問に回答してください。##https://taiga-mori.github.io/questionaire/5unun.html	動画が視聴できた	視聴できた@視聴できなかった	ロボットはこの情報をあらかじめ知っていた	知っていた@知らなかった	ロボットの反応は自然だった	1. 全くそう思わない@2. あまりそう思わない@3. ややそう思わない@4. どちらとも言えない@5. ややそう思う@6. かなりそう思う@7. 完全にそう思う	ロボットはこの情報に興味を持っている	1. 全くそう思わない@2. あまりそう思わない@3. ややそう思わない@4. どちらとも言えない@5. ややそう思う@6. かなりそう思う@7. 完全にそう思う	ロボットはこの情報に同意している	1. 全くそう思わない@2. あまりそう思わない@3. ややそう思わない@4. どちらとも言えない@5. ややそう思う@6. かなりそう思う@7. 完全にそう思う	
1	0							以下のURLの動画を見て各質問に回答してください。##https://taiga-mori.github.io/questionaire/21dhee.html	動画が視聴できた	視聴できた@視聴できなかった	ロボットはこの情報をあらかじめ知っていた	知っていた@知らなかった	ロボットの反応は自然だった	1. 全くそう思わない@2. あまりそう思わない@3. ややそう思わない@4. どちらとも言えない@5. ややそう思う@6. かなりそう思う@7. 完全にそう思う	ロボットはこの情報に興味を持っている	1. 全くそう思わない@2. あまりそう思わない@3. ややそう思わない@4. どちらとも言えない@5. ややそう思う@6. かなりそう思う@7. 完全にそう思う	ロボットはこの情報に同意している	1. 全くそう思わない@2. あまりそう思わない@3. ややそう思わない@4. どちらとも言えない@5. ややそう思う@6. かなりそう思う@7. 完全にそう思う	
1	0							以下のURLの動画を見て各質問に回答してください。##https://taiga-mori.github.io/questionaire/13hee.html	動画が視聴できた	視聴できた@視聴できなかった	ロボットはこの情報をあらかじめ知っていた	知っていた@知らなかった	ロボットの反応は自然だった	1. 全くそう思わない@2. あまりそう思わない@3. ややそう思わない@4. どちらとも言えない@5. ややそう思う@6. かなりそう思う@7. 完全にそう思う	ロボットはこの情報に興味を持っている	1. 全くそう思わない@2. あまりそう思わない@3. ややそう思わない@4. どちらとも言えない@5. ややそう思う@6. かなりそう思う@7. 完全にそう思う	ロボットはこの情報に同意している	1. 全くそう思わない@2. あまりそう思わない@3. ややそう思わない@4. どちらとも言えない@5. ややそう思う@6. かなりそう思う@7. 完全にそう思う	
1	0							以下のURLの動画を見て各質問に回答してください。##https://taiga-mori.github.io/questionaire/11dunun.html	動画が視聴できた	視聴できた@視聴できなかった	ロボットはこの情報をあらかじめ知っていた	知っていた@知らなかった	ロボットの反応は自然だった	1. 全くそう思わない@2. あまりそう思わない@3. ややそう思わない@4. どちらとも言えない@5. ややそう思う@6. かなりそう思う@7. 完全にそう思う	ロボットはこの情報に興味を持っている	1. 全くそう思わない@2. あまりそう思わない@3. ややそう思わない@4. どちらとも言えない@5. ややそう思う@6. かなりそう思う@7. 完全にそう思う	ロボットはこの情報に同意している	1. 全くそう思わない@2. あまりそう思わない@3. ややそう思わない@4. どちらとも言えない@5. ややそう思う@6. かなりそう思う@7. 完全にそう思う	
1	0							以下のURLの動画を見て各質問に回答してください。##https://taiga-mori.github.io/questionaire/9uhee.html	動画が視聴できた	視聴できた@視聴できなかった	ロボットはこの情報をあらかじめ知っていた	知っていた@知らなかった	ロボットの反応は自然だった	1. 全くそう思わない@2. あまりそう思わない@3. ややそう思わない@4. どちらとも言えない@5. ややそう思う@6. かなりそう思う@7. 完全にそう思う	ロボットはこの情報に興味を持っている	1. 全くそう思わない@2. あまりそう思わない@3. ややそう思わない@4. どちらとも言えない@5. ややそう思う@6. かなりそう思う@7. 完全にそう思う	ロボットはこの情報に同意している	1. 全くそう思わない@2. あまりそう思わない@3. ややそう思わない@4. どちらとも言えない@5. ややそう思う@6. かなりそう思う@7. 完全にそう思う	
1	0							以下のURLの動画を見て各質問に回答してください。##https://taiga-mori.github.io/questionaire/18d.html	動画が視聴できた	視聴できた@視聴できなかった	ロボットはこの情報をあらかじめ知っていた	知っていた@知らなかった	ロボットの反応は自然だった	1. 全くそう思わない@2. あまりそう思わない@3. ややそう思わない@4. どちらとも言えない@5. ややそう思う@6. かなりそう思う@7. 完全にそう思う	ロボットはこの情報に興味を持っている	1. 全くそう思わない@2. あまりそう思わない@3. ややそう思わない@4. どちらとも言えない@5. ややそう思う@6. かなりそう思う@7. 完全にそう思う	ロボットはこの情報に同意している	1. 全くそう思わない@2. あまりそう思わない@3. ややそう思わない@4. どちらとも言えない@5. ややそう思う@6. かなりそう思う@7. 完全にそう思う	
1	0							以下のURLの動画を見て各質問に回答してください。##https://taiga-mori.github.io/questionaire/19u.html	動画が視聴できた	視聴できた@視聴できなかった	ロボットはこの情報をあらかじめ知っていた	知っていた@知らなかった	ロボットの反応は自然だった	1. 全くそう思わない@2. あまりそう思わない@3. ややそう思わない@4. どちらとも言えない@5. ややそう思う@6. かなりそう思う@7. 完全にそう思う	ロボットはこの情報に興味を持っている	1. 全くそう思わない@2. あまりそう思わない@3. ややそう思わない@4. どちらとも言えない@5. ややそう思う@6. かなりそう思う@7. 完全にそう思う	ロボットはこの情報に同意している	1. 全くそう思わない@2. あまりそう思わない@3. ややそう思わない@4. どちらとも言えない@5. ややそう思う@6. かなりそう思う@7. 完全にそう思う	
1	0							以下のURLの動画を見て各質問に回答してください。##https://taiga-mori.github.io/questionaire/10uunun.html	動画が視聴できた	視聴できた@視聴できなかった	ロボットはこの情報をあらかじめ知っていた	知っていた@知らなかった	ロボットの反応は自然だった	1. 全くそう思わない@2. あまりそう思わない@3. ややそう思わない@4. どちらとも言えない@5. ややそう思う@6. かなりそう思う@7. 完全にそう思う	ロボットはこの情報に興味を持っている	1. 全くそう思わない@2. あまりそう思わない@3. ややそう思わない@4. どちらとも言えない@5. ややそう思う@6. かなりそう思う@7. 完全にそう思う	ロボットはこの情報に同意している	1. 全くそう思わない@2. あまりそう思わない@3. ややそう思わない@4. どちらとも言えない@5. ややそう思う@6. かなりそう思う@7. 完全にそう思う	
1	0							以下のURLの動画を見て各質問に回答してください。##https://taiga-mori.github.io/questionaire/7huun.html	動画が視聴できた	視聴できた@視聴できなかった	ロボットはこの情報をあらかじめ知っていた	知っていた@知らなかった	ロボットの反応は自然だった	1. 全くそう思わない@2. あまりそう思わない@3. ややそう思わない@4. どちらとも言えない@5. ややそう思う@6. かなりそう思う@7. 完全にそう思う	ロボットはこの情報に興味を持っている	1. 全くそう思わない@2. あまりそう思わない@3. ややそう思わない@4. どちらとも言えない@5. ややそう思う@6. かなりそう思う@7. 完全にそう思う	ロボットはこの情報に同意している	1. 全くそう思わない@2. あまりそう思わない@3. ややそう思わない@4. どちらとも言えない@5. ややそう思う@6. かなりそう思う@7. 完全にそう思う	
1	0							以下のURLの動画を見て各質問に回答してください。##https://taiga-mori.github.io/questionaire/16u.html	動画が視聴できた	視聴できた@視聴できなかった	ロボットはこの情報をあらかじめ知っていた	知っていた@知らなかった	ロボットの反応は自然だった	1. 全くそう思わない@2. あまりそう思わない@3. ややそう思わない@4. どちらとも言えない@5. ややそう思う@6. かなりそう思う@7. 完全にそう思う	ロボットはこの情報に興味を持っている	1. 全くそう思わない@2. あまりそう思わない@3. ややそう思わない@4. どちらとも言えない@5. ややそう思う@6. かなりそう思う@7. 完全にそう思う	ロボットはこの情報に同意している	1. 全くそう思わない@2. あまりそう思わない@3. ややそう思わない@4. どちらとも言えない@5. ややそう思う@6. かなりそう思う@7. 完全にそう思う	
1	0							以下のURLの動画を見て各質問に回答してください。##https://taiga-mori.github.io/questionaire/15dsoodane.html	動画が視聴できた	視聴できた@視聴できなかった	ロボットはこの情報をあらかじめ知っていた	知っていた@知らなかった	ロボットの反応は自然だった	1. 全くそう思わない@2. あまりそう思わない@3. ややそう思わない@4. どちらとも言えない@5. ややそう思う@6. かなりそう思う@7. 完全にそう思う	ロボットはこの情報に興味を持っている	1. 全くそう思わない@2. あまりそう思わない@3. ややそう思わない@4. どちらとも言えない@5. ややそう思う@6. かなりそう思う@7. 完全にそう思う	ロボットはこの情報に同意している	1. 全くそう思わない@2. あまりそう思わない@3. ややそう思わない@4. どちらとも言えない@5. ややそう思う@6. かなりそう思う@7. 完全にそう思う	
1	0							以下のURLの動画を見て各質問に回答してください。##https://taiga-mori.github.io/questionaire/24uhuun.html	動画が視聴できた	視聴できた@視聴できなかった	ロボットはこの情報をあらかじめ知っていた	知っていた@知らなかった	ロボットの反応は自然だった	1. 全くそう思わない@2. あまりそう思わない@3. ややそう思わない@4. どちらとも言えない@5. ややそう思う@6. かなりそう思う@7. 完全にそう思う	ロボットはこの情報に興味を持っている	1. 全くそう思わない@2. あまりそう思わない@3. ややそう思わない@4. どちらとも言えない@5. ややそう思う@6. かなりそう思う@7. 完全にそう思う	ロボットはこの情報に同意している	1. 全くそう思わない@2. あまりそう思わない@3. ややそう思わない@4. どちらとも言えない@5. ややそう思う@6. かなりそう思う@7. 完全にそう思う	
1	0							以下のURLの動画を見て各質問に回答してください。##https://taiga-mori.github.io/questionaire/4usoodane.html	動画が視聴できた	視聴できた@視聴できなかった	ロボットはこの情報をあらかじめ知っていた	知っていた@知らなかった	ロボットの反応は自然だった	1. 全くそう思わない@2. あまりそう思わない@3. ややそう思わない@4. どちらとも言えない@5. ややそう思う@6. かなりそう思う@7. 完全にそう思う	ロボットはこの情報に興味を持っている	1. 全くそう思わない@2. あまりそう思わない@3. ややそう思わない@4. どちらとも言えない@5. ややそう思う@6. かなりそう思う@7. 完全にそう思う	ロボットはこの情報に同意している	1. 全くそう思わない@2. あまりそう思わない@3. ややそう思わない@4. どちらとも言えない@5. ややそう思う@6. かなりそう思う@7. 完全にそう思う	
1	0							以下のURLの動画を見て各質問に回答してください。##https://taiga-mori.github.io/questionaire/12d.html	動画が視聴できた	視聴できた@視聴できなかった	ロボットはこの情報をあらかじめ知っていた	知っていた@知らなかった	ロボットの反応は自然だった	1. 全くそう思わない@2. あまりそう思わない@3. ややそう思わない@4. どちらとも言えない@5. ややそう思う@6. かなりそう思う@7. 完全にそう思う	ロボットはこの情報に興味を持っている	1. 全くそう思わない@2. あまりそう思わない@3. ややそう思わない@4. どちらとも言えない@5. ややそう思う@6. かなりそう思う@7. 完全にそう思う	ロボットはこの情報に同意している	1. 全くそう思わない@2. あまりそう思わない@3. ややそう思わない@4. どちらとも言えない@5. ややそう思う@6. かなりそう思う@7. 完全にそう思う	
1	0							以下のURLの動画を見て各質問に回答してください。##https://taiga-mori.github.io/questionaire/20soodane.html	動画が視聴できた	視聴できた@視聴できなかった	ロボットはこの情報をあらかじめ知っていた	知っていた@知らなかった	ロボットの反応は自然だった	1. 全くそう思わない@2. あまりそう思わない@3. ややそう思わない@4. どちらとも言えない@5. ややそう思う@6. かなりそう思う@7. 完全にそう思う	ロボットはこの情報に興味を持っている	1. 全くそう思わない@2. あまりそう思わない@3. ややそう思わない@4. どちらとも言えない@5. ややそう思う@6. かなりそう思う@7. 完全にそう思う	ロボットはこの情報に同意している	1. 全くそう思わない@2. あまりそう思わない@3. ややそう思わない@4. どちらとも言えない@5. ややそう思う@6. かなりそう思う@7. 完全にそう思う	
1	0							以下のURLの動画を見て各質問に回答してください。##https://taiga-mori.github.io/questionaire/17dhuun.html	動画が視聴できた	視聴できた@視聴できなかった	ロボットはこの情報をあらかじめ知っていた	知っていた@知らなかった	ロボットの反応は自然だった	1. 全くそう思わない@2. あまりそう思わない@3. ややそう思わない@4. どちらとも言えない@5. ややそう思う@6. かなりそう思う@7. 完全にそう思う	ロボットはこの情報に興味を持っている	1. 全くそう思わない@2. あまりそう思わない@3. ややそう思わない@4. どちらとも言えない@5. ややそう思う@6. かなりそう思う@7. 完全にそう思う	ロボットはこの情報に同意している	1. 全くそう思わない@2. あまりそう思わない@3. ややそう思わない@4. どちらとも言えない@5. ややそう思う@6. かなりそう思う@7. 完全にそう思う	
1	0							あなたの年齢と性別を教えてください。	性別	男性@女性@その他@回答したくない	年齢	10代以下@20代@30代@40代@50代@60代@70代以上	質問はありません。「はい」を選択してください。	はい	質問はありません。「はい」を選択してください。	はい	質問はありません。「はい」を選択してください。	はい	
1	0							以下のURLの動画を見て各質問に回答してください。##https://taiga-mori.github.io/questionaire/14soodane.html	動画が視聴できた	視聴できた@視聴できなかった	ロボットはこの情報をあらかじめ知っていた	知っていた@知らなかった	ロボットの反応は自然だった	1. 全くそう思わない@2. あまりそう思わない@3. ややそう思わない@4. どちらとも言えない@5. ややそう思う@6. かなりそう思う@7. 完全にそう思う	ロボットはこの情報に興味を持っている	1. 全くそう思わない@2. あまりそう思わない@3. ややそう思わない@4. どちらとも言えない@5. ややそう思う@6. かなりそう思う@7. 完全にそう思う	ロボットはこの情報に同意している	1. 全くそう思わない@2. あまりそう思わない@3. ややそう思わない@4. どちらとも言えない@5. ややそう思う@6. かなりそう思う@7. 完全にそう思う	
1	0							以下のURLの動画を見て各質問に回答してください。##https://taiga-mori.github.io/questionaire/13uhee.html	動画が視聴できた	視聴できた@視聴できなかった	ロボットはこの情報をあらかじめ知っていた	知っていた@知らなかった	ロボットの反応は自然だった	1. 全くそう思わない@2. あまりそう思わない@3. ややそう思わない@4. どちらとも言えない@5. ややそう思う@6. かなりそう思う@7. 完全にそう思う	ロボットはこの情報に興味を持っている	1. 全くそう思わない@2. あまりそう思わない@3. ややそう思わない@4. どちらとも言えない@5. ややそう思う@6. かなりそう思う@7. 完全にそう思う	ロボットはこの情報に同意している	1. 全くそう思わない@2. あまりそう思わない@3. ややそう思わない@4. どちらとも言えない@5. ややそう思う@6. かなりそう思う@7. 完全にそう思う	
1	0							以下のURLの動画を見て各質問に回答してください。##https://taiga-mori.github.io/questionaire/15d.html	動画が視聴できた	視聴できた@視聴できなかった	ロボットはこの情報をあらかじめ知っていた	知っていた@知らなかった	ロボットの反応は自然だった	1. 全くそう思わない@2. あまりそう思わない@3. ややそう思わない@4. どちらとも言えない@5. ややそう思う@6. かなりそう思う@7. 完全にそう思う	ロボットはこの情報に興味を持っている	1. 全くそう思わない@2. あまりそう思わない@3. ややそう思わない@4. どちらとも言えない@5. ややそう思う@6. かなりそう思う@7. 完全にそう思う	ロボットはこの情報に同意している	1. 全くそう思わない@2. あまりそう思わない@3. ややそう思わない@4. どちらとも言えない@5. ややそう思う@6. かなりそう思う@7. 完全にそう思う	
1	0							以下のURLの動画を見て各質問に回答してください。##https://taiga-mori.github.io/questionaire/24dsoodane.html	動画が視聴できた	視聴できた@視聴できなかった	ロボットはこの情報をあらかじめ知っていた	知っていた@知らなかった	ロボットの反応は自然だった	1. 全くそう思わない@2. あまりそう思わない@3. ややそう思わない@4. どちらとも言えない@5. ややそう思う@6. かなりそう思う@7. 完全にそう思う	ロボットはこの情報に興味を持っている	1. 全くそう思わない@2. あまりそう思わない@3. ややそう思わない@4. どちらとも言えない@5. ややそう思う@6. かなりそう思う@7. 完全にそう思う	ロボットはこの情報に同意している	1. 全くそう思わない@2. あまりそう思わない@3. ややそう思わない@4. どちらとも言えない@5. ややそう思う@6. かなりそう思う@7. 完全にそう思う	
1	0							以下のURLの動画を見て各質問に回答してください。##https://taiga-mori.github.io/questionaire/7u.html	動画が視聴できた	視聴できた@視聴できなかった	ロボットはこの情報をあらかじめ知っていた	知っていた@知らなかった	ロボットの反応は自然だった	1. 全くそう思わない@2. あまりそう思わない@3. ややそう思わない@4. どちらとも言えない@5. ややそう思う@6. かなりそう思う@7. 完全にそう思う	ロボットはこの情報に興味を持っている	1. 全くそう思わない@2. あまりそう思わない@3. ややそう思わない@4. どちらとも言えない@5. ややそう思う@6. かなりそう思う@7. 完全にそう思う	ロボットはこの情報に同意している	1. 全くそう思わない@2. あまりそう思わない@3. ややそう思わない@4. どちらとも言えない@5. ややそう思う@6. かなりそう思う@7. 完全にそう思う	
1	0							以下のURLの動画を見て各質問に回答してください。##https://taiga-mori.github.io/questionaire/10hee.html	動画が視聴できた	視聴できた@視聴できなかった	ロボットはこの情報をあらかじめ知っていた	知っていた@知らなかった	ロボットの反応は自然だった	1. 全くそう思わない@2. あまりそう思わない@3. ややそう思わない@4. どちらとも言えない@5. ややそう思う@6. かなりそう思う@7. 完全にそう思う	ロボットはこの情報に興味を持っている	1. 全くそう思わない@2. あまりそう思わない@3. ややそう思わない@4. どちらとも言えない@5. ややそう思う@6. かなりそう思う@7. 完全にそう思う	ロボットはこの情報に同意している	1. 全くそう思わない@2. あまりそう思わない@3. ややそう思わない@4. どちらとも言えない@5. ややそう思う@6. かなりそう思う@7. 完全にそう思う	
1	0							以下のURLの動画を見て各質問に回答してください。##https://taiga-mori.github.io/questionaire/9dhee.html	動画が視聴できた	視聴できた@視聴できなかった	ロボットはこの情報をあらかじめ知っていた	知っていた@知らなかった	ロボットの反応は自然だった	1. 全くそう思わない@2. あまりそう思わない@3. ややそう思わない@4. どちらとも言えない@5. ややそう思う@6. かなりそう思う@7. 完全にそう思う	ロボットはこの情報に興味を持っている	1. 全くそう思わない@2. あまりそう思わない@3. ややそう思わない@4. どちらとも言えない@5. ややそう思う@6. かなりそう思う@7. 完全にそう思う	ロボットはこの情報に同意している	1. 全くそう思わない@2. あまりそう思わない@3. ややそう思わない@4. どちらとも言えない@5. ややそう思う@6. かなりそう思う@7. 完全にそう思う	
1	0							以下のURLの動画を見て各質問に回答してください。##https://taiga-mori.github.io/questionaire/23usoodane.html	動画が視聴できた	視聴できた@視聴できなかった	ロボットはこの情報をあらかじめ知っていた	知っていた@知らなかった	ロボットの反応は自然だった	1. 全くそう思わない@2. あまりそう思わない@3. ややそう思わない@4. どちらとも言えない@5. ややそう思う@6. かなりそう思う@7. 完全にそう思う	ロボットはこの情報に興味を持っている	1. 全くそう思わない@2. あまりそう思わない@3. ややそう思わない@4. どちらとも言えない@5. ややそう思う@6. かなりそう思う@7. 完全にそう思う	ロボットはこの情報に同意している	1. 全くそう思わない@2. あまりそう思わない@3. ややそう思わない@4. どちらとも言えない@5. ややそう思う@6. かなりそう思う@7. 完全にそう思う	
1	0							以下のURLの動画を見て各質問に回答してください。##https://taiga-mori.github.io/questionaire/21dhuun.html	動画が視聴できた	視聴できた@視聴できなかった	ロボットはこの情報をあらかじめ知っていた	知っていた@知らなかった	ロボットの反応は自然だった	1. 全くそう思わない@2. あまりそう思わない@3. ややそう思わない@4. どちらとも言えない@5. ややそう思う@6. かなりそう思う@7. 完全にそう思う	ロボットはこの情報に興味を持っている	1. 全くそう思わない@2. あまりそう思わない@3. ややそう思わない@4. どちらとも言えない@5. ややそう思う@6. かなりそう思う@7. 完全にそう思う	ロボットはこの情報に同意している	1. 全くそう思わない@2. あまりそう思わない@3. ややそう思わない@4. どちらとも言えない@5. ややそう思う@6. かなりそう思う@7. 完全にそう思う	
1	0							以下のURLの動画を見て各質問に回答してください。##https://taiga-mori.github.io/questionaire/5usoosoo.html	動画が視聴できた	視聴できた@視聴できなかった	ロボットはこの情報をあらかじめ知っていた	知っていた@知らなかった	ロボットの反応は自然だった	1. 全くそう思わない@2. あまりそう思わない@3. ややそう思わない@4. どちらとも言えない@5. ややそう思う@6. かなりそう思う@7. 完全にそう思う	ロボットはこの情報に興味を持っている	1. 全くそう思わない@2. あまりそう思わない@3. ややそう思わない@4. どちらとも言えない@5. ややそう思う@6. かなりそう思う@7. 完全にそう思う	ロボットはこの情報に同意している	1. 全くそう思わない@2. あまりそう思わない@3. ややそう思わない@4. どちらとも言えない@5. ややそう思う@6. かなりそう思う@7. 完全にそう思う	
1	0							以下のURLの動画を見て各質問に回答してください。##https://taiga-mori.github.io/questionaire/19dsoosoo.html	動画が視聴できた	視聴できた@視聴できなかった	ロボットはこの情報をあらかじめ知っていた	知っていた@知らなかった	ロボットの反応は自然だった	1. 全くそう思わない@2. あまりそう思わない@3. ややそう思わない@4. どちらとも言えない@5. ややそう思う@6. かなりそう思う@7. 完全にそう思う	ロボットはこの情報に興味を持っている	1. 全くそう思わない@2. あまりそう思わない@3. ややそう思わない@4. どちらとも言えない@5. ややそう思う@6. かなりそう思う@7. 完全にそう思う	ロボットはこの情報に同意している	1. 全くそう思わない@2. あまりそう思わない@3. ややそう思わない@4. どちらとも言えない@5. ややそう思う@6. かなりそう思う@7. 完全にそう思う	
1	0							以下のURLの動画を見て各質問に回答してください。##https://taiga-mori.github.io/questionaire/17soosoo.html	動画が視聴できた	視聴できた@視聴できなかった	ロボットはこの情報をあらかじめ知っていた	知っていた@知らなかった	ロボットの反応は自然だった	1. 全くそう思わない@2. あまりそう思わない@3. ややそう思わない@4. どちらとも言えない@5. ややそう思う@6. かなりそう思う@7. 完全にそう思う	ロボットはこの情報に興味を持っている	1. 全くそう思わない@2. あまりそう思わない@3. ややそう思わない@4. どちらとも言えない@5. ややそう思う@6. かなりそう思う@7. 完全にそう思う	ロボットはこの情報に同意している	1. 全くそう思わない@2. あまりそう思わない@3. ややそう思わない@4. どちらとも言えない@5. ややそう思う@6. かなりそう思う@7. 完全にそう思う	
1	0							以下のURLの動画を見て各質問に回答してください。##https://taiga-mori.github.io/questionaire/8u.html	動画が視聴できた	視聴できた@視聴できなかった	ロボットはこの情報をあらかじめ知っていた	知っていた@知らなかった	ロボットの反応は自然だった	1. 全くそう思わない@2. あまりそう思わない@3. ややそう思わない@4. どちらとも言えない@5. ややそう思う@6. かなりそう思う@7. 完全にそう思う	ロボットはこの情報に興味を持っている	1. 全くそう思わない@2. あまりそう思わない@3. ややそう思わない@4. どちらとも言えない@5. ややそう思う@6. かなりそう思う@7. 完全にそう思う	ロボットはこの情報に同意している	1. 全くそう思わない@2. あまりそう思わない@3. ややそう思わない@4. どちらとも言えない@5. ややそう思う@6. かなりそう思う@7. 完全にそう思う	
1	0							以下のURLの動画を見て各質問に回答してください。##https://taiga-mori.github.io/questionaire/20uhuun.html	動画が視聴できた	視聴できた@視聴できなかった	ロボットはこの情報をあらかじめ知っていた	知っていた@知らなかった	ロボットの反応は自然だった	1. 全くそう思わない@2. あまりそう思わない@3. ややそう思わない@4. どちらとも言えない@5. ややそう思う@6. かなりそう思う@7. 完全にそう思う	ロボットはこの情報に興味を持っている	1. 全くそう思わない@2. あまりそう思わない@3. ややそう思わない@4. どちらとも言えない@5. ややそう思う@6. かなりそう思う@7. 完全にそう思う	ロボットはこの情報に同意している	1. 全くそう思わない@2. あまりそう思わない@3. ややそう思わない@4. どちらとも言えない@5. ややそう思う@6. かなりそう思う@7. 完全にそう思う	
1	0							以下のURLの動画を見て各質問に回答してください。##https://taiga-mori.github.io/questionaire/3huun.html	動画が視聴できた	視聴できた@視聴できなかった	ロボットはこの情報をあらかじめ知っていた	知っていた@知らなかった	ロボットの反応は自然だった	1. 全くそう思わない@2. あまりそう思わない@3. ややそう思わない@4. どちらとも言えない@5. ややそう思う@6. かなりそう思う@7. 完全にそう思う	ロボットはこの情報に興味を持っている	1. 全くそう思わない@2. あまりそう思わない@3. ややそう思わない@4. どちらとも言えない@5. ややそう思う@6. かなりそう思う@7. 完全にそう思う	ロボットはこの情報に同意している	1. 全くそう思わない@2. あまりそう思わない@3. ややそう思わない@4. どちらとも言えない@5. ややそう思う@6. かなりそう思う@7. 完全にそう思う	
1	0							以下のURLの動画を見て各質問に回答してください。##https://taiga-mori.github.io/questionaire/18d.html	動画が視聴できた	視聴できた@視聴できなかった	ロボットはこの情報をあらかじめ知っていた	知っていた@知らなかった	ロボットの反応は自然だった	1. 全くそう思わない@2. あまりそう思わない@3. ややそう思わない@4. どちらとも言えない@5. ややそう思う@6. かなりそう思う@7. 完全にそう思う	ロボットはこの情報に興味を持っている	1. 全くそう思わない@2. あまりそう思わない@3. ややそう思わない@4. どちらとも言えない@5. ややそう思う@6. かなりそう思う@7. 完全にそう思う	ロボットはこの情報に同意している	1. 全くそう思わない@2. あまりそう思わない@3. ややそう思わない@4. どちらとも言えない@5. ややそう思う@6. かなりそう思う@7. 完全にそう思う	
1	0							以下のURLの動画を見て各質問に回答してください。##https://taiga-mori.github.io/questionaire/6u.html	動画が視聴できた	視聴できた@視聴できなかった	ロボットはこの情報をあらかじめ知っていた	知っていた@知らなかった	ロボットの反応は自然だった	1. 全くそう思わない@2. あまりそう思わない@3. ややそう思わない@4. どちらとも言えない@5. ややそう思う@6. かなりそう思う@7. 完全にそう思う	ロボットはこの情報に興味を持っている	1. 全くそう思わない@2. あまりそう思わない@3. ややそう思わない@4. どちらとも言えない@5. ややそう思う@6. かなりそう思う@7. 完全にそう思う	ロボットはこの情報に同意している	1. 全くそう思わない@2. あまりそう思わない@3. ややそう思わない@4. どちらとも言えない@5. ややそう思う@6. かなりそう思う@7. 完全にそう思う	
1	0							以下のURLの動画を見て各質問に回答してください。##https://taiga-mori.github.io/questionaire/22d.html	動画が視聴できた	視聴できた@視聴できなかった	ロボットはこの情報をあらかじめ知っていた	知っていた@知らなかった	ロボットの反応は自然だった	1. 全くそう思わない@2. あまりそう思わない@3. ややそう思わない@4. どちらとも言えない@5. ややそう思う@6. かなりそう思う@7. 完全にそう思う	ロボットはこの情報に興味を持っている	1. 全くそう思わない@2. あまりそう思わない@3. ややそう思わない@4. どちらとも言えない@5. ややそう思う@6. かなりそう思う@7. 完全にそう思う	ロボットはこの情報に同意している	1. 全くそう思わない@2. あまりそう思わない@3. ややそう思わない@4. どちらとも言えない@5. ややそう思う@6. かなりそう思う@7. 完全にそう思う	
1	0							以下のURLの動画を見て各質問に回答してください。##https://taiga-mori.github.io/questionaire/12uaa.html	動画が視聴できた	視聴できた@視聴できなかった	ロボットはこの情報をあらかじめ知っていた	知っていた@知らなかった	ロボットの反応は自然だった	1. 全くそう思わない@2. あまりそう思わない@3. ややそう思わない@4. どちらとも言えない@5. ややそう思う@6. かなりそう思う@7. 完全にそう思う	ロボットはこの情報に興味を持っている	1. 全くそう思わない@2. あまりそう思わない@3. ややそう思わない@4. どちらとも言えない@5. ややそう思う@6. かなりそう思う@7. 完全にそう思う	ロボットはこの情報に同意している	1. 全くそう思わない@2. あまりそう思わない@3. ややそう思わない@4. どちらとも言えない@5. ややそう思う@6. かなりそう思う@7. 完全にそう思う	
1	0							以下のURLの動画を見て各質問に回答してください。##https://taiga-mori.github.io/questionaire/1daa.html	動画が視聴できた	視聴できた@視聴できなかった	ロボットはこの情報をあらかじめ知っていた	知っていた@知らなかった	ロボットの反応は自然だった	1. 全くそう思わない@2. あまりそう思わない@3. ややそう思わない@4. どちらとも言えない@5. ややそう思う@6. かなりそう思う@7. 完全にそう思う	ロボットはこの情報に興味を持っている	1. 全くそう思わない@2. あまりそう思わない@3. ややそう思わない@4. どちらとも言えない@5. ややそう思う@6. かなりそう思う@7. 完全にそう思う	ロボットはこの情報に同意している	1. 全くそう思わない@2. あまりそう思わない@3. ややそう思わない@4. どちらとも言えない@5. ややそう思う@6. かなりそう思う@7. 完全にそう思う	
1	0							以下のURLの動画を見て各質問に回答してください。##https://taiga-mori.github.io/questionaire/11aa.html	動画が視聴できた	視聴できた@視聴できなかった	ロボットはこの情報をあらかじめ知っていた	知っていた@知らなかった	ロボットの反応は自然だった	1. 全くそう思わない@2. あまりそう思わない@3. ややそう思わない@4. どちらとも言えない@5. ややそう思う@6. かなりそう思う@7. 完全にそう思う	ロボットはこの情報に興味を持っている	1. 全くそう思わない@2. あまりそう思わない@3. ややそう思わない@4. どちらとも言えない@5. ややそう思う@6. かなりそう思う@7. 完全にそう思う	ロボットはこの情報に同意している	1. 全くそう思わない@2. あまりそう思わない@3. ややそう思わない@4. どちらとも言えない@5. ややそう思う@6. かなりそう思う@7. 完全にそう思う	
1	0							以下のURLの動画を見て各質問に回答してください。##https://taiga-mori.github.io/questionaire/4uunun.html	動画が視聴できた	視聴できた@視聴できなかった	ロボットはこの情報をあらかじめ知っていた	知っていた@知らなかった	ロボットの反応は自然だった	1. 全くそう思わない@2. あまりそう思わない@3. ややそう思わない@4. どちらとも言えない@5. ややそう思う@6. かなりそう思う@7. 完全にそう思う	ロボットはこの情報に興味を持っている	1. 全くそう思わない@2. あまりそう思わない@3. ややそう思わない@4. どちらとも言えない@5. ややそう思う@6. かなりそう思う@7. 完全にそう思う	ロボットはこの情報に同意している	1. 全くそう思わない@2. あまりそう思わない@3. ややそう思わない@4. どちらとも言えない@5. ややそう思う@6. かなりそう思う@7. 完全にそう思う	
1	0							以下のURLの動画を見て各質問に回答してください。##https://taiga-mori.github.io/questionaire/2dunun.html	動画が視聴できた	視聴できた@視聴できなかった	ロボットはこの情報をあらかじめ知っていた	知っていた@知らなかった	ロボットの反応は自然だった	1. 全くそう思わない@2. あまりそう思わない@3. ややそう思わない@4. どちらとも言えない@5. ややそう思う@6. かなりそう思う@7. 完全にそう思う	ロボットはこの情報に興味を持っている	1. 全くそう思わない@2. あまりそう思わない@3. ややそう思わない@4. どちらとも言えない@5. ややそう思う@6. かなりそう思う@7. 完全にそう思う	ロボットはこの情報に同意している	1. 全くそう思わない@2. あまりそう思わない@3. ややそう思わない@4. どちらとも言えない@5. ややそう思う@6. かなりそう思う@7. 完全にそう思う	
1	0							以下のURLの動画を見て各質問に回答してください。##https://taiga-mori.github.io/questionaire/16unun.html	動画が視聴できた	視聴できた@視聴できなかった	ロボットはこの情報をあらかじめ知っていた	知っていた@知らなかった	ロボットの反応は自然だった	1. 全くそう思わない@2. あまりそう思わない@3. ややそう思わない@4. どちらとも言えない@5. ややそう思う@6. かなりそう思う@7. 完全にそう思う	ロボットはこの情報に興味を持っている	1. 全くそう思わない@2. あまりそう思わない@3. ややそう思わない@4. どちらとも言えない@5. ややそう思う@6. かなりそう思う@7. 完全にそう思う	ロボットはこの情報に同意している	1. 全くそう思わない@2. あまりそう思わない@3. ややそう思わない@4. どちらとも言えない@5. ややそう思う@6. かなりそう思う@7. 完全にそう思う	
1	0							あなたの年齢と性別を教えてください。	性別	男性@女性@その他@回答したくない	年齢	10代以下@20代@30代@40代@50代@60代@70代以上	質問はありません。「はい」を選択してください。	はい	質問はありません。「はい」を選択してください。	はい	質問はありません。「はい」を選択してください。	はい	
1	0							以下のURLの動画を見て各質問に回答してください。##https://taiga-mori.github.io/questionaire/11d.html	動画が視聴できた	視聴できた@視聴できなかった	ロボットはこの情報をあらかじめ知っていた	知っていた@知らなかった	ロボットの反応は自然だった	1. 全くそう思わない@2. あまりそう思わない@3. ややそう思わない@4. どちらとも言えない@5. ややそう思う@6. かなりそう思う@7. 完全にそう思う	ロボットはこの情報に興味を持っている	1. 全くそう思わない@2. あまりそう思わない@3. ややそう思わない@4. どちらとも言えない@5. ややそう思う@6. かなりそう思う@7. 完全にそう思う	ロボットはこの情報に同意している	1. 全くそう思わない@2. あまりそう思わない@3. ややそう思わない@4. どちらとも言えない@5. ややそう思う@6. かなりそう思う@7. 完全にそう思う	
1	0							以下のURLの動画を見て各質問に回答してください。##https://taiga-mori.github.io/questionaire/8u.html	動画が視聴できた	視聴できた@視聴できなかった	ロボットはこの情報をあらかじめ知っていた	知っていた@知らなかった	ロボットの反応は自然だった	1. 全くそう思わない@2. あまりそう思わない@3. ややそう思わない@4. どちらとも言えない@5. ややそう思う@6. かなりそう思う@7. 完全にそう思う	ロボットはこの情報に興味を持っている	1. 全くそう思わない@2. あまりそう思わない@3. ややそう思わない@4. どちらとも言えない@5. ややそう思う@6. かなりそう思う@7. 完全にそう思う	ロボットはこの情報に同意している	1. 全くそう思わない@2. あまりそう思わない@3. ややそう思わない@4. どちらとも言えない@5. ややそう思う@6. かなりそう思う@7. 完全にそう思う	
1	0							以下のURLの動画を見て各質問に回答してください。##https://taiga-mori.github.io/questionaire/18unun.html	動画が視聴できた	視聴できた@視聴できなかった	ロボットはこの情報をあらかじめ知っていた	知っていた@知らなかった	ロボットの反応は自然だった	1. 全くそう思わない@2. あまりそう思わない@3. ややそう思わない@4. どちらとも言えない@5. ややそう思う@6. かなりそう思う@7. 完全にそう思う	ロボットはこの情報に興味を持っている	1. 全くそう思わない@2. あまりそう思わない@3. ややそう思わない@4. どちらとも言えない@5. ややそう思う@6. かなりそう思う@7. 完全にそう思う	ロボットはこの情報に同意している	1. 全くそう思わない@2. あまりそう思わない@3. ややそう思わない@4. どちらとも言えない@5. ややそう思う@6. かなりそう思う@7. 完全にそう思う	
1	0							以下のURLの動画を見て各質問に回答してください。##https://taiga-mori.github.io/questionaire/14uunun.html	動画が視聴できた	視聴できた@視聴できなかった	ロボットはこの情報をあらかじめ知っていた	知っていた@知らなかった	ロボットの反応は自然だった	1. 全くそう思わない@2. あまりそう思わない@3. ややそう思わない@4. どちらとも言えない@5. ややそう思う@6. かなりそう思う@7. 完全にそう思う	ロボットはこの情報に興味を持っている	1. 全くそう思わない@2. あまりそう思わない@3. ややそう思わない@4. どちらとも言えない@5. ややそう思う@6. かなりそう思う@7. 完全にそう思う	ロボットはこの情報に同意している	1. 全くそう思わない@2. あまりそう思わない@3. ややそう思わない@4. どちらとも言えない@5. ややそう思う@6. かなりそう思う@7. 完全にそう思う	
1	0							以下のURLの動画を見て各質問に回答してください。##https://taiga-mori.github.io/questionaire/23uaa.html	動画が視聴できた	視聴できた@視聴できなかった	ロボットはこの情報をあらかじめ知っていた	知っていた@知らなかった	ロボットの反応は自然だった	1. 全くそう思わない@2. あまりそう思わない@3. ややそう思わない@4. どちらとも言えない@5. ややそう思う@6. かなりそう思う@7. 完全にそう思う	ロボットはこの情報に興味を持っている	1. 全くそう思わない@2. あまりそう思わない@3. ややそう思わない@4. どちらとも言えない@5. ややそう思う@6. かなりそう思う@7. 完全にそう思う	ロボットはこの情報に同意している	1. 全くそう思わない@2. あまりそう思わない@3. ややそう思わない@4. どちらとも言えない@5. ややそう思う@6. かなりそう思う@7. 完全にそう思う	
1	0							以下のURLの動画を見て各質問に回答してください。##https://taiga-mori.github.io/questionaire/20dunun.html	動画が視聴できた	視聴できた@視聴できなかった	ロボットはこの情報をあらかじめ知っていた	知っていた@知らなかった	ロボットの反応は自然だった	1. 全くそう思わない@2. あまりそう思わない@3. ややそう思わない@4. どちらとも言えない@5. ややそう思う@6. かなりそう思う@7. 完全にそう思う	ロボットはこの情報に興味を持っている	1. 全くそう思わない@2. あまりそう思わない@3. ややそう思わない@4. どちらとも言えない@5. ややそう思う@6. かなりそう思う@7. 完全にそう思う	ロボットはこの情報に同意している	1. 全くそう思わない@2. あまりそう思わない@3. ややそう思わない@4. どちらとも言えない@5. ややそう思う@6. かなりそう思う@7. 完全にそう思う	
1	0							以下のURLの動画を見て各質問に回答してください。##https://taiga-mori.github.io/questionaire/7daa.html	動画が視聴できた	視聴できた@視聴できなかった	ロボットはこの情報をあらかじめ知っていた	知っていた@知らなかった	ロボットの反応は自然だった	1. 全くそう思わない@2. あまりそう思わない@3. ややそう思わない@4. どちらとも言えない@5. ややそう思う@6. かなりそう思う@7. 完全にそう思う	ロボットはこの情報に興味を持っている	1. 全くそう思わない@2. あまりそう思わない@3. ややそう思わない@4. どちらとも言えない@5. ややそう思う@6. かなりそう思う@7. 完全にそう思う	ロボットはこの情報に同意している	1. 全くそう思わない@2. あまりそう思わない@3. ややそう思わない@4. どちらとも言えない@5. ややそう思う@6. かなりそう思う@7. 完全にそう思う	
1	0							以下のURLの動画を見て各質問に回答してください。##https://taiga-mori.github.io/questionaire/19aa.html	動画が視聴できた	視聴できた@視聴できなかった	ロボットはこの情報をあらかじめ知っていた	知っていた@知らなかった	ロボットの反応は自然だった	1. 全くそう思わない@2. あまりそう思わない@3. ややそう思わない@4. どちらとも言えない@5. ややそう思う@6. かなりそう思う@7. 完全にそう思う	ロボットはこの情報に興味を持っている	1. 全くそう思わない@2. あまりそう思わない@3. ややそう思わない@4. どちらとも言えない@5. ややそう思う@6. かなりそう思う@7. 完全にそう思う	ロボットはこの情報に同意している	1. 全くそう思わない@2. あまりそう思わない@3. ややそう思わない@4. どちらとも言えない@5. ややそう思う@6. かなりそう思う@7. 完全にそう思う	
1	0							以下のURLの動画を見て各質問に回答してください。##https://taiga-mori.github.io/questionaire/9uhuun.html	動画が視聴できた	視聴できた@視聴できなかった	ロボットはこの情報をあらかじめ知っていた	知っていた@知らなかった	ロボットの反応は自然だった	1. 全くそう思わない@2. あまりそう思わない@3. ややそう思わない@4. どちらとも言えない@5. ややそう思う@6. かなりそう思う@7. 完全にそう思う	ロボットはこの情報に興味を持っている	1. 全くそう思わない@2. あまりそう思わない@3. ややそう思わない@4. どちらとも言えない@5. ややそう思う@6. かなりそう思う@7. 完全にそう思う	ロボットはこの情報に同意している	1. 全くそう思わない@2. あまりそう思わない@3. ややそう思わない@4. どちらとも言えない@5. ややそう思う@6. かなりそう思う@7. 完全にそう思う	
1	0							以下のURLの動画を見て各質問に回答してください。##https://taiga-mori.github.io/questionaire/6dsoodane.html	動画が視聴できた	視聴できた@視聴できなかった	ロボットはこの情報をあらかじめ知っていた	知っていた@知らなかった	ロボットの反応は自然だった	1. 全くそう思わない@2. あまりそう思わない@3. ややそう思わない@4. どちらとも言えない@5. ややそう思う@6. かなりそう思う@7. 完全にそう思う	ロボットはこの情報に興味を持っている	1. 全くそう思わない@2. あまりそう思わない@3. ややそう思わない@4. どちらとも言えない@5. ややそう思う@6. かなりそう思う@7. 完全にそう思う	ロボットはこの情報に同意している	1. 全くそう思わない@2. あまりそう思わない@3. ややそう思わない@4. どちらとも言えない@5. ややそう思う@6. かなりそう思う@7. 完全にそう思う	
1	0							以下のURLの動画を見て各質問に回答してください。##https://taiga-mori.github.io/questionaire/13dhuun.html	動画が視聴できた	視聴できた@視聴できなかった	ロボットはこの情報をあらかじめ知っていた	知っていた@知らなかった	ロボットの反応は自然だった	1. 全くそう思わない@2. あまりそう思わない@3. ややそう思わない@4. どちらとも言えない@5. ややそう思う@6. かなりそう思う@7. 完全にそう思う	ロボットはこの情報に興味を持っている	1. 全くそう思わない@2. あまりそう思わない@3. ややそう思わない@4. どちらとも言えない@5. ややそう思う@6. かなりそう思う@7. 完全にそう思う	ロボットはこの情報に同意している	1. 全くそう思わない@2. あまりそう思わない@3. ややそう思わない@4. どちらとも言えない@5. ややそう思う@6. かなりそう思う@7. 完全にそう思う	
1	0							以下のURLの動画を見て各質問に回答してください。##https://taiga-mori.github.io/questionaire/24u.html	動画が視聴できた	視聴できた@視聴できなかった	ロボットはこの情報をあらかじめ知っていた	知っていた@知らなかった	ロボットの反応は自然だった	1. 全くそう思わない@2. あまりそう思わない@3. ややそう思わない@4. どちらとも言えない@5. ややそう思う@6. かなりそう思う@7. 完全にそう思う	ロボットはこの情報に興味を持っている	1. 全くそう思わない@2. あまりそう思わない@3. ややそう思わない@4. どちらとも言えない@5. ややそう思う@6. かなりそう思う@7. 完全にそう思う	ロボットはこの情報に同意している	1. 全くそう思わない@2. あまりそう思わない@3. ややそう思わない@4. どちらとも言えない@5. ややそう思う@6. かなりそう思う@7. 完全にそう思う	
1	0							以下のURLの動画を見て各質問に回答してください。##https://taiga-mori.github.io/questionaire/21soodane.html	動画が視聴できた	視聴できた@視聴できなかった	ロボットはこの情報をあらかじめ知っていた	知っていた@知らなかった	ロボットの反応は自然だった	1. 全くそう思わない@2. あまりそう思わない@3. ややそう思わない@4. どちらとも言えない@5. ややそう思う@6. かなりそう思う@7. 完全にそう思う	ロボットはこの情報に興味を持っている	1. 全くそう思わない@2. あまりそう思わない@3. ややそう思わない@4. どちらとも言えない@5. ややそう思う@6. かなりそう思う@7. 完全にそう思う	ロボットはこの情報に同意している	1. 全くそう思わない@2. あまりそう思わない@3. ややそう思わない@4. どちらとも言えない@5. ややそう思う@6. かなりそう思う@7. 完全にそう思う	
1	0							以下のURLの動画を見て各質問に回答してください。##https://taiga-mori.github.io/questionaire/10d.html	動画が視聴できた	視聴できた@視聴できなかった	ロボットはこの情報をあらかじめ知っていた	知っていた@知らなかった	ロボットの反応は自然だった	1. 全くそう思わない@2. あまりそう思わない@3. ややそう思わない@4. どちらとも言えない@5. ややそう思う@6. かなりそう思う@7. 完全にそう思う	ロボットはこの情報に興味を持っている	1. 全くそう思わない@2. あまりそう思わない@3. ややそう思わない@4. どちらとも言えない@5. ややそう思う@6. かなりそう思う@7. 完全にそう思う	ロボットはこの情報に同意している	1. 全くそう思わない@2. あまりそう思わない@3. ややそう思わない@4. どちらとも言えない@5. ややそう思う@6. かなりそう思う@7. 完全にそう思う	
1	0							以下のURLの動画を見て各質問に回答してください。##https://taiga-mori.github.io/questionaire/5huun.html	動画が視聴できた	視聴できた@視聴できなかった	ロボットはこの情報をあらかじめ知っていた	知っていた@知らなかった	ロボットの反応は自然だった	1. 全くそう思わない@2. あまりそう思わない@3. ややそう思わない@4. どちらとも言えない@5. ややそう思う@6. かなりそう思う@7. 完全にそう思う	ロボットはこの情報に興味を持っている	1. 全くそう思わない@2. あまりそう思わない@3. ややそう思わない@4. どちらとも言えない@5. ややそう思う@6. かなりそう思う@7. 完全にそう思う	ロボットはこの情報に同意している	1. 全くそう思わない@2. あまりそう思わない@3. ややそう思わない@4. どちらとも言えない@5. ややそう思う@6. かなりそう思う@7. 完全にそう思う	
1	0							以下のURLの動画を見て各質問に回答してください。##https://taiga-mori.github.io/questionaire/17usoodane.html	動画が視聴できた	視聴できた@視聴できなかった	ロボットはこの情報をあらかじめ知っていた	知っていた@知らなかった	ロボットの反応は自然だった	1. 全くそう思わない@2. あまりそう思わない@3. ややそう思わない@4. どちらとも言えない@5. ややそう思う@6. かなりそう思う@7. 完全にそう思う	ロボットはこの情報に興味を持っている	1. 全くそう思わない@2. あまりそう思わない@3. ややそう思わない@4. どちらとも言えない@5. ややそう思う@6. かなりそう思う@7. 完全にそう思う	ロボットはこの情報に同意している	1. 全くそう思わない@2. あまりそう思わない@3. ややそう思わない@4. どちらとも言えない@5. ややそう思う@6. かなりそう思う@7. 完全にそう思う	
1	0							以下のURLの動画を見て各質問に回答してください。##https://taiga-mori.github.io/questionaire/12uhee.html	動画が視聴できた	視聴できた@視聴できなかった	ロボットはこの情報をあらかじめ知っていた	知っていた@知らなかった	ロボットの反応は自然だった	1. 全くそう思わない@2. あまりそう思わない@3. ややそう思わない@4. どちらとも言えない@5. ややそう思う@6. かなりそう思う@7. 完全にそう思う	ロボットはこの情報に興味を持っている	1. 全くそう思わない@2. あまりそう思わない@3. ややそう思わない@4. どちらとも言えない@5. ややそう思う@6. かなりそう思う@7. 完全にそう思う	ロボットはこの情報に同意している	1. 全くそう思わない@2. あまりそう思わない@3. ややそう思わない@4. どちらとも言えない@5. ややそう思う@6. かなりそう思う@7. 完全にそう思う	
1	0							以下のURLの動画を見て各質問に回答してください。##https://taiga-mori.github.io/questionaire/4usoosoo.html	動画が視聴できた	視聴できた@視聴できなかった	ロボットはこの情報をあらかじめ知っていた	知っていた@知らなかった	ロボットの反応は自然だった	1. 全くそう思わない@2. あまりそう思わない@3. ややそう思わない@4. どちらとも言えない@5. ややそう思う@6. かなりそう思う@7. 完全にそう思う	ロボットはこの情報に興味を持っている	1. 全くそう思わない@2. あまりそう思わない@3. ややそう思わない@4. どちらとも言えない@5. ややそう思う@6. かなりそう思う@7. 完全にそう思う	ロボットはこの情報に同意している	1. 全くそう思わない@2. あまりそう思わない@3. ややそう思わない@4. どちらとも言えない@5. ややそう思う@6. かなりそう思う@7. 完全にそう思う	
1	0							以下のURLの動画を見て各質問に回答してください。##https://taiga-mori.github.io/questionaire/1d.html	動画が視聴できた	視聴できた@視聴できなかった	ロボットはこの情報をあらかじめ知っていた	知っていた@知らなかった	ロボットの反応は自然だった	1. 全くそう思わない@2. あまりそう思わない@3. ややそう思わない@4. どちらとも言えない@5. ややそう思う@6. かなりそう思う@7. 完全にそう思う	ロボットはこの情報に興味を持っている	1. 全くそう思わない@2. あまりそう思わない@3. ややそう思わない@4. どちらとも言えない@5. ややそう思う@6. かなりそう思う@7. 完全にそう思う	ロボットはこの情報に同意している	1. 全くそう思わない@2. あまりそう思わない@3. ややそう思わない@4. どちらとも言えない@5. ややそう思う@6. かなりそう思う@7. 完全にそう思う	
1	0							以下のURLの動画を見て各質問に回答してください。##https://taiga-mori.github.io/questionaire/3soosoo.html	動画が視聴できた	視聴できた@視聴できなかった	ロボットはこの情報をあらかじめ知っていた	知っていた@知らなかった	ロボットの反応は自然だった	1. 全くそう思わない@2. あまりそう思わない@3. ややそう思わない@4. どちらとも言えない@5. ややそう思う@6. かなりそう思う@7. 完全にそう思う	ロボットはこの情報に興味を持っている	1. 全くそう思わない@2. あまりそう思わない@3. ややそう思わない@4. どちらとも言えない@5. ややそう思う@6. かなりそう思う@7. 完全にそう思う	ロボットはこの情報に同意している	1. 全くそう思わない@2. あまりそう思わない@3. ややそう思わない@4. どちらとも言えない@5. ややそう思う@6. かなりそう思う@7. 完全にそう思う	
1	0							以下のURLの動画を見て各質問に回答してください。##https://taiga-mori.github.io/questionaire/2hee.html	動画が視聴できた	視聴できた@視聴できなかった	ロボットはこの情報をあらかじめ知っていた	知っていた@知らなかった	ロボットの反応は自然だった	1. 全くそう思わない@2. あまりそう思わない@3. ややそう思わない@4. どちらとも言えない@5. ややそう思う@6. かなりそう思う@7. 完全にそう思う	ロボットはこの情報に興味を持っている	1. 全くそう思わない@2. あまりそう思わない@3. ややそう思わない@4. どちらとも言えない@5. ややそう思う@6. かなりそう思う@7. 完全にそう思う	ロボットはこの情報に同意している	1. 全くそう思わない@2. あまりそう思わない@3. ややそう思わない@4. どちらとも言えない@5. ややそう思う@6. かなりそう思う@7. 完全にそう思う	
1	0							以下のURLの動画を見て各質問に回答してください。##https://taiga-mori.github.io/questionaire/16dhee.html	動画が視聴できた	視聴できた@視聴できなかった	ロボットはこの情報をあらかじめ知っていた	知っていた@知らなかった	ロボットの反応は自然だった	1. 全くそう思わない@2. あまりそう思わない@3. ややそう思わない@4. どちらとも言えない@5. ややそう思う@6. かなりそう思う@7. 完全にそう思う	ロボットはこの情報に興味を持っている	1. 全くそう思わない@2. あまりそう思わない@3. ややそう思わない@4. どちらとも言えない@5. ややそう思う@6. かなりそう思う@7. 完全にそう思う	ロボットはこの情報に同意している	1. 全くそう思わない@2. あまりそう思わない@3. ややそう思わない@4. どちらとも言えない@5. ややそう思う@6. かなりそう思う@7. 完全にそう思う	
1	0							以下のURLの動画を見て各質問に回答してください。##https://taiga-mori.github.io/questionaire/15u.html	動画が視聴できた	視聴できた@視聴できなかった	ロボットはこの情報をあらかじめ知っていた	知っていた@知らなかった	ロボットの反応は自然だった	1. 全くそう思わない@2. あまりそう思わない@3. ややそう思わない@4. どちらとも言えない@5. ややそう思う@6. かなりそう思う@7. 完全にそう思う	ロボットはこの情報に興味を持っている	1. 全くそう思わない@2. あまりそう思わない@3. ややそう思わない@4. どちらとも言えない@5. ややそう思う@6. かなりそう思う@7. 完全にそう思う	ロボットはこの情報に同意している	1. 全くそう思わない@2. あまりそう思わない@3. ややそう思わない@4. どちらとも言えない@5. ややそう思う@6. かなりそう思う@7. 完全にそう思う	
1	0							以下のURLの動画を見て各質問に回答してください。##https://taiga-mori.github.io/questionaire/22dsoosoo.html	動画が視聴できた	視聴できた@視聴できなかった	ロボットはこの情報をあらかじめ知っていた	知っていた@知らなかった	ロボットの反応は自然だった	1. 全くそう思わない@2. あまりそう思わない@3. ややそう思わない@4. どちらとも言えない@5. ややそう思う@6. かなりそう思う@7. 完全にそう思う	ロボットはこの情報に興味を持っている	1. 全くそう思わない@2. あまりそう思わない@3. ややそう思わない@4. どちらとも言えない@5. ややそう思う@6. かなりそう思う@7. 完全にそう思う	ロボットはこの情報に同意している	1. 全くそう思わない@2. あまりそう思わない@3. ややそう思わない@4. どちらとも言えない@5. ややそう思う@6. かなりそう思う@7. 完全にそう思う	
1	0							あなたの年齢と性別を教えてください。	性別	男性@女性@その他@回答したくない	年齢	10代以下@20代@30代@40代@50代@60代@70代以上	質問はありません。「はい」を選択してください。	はい	質問はありません。「はい」を選択してください。	はい	質問はありません。「はい」を選択してください。	はい	
1	0							以下のURLの動画を見て各質問に回答してください。##https://taiga-mori.github.io/questionaire/9u.html	動画が視聴できた	視聴できた@視聴できなかった	ロボットはこの情報をあらかじめ知っていた	知っていた@知らなかった	ロボットの反応は自然だった	1. 全くそう思わない@2. あまりそう思わない@3. ややそう思わない@4. どちらとも言えない@5. ややそう思う@6. かなりそう思う@7. 完全にそう思う	ロボットはこの情報に興味を持っている	1. 全くそう思わない@2. あまりそう思わない@3. ややそう思わない@4. どちらとも言えない@5. ややそう思う@6. かなりそう思う@7. 完全にそう思う	ロボットはこの情報に同意している	1. 全くそう思わない@2. あまりそう思わない@3. ややそう思わない@4. どちらとも言えない@5. ややそう思う@6. かなりそう思う@7. 完全にそう思う	
1	0							以下のURLの動画を見て各質問に回答してください。##https://taiga-mori.github.io/questionaire/15usoodane.html	動画が視聴できた	視聴できた@視聴できなかった	ロボットはこの情報をあらかじめ知っていた	知っていた@知らなかった	ロボットの反応は自然だった	1. 全くそう思わない@2. あまりそう思わない@3. ややそう思わない@4. どちらとも言えない@5. ややそう思う@6. かなりそう思う@7. 完全にそう思う	ロボットはこの情報に興味を持っている	1. 全くそう思わない@2. あまりそう思わない@3. ややそう思わない@4. どちらとも言えない@5. ややそう思う@6. かなりそう思う@7. 完全にそう思う	ロボットはこの情報に同意している	1. 全くそう思わない@2. あまりそう思わない@3. ややそう思わない@4. どちらとも言えない@5. ややそう思う@6. かなりそう思う@7. 完全にそう思う	
1	0							以下のURLの動画を見て各質問に回答してください。##https://taiga-mori.github.io/questionaire/10soodane.html	動画が視聴できた	視聴できた@視聴できなかった	ロボットはこの情報をあらかじめ知っていた	知っていた@知らなかった	ロボットの反応は自然だった	1. 全くそう思わない@2. あまりそう思わない@3. ややそう思わない@4. どちらとも言えない@5. ややそう思う@6. かなりそう思う@7. 完全にそう思う	ロボットはこの情報に興味を持っている	1. 全くそう思わない@2. あまりそう思わない@3. ややそう思わない@4. どちらとも言えない@5. ややそう思う@6. かなりそう思う@7. 完全にそう思う	ロボットはこの情報に同意している	1. 全くそう思わない@2. あまりそう思わない@3. ややそう思わない@4. どちらとも言えない@5. ややそう思う@6. かなりそう思う@7. 完全にそう思う	
1	0							以下のURLの動画を見て各質問に回答してください。##https://taiga-mori.github.io/questionaire/18aa.html	動画が視聴できた	視聴できた@視聴できなかった	ロボットはこの情報をあらかじめ知っていた	知っていた@知らなかった	ロボットの反応は自然だった	1. 全くそう思わない@2. あまりそう思わない@3. ややそう思わない@4. どちらとも言えない@5. ややそう思う@6. かなりそう思う@7. 完全にそう思う	ロボットはこの情報に興味を持っている	1. 全くそう思わない@2. あまりそう思わない@3. ややそう思わない@4. どちらとも言えない@5. ややそう思う@6. かなりそう思う@7. 完全にそう思う	ロボットはこの情報に同意している	1. 全くそう思わない@2. あまりそう思わない@3. ややそう思わない@4. どちらとも言えない@5. ややそう思う@6. かなりそう思う@7. 完全にそう思う	
1	0							以下のURLの動画を見て各質問に回答してください。##https://taiga-mori.github.io/questionaire/11d.html	動画が視聴できた	視聴できた@視聴できなかった	ロボットはこの情報をあらかじめ知っていた	知っていた@知らなかった	ロボットの反応は自然だった	1. 全くそう思わない@2. あまりそう思わない@3. ややそう思わない@4. どちらとも言えない@5. ややそう思う@6. かなりそう思う@7. 完全にそう思う	ロボットはこの情報に興味を持っている	1. 全くそう思わない@2. あまりそう思わない@3. ややそう思わない@4. どちらとも言えない@5. ややそう思う@6. かなりそう思う@7. 完全にそう思う	ロボットはこの情報に同意している	1. 全くそう思わない@2. あまりそう思わない@3. ややそう思わない@4. どちらとも言えない@5. ややそう思う@6. かなりそう思う@7. 完全にそう思う	
1	0							以下のURLの動画を見て各質問に回答してください。##https://taiga-mori.github.io/questionaire/21uaa.html	動画が視聴できた	視聴できた@視聴できなかった	ロボットはこの情報をあらかじめ知っていた	知っていた@知らなかった	ロボットの反応は自然だった	1. 全くそう思わない@2. あまりそう思わない@3. ややそう思わない@4. どちらとも言えない@5. ややそう思う@6. かなりそう思う@7. 完全にそう思う	ロボットはこの情報に興味を持っている	1. 全くそう思わない@2. あまりそう思わない@3. ややそう思わない@4. どちらとも言えない@5. ややそう思う@6. かなりそう思う@7. 完全にそう思う	ロボットはこの情報に同意している	1. 全くそう思わない@2. あまりそう思わない@3. ややそう思わない@4. どちらとも言えない@5. ややそう思う@6. かなりそう思う@7. 完全にそう思う	
1	0							以下のURLの動画を見て各質問に回答してください。##https://taiga-mori.github.io/questionaire/2dsoodane.html	動画が視聴できた	視聴できた@視聴できなかった	ロボットはこの情報をあらかじめ知っていた	知っていた@知らなかった	ロボットの反応は自然だった	1. 全くそう思わない@2. あまりそう思わない@3. ややそう思わない@4. どちらとも言えない@5. ややそう思う@6. かなりそう思う@7. 完全にそう思う	ロボットはこの情報に興味を持っている	1. 全くそう思わない@2. あまりそう思わない@3. ややそう思わない@4. どちらとも言えない@5. ややそう思う@6. かなりそう思う@7. 完全にそう思う	ロボットはこの情報に同意している	1. 全くそう思わない@2. あまりそう思わない@3. ややそう思わない@4. どちらとも言えない@5. ややそう思う@6. かなりそう思う@7. 完全にそう思う	
1	0							以下のURLの動画を見て各質問に回答してください。##https://taiga-mori.github.io/questionaire/5daa.html	動画が視聴できた	視聴できた@視聴できなかった	ロボットはこの情報をあらかじめ知っていた	知っていた@知らなかった	ロボットの反応は自然だった	1. 全くそう思わない@2. あまりそう思わない@3. ややそう思わない@4. どちらとも言えない@5. ややそう思う@6. かなりそう思う@7. 完全にそう思う	ロボットはこの情報に興味を持っている	1. 全くそう思わない@2. あまりそう思わない@3. ややそう思わない@4. どちらとも言えない@5. ややそう思う@6. かなりそう思う@7. 完全にそう思う	ロボットはこの情報に同意している	1. 全くそう思わない@2. あまりそう思わない@3. ややそう思わない@4. どちらとも言えない@5. ややそう思う@6. かなりそう思う@7. 完全にそう思う	
1	0							以下のURLの動画を見て各質問に回答してください。##https://taiga-mori.github.io/questionaire/17uhuun.html	動画が視聴できた	視聴できた@視聴できなかった	ロボットはこの情報をあらかじめ知っていた	知っていた@知らなかった	ロボットの反応は自然だった	1. 全くそう思わない@2. あまりそう思わない@3. ややそう思わない@4. どちらとも言えない@5. ややそう思う@6. かなりそう思う@7. 完全にそう思う	ロボットはこの情報に興味を持っている	1. 全くそう思わない@2. あまりそう思わない@3. ややそう思わない@4. どちらとも言えない@5. ややそう思う@6. かなりそう思う@7. 完全にそう思う	ロボットはこの情報に同意している	1. 全くそう思わない@2. あまりそう思わない@3. ややそう思わない@4. どちらとも言えない@5. ややそう思う@6. かなりそう思う@7. 完全にそう思う	
1	0							以下のURLの動画を見て各質問に回答してください。##https://taiga-mori.github.io/questionaire/4huun.html	動画が視聴できた	視聴できた@視聴できなかった	ロボットはこの情報をあらかじめ知っていた	知っていた@知らなかった	ロボットの反応は自然だった	1. 全くそう思わない@2. あまりそう思わない@3. ややそう思わない@4. どちらとも言えない@5. ややそう思う@6. かなりそう思う@7. 完全にそう思う	ロボットはこの情報に興味を持っている	1. 全くそう思わない@2. あまりそう思わない@3. ややそう思わない@4. どちらとも言えない@5. ややそう思う@6. かなりそう思う@7. 完全にそう思う	ロボットはこの情報に同意している	1. 全くそう思わない@2. あまりそう思わない@3. ややそう思わない@4. どちらとも言えない@5. ややそう思う@6. かなりそう思う@7. 完全にそう思う	
1	0							以下のURLの動画を見て各質問に回答してください。##https://taiga-mori.github.io/questionaire/22dsoosoo.html	動画が視聴できた	視聴できた@視聴できなかった	ロボットはこの情報をあらかじめ知っていた	知っていた@知らなかった	ロボットの反応は自然だった	1. 全くそう思わない@2. あまりそう思わない@3. ややそう思わない@4. どちらとも言えない@5. ややそう思う@6. かなりそう思う@7. 完全にそう思う	ロボットはこの情報に興味を持っている	1. 全くそう思わない@2. あまりそう思わない@3. ややそう思わない@4. どちらとも言えない@5. ややそう思う@6. かなりそう思う@7. 完全にそう思う	ロボットはこの情報に同意している	1. 全くそう思わない@2. あまりそう思わない@3. ややそう思わない@4. どちらとも言えない@5. ややそう思う@6. かなりそう思う@7. 完全にそう思う	
1	0							以下のURLの動画を見て各質問に回答してください。##https://taiga-mori.github.io/questionaire/7soosoo.html	動画が視聴できた	視聴できた@視聴できなかった	ロボットはこの情報をあらかじめ知っていた	知っていた@知らなかった	ロボットの反応は自然だった	1. 全くそう思わない@2. あまりそう思わない@3. ややそう思わない@4. どちらとも言えない@5. ややそう思う@6. かなりそう思う@7. 完全にそう思う	ロボットはこの情報に興味を持っている	1. 全くそう思わない@2. あまりそう思わない@3. ややそう思わない@4. どちらとも言えない@5. ややそう思う@6. かなりそう思う@7. 完全にそう思う	ロボットはこの情報に同意している	1. 全くそう思わない@2. あまりそう思わない@3. ややそう思わない@4. どちらとも言えない@5. ややそう思う@6. かなりそう思う@7. 完全にそう思う	
1	0							以下のURLの動画を見て各質問に回答してください。##https://taiga-mori.github.io/questionaire/3usoosoo.html	動画が視聴できた	視聴できた@視聴できなかった	ロボットはこの情報をあらかじめ知っていた	知っていた@知らなかった	ロボットの反応は自然だった	1. 全くそう思わない@2. あまりそう思わない@3. ややそう思わない@4. どちらとも言えない@5. ややそう思う@6. かなりそう思う@7. 完全にそう思う	ロボットはこの情報に興味を持っている	1. 全くそう思わない@2. あまりそう思わない@3. ややそう思わない@4. どちらとも言えない@5. ややそう思う@6. かなりそう思う@7. 完全にそう思う	ロボットはこの情報に同意している	1. 全くそう思わない@2. あまりそう思わない@3. ややそう思わない@4. どちらとも言えない@5. ややそう思う@6. かなりそう思う@7. 完全にそう思う	
1	0							以下のURLの動画を見て各質問に回答してください。##https://taiga-mori.github.io/questionaire/8d.html	動画が視聴できた	視聴できた@視聴できなかった	ロボットはこの情報をあらかじめ知っていた	知っていた@知らなかった	ロボットの反応は自然だった	1. 全くそう思わない@2. あまりそう思わない@3. ややそう思わない@4. どちらとも言えない@5. ややそう思う@6. かなりそう思う@7. 完全にそう思う	ロボットはこの情報に興味を持っている	1. 全くそう思わない@2. あまりそう思わない@3. ややそう思わない@4. どちらとも言えない@5. ややそう思う@6. かなりそう思う@7. 完全にそう思う	ロボットはこの情報に同意している	1. 全くそう思わない@2. あまりそう思わない@3. ややそう思わない@4. どちらとも言えない@5. ややそう思う@6. かなりそう思う@7. 完全にそう思う	
1	0							以下のURLの動画を見て各質問に回答してください。##https://taiga-mori.github.io/questionaire/19dhuun.html	動画が視聴できた	視聴できた@視聴できなかった	ロボットはこの情報をあらかじめ知っていた	知っていた@知らなかった	ロボットの反応は自然だった	1. 全くそう思わない@2. あまりそう思わない@3. ややそう思わない@4. どちらとも言えない@5. ややそう思う@6. かなりそう思う@7. 完全にそう思う	ロボットはこの情報に興味を持っている	1. 全くそう思わない@2. あまりそう思わない@3. ややそう思わない@4. どちらとも言えない@5. ややそう思う@6. かなりそう思う@7. 完全にそう思う	ロボットはこの情報に同意している	1. 全くそう思わない@2. あまりそう思わない@3. ややそう思わない@4. どちらとも言えない@5. ややそう思う@6. かなりそう思う@7. 完全にそう思う	
1	0							以下のURLの動画を見て各質問に回答してください。##https://taiga-mori.github.io/questionaire/16u.html	動画が視聴できた	視聴できた@視聴できなかった	ロボットはこの情報をあらかじめ知っていた	知っていた@知らなかった	ロボットの反応は自然だった	1. 全くそう思わない@2. あまりそう思わない@3. ややそう思わない@4. どちらとも言えない@5. ややそう思う@6. かなりそう思う@7. 完全にそう思う	ロボットはこの情報に興味を持っている	1. 全くそう思わない@2. あまりそう思わない@3. ややそう思わない@4. どちらとも言えない@5. ややそう思う@6. かなりそう思う@7. 完全にそう思う	ロボットはこの情報に同意している	1. 全くそう思わない@2. あまりそう思わない@3. ややそう思わない@4. どちらとも言えない@5. ややそう思う@6. かなりそう思う@7. 完全にそう思う	
1	0							以下のURLの動画を見て各質問に回答してください。##https://taiga-mori.github.io/questionaire/23unun.html	動画が視聴できた	視聴できた@視聴できなかった	ロボットはこの情報をあらかじめ知っていた	知っていた@知らなかった	ロボットの反応は自然だった	1. 全くそう思わない@2. あまりそう思わない@3. ややそう思わない@4. どちらとも言えない@5. ややそう思う@6. かなりそう思う@7. 完全にそう思う	ロボットはこの情報に興味を持っている	1. 全くそう思わない@2. あまりそう思わない@3. ややそう思わない@4. どちらとも言えない@5. ややそう思う@6. かなりそう思う@7. 完全にそう思う	ロボットはこの情報に同意している	1. 全くそう思わない@2. あまりそう思わない@3. ややそう思わない@4. どちらとも言えない@5. ややそう思う@6. かなりそう思う@7. 完全にそう思う	
1	0							以下のURLの動画を見て各質問に回答してください。##https://taiga-mori.github.io/questionaire/6uunun.html	動画が視聴できた	視聴できた@視聴できなかった	ロボットはこの情報をあらかじめ知っていた	知っていた@知らなかった	ロボットの反応は自然だった	1. 全くそう思わない@2. あまりそう思わない@3. ややそう思わない@4. どちらとも言えない@5. ややそう思う@6. かなりそう思う@7. 完全にそう思う	ロボットはこの情報に興味を持っている	1. 全くそう思わない@2. あまりそう思わない@3. ややそう思わない@4. どちらとも言えない@5. ややそう思う@6. かなりそう思う@7. 完全にそう思う	ロボットはこの情報に同意している	1. 全くそう思わない@2. あまりそう思わない@3. ややそう思わない@4. どちらとも言えない@5. ややそう思う@6. かなりそう思う@7. 完全にそう思う	
1	0							以下のURLの動画を見て各質問に回答してください。##https://taiga-mori.github.io/questionaire/24uhee.html	動画が視聴できた	視聴できた@視聴できなかった	ロボットはこの情報をあらかじめ知っていた	知っていた@知らなかった	ロボットの反応は自然だった	1. 全くそう思わない@2. あまりそう思わない@3. ややそう思わない@4. どちらとも言えない@5. ややそう思う@6. かなりそう思う@7. 完全にそう思う	ロボットはこの情報に興味を持っている	1. 全くそう思わない@2. あまりそう思わない@3. ややそう思わない@4. どちらとも言えない@5. ややそう思う@6. かなりそう思う@7. 完全にそう思う	ロボットはこの情報に同意している	1. 全くそう思わない@2. あまりそう思わない@3. ややそう思わない@4. どちらとも言えない@5. ややそう思う@6. かなりそう思う@7. 完全にそう思う	
1	0							以下のURLの動画を見て各質問に回答してください。##https://taiga-mori.github.io/questionaire/14dhee.html	動画が視聴できた	視聴できた@視聴できなかった	ロボットはこの情報をあらかじめ知っていた	知っていた@知らなかった	ロボットの反応は自然だった	1. 全くそう思わない@2. あまりそう思わない@3. ややそう思わない@4. どちらとも言えない@5. ややそう思う@6. かなりそう思う@7. 完全にそう思う	ロボットはこの情報に興味を持っている	1. 全くそう思わない@2. あまりそう思わない@3. ややそう思わない@4. どちらとも言えない@5. ややそう思う@6. かなりそう思う@7. 完全にそう思う	ロボットはこの情報に同意している	1. 全くそう思わない@2. あまりそう思わない@3. ややそう思わない@4. どちらとも言えない@5. ややそう思う@6. かなりそう思う@7. 完全にそう思う	
1	0							以下のURLの動画を見て各質問に回答してください。##https://taiga-mori.github.io/questionaire/12dunun.html	動画が視聴できた	視聴できた@視聴できなかった	ロボットはこの情報をあらかじめ知っていた	知っていた@知らなかった	ロボットの反応は自然だった	1. 全くそう思わない@2. あまりそう思わない@3. ややそう思わない@4. どちらとも言えない@5. ややそう思う@6. かなりそう思う@7. 完全にそう思う	ロボットはこの情報に興味を持っている	1. 全くそう思わない@2. あまりそう思わない@3. ややそう思わない@4. どちらとも言えない@5. ややそう思う@6. かなりそう思う@7. 完全にそう思う	ロボットはこの情報に同意している	1. 全くそう思わない@2. あまりそう思わない@3. ややそう思わない@4. どちらとも言えない@5. ややそう思う@6. かなりそう思う@7. 完全にそう思う	
1	0							以下のURLの動画を見て各質問に回答してください。##https://taiga-mori.github.io/questionaire/1hee.html	動画が視聴できた	視聴できた@視聴できなかった	ロボットはこの情報をあらかじめ知っていた	知っていた@知らなかった	ロボットの反応は自然だった	1. 全くそう思わない@2. あまりそう思わない@3. ややそう思わない@4. どちらとも言えない@5. ややそう思う@6. かなりそう思う@7. 完全にそう思う	ロボットはこの情報に興味を持っている	1. 全くそう思わない@2. あまりそう思わない@3. ややそう思わない@4. どちらとも言えない@5. ややそう思う@6. かなりそう思う@7. 完全にそう思う	ロボットはこの情報に同意している	1. 全くそう思わない@2. あまりそう思わない@3. ややそう思わない@4. どちらとも言えない@5. ややそう思う@6. かなりそう思う@7. 完全にそう思う	
1	0							以下のURLの動画を見て各質問に回答してください。##https://taiga-mori.github.io/questionaire/20d.html	動画が視聴できた	視聴できた@視聴できなかった	ロボットはこの情報をあらかじめ知っていた	知っていた@知らなかった	ロボットの反応は自然だった	1. 全くそう思わない@2. あまりそう思わない@3. ややそう思わない@4. どちらとも言えない@5. ややそう思う@6. かなりそう思う@7. 完全にそう思う	ロボットはこの情報に興味を持っている	1. 全くそう思わない@2. あまりそう思わない@3. ややそう思わない@4. どちらとも言えない@5. ややそう思う@6. かなりそう思う@7. 完全にそう思う	ロボットはこの情報に同意している	1. 全くそう思わない@2. あまりそう思わない@3. ややそう思わない@4. どちらとも言えない@5. ややそう思う@6. かなりそう思う@7. 完全にそう思う	
1	0							以下のURLの動画を見て各質問に回答してください。##https://taiga-mori.github.io/questionaire/13u.html	動画が視聴できた	視聴できた@視聴できなかった	ロボットはこの情報をあらかじめ知っていた	知っていた@知らなかった	ロボットの反応は自然だった	1. 全くそう思わない@2. あまりそう思わない@3. ややそう思わない@4. どちらとも言えない@5. ややそう思う@6. かなりそう思う@7. 完全にそう思う	ロボットはこの情報に興味を持っている	1. 全くそう思わない@2. あまりそう思わない@3. ややそう思わない@4. どちらとも言えない@5. ややそう思う@6. かなりそう思う@7. 完全にそう思う	ロボットはこの情報に同意している	1. 全くそう思わない@2. あまりそう思わない@3. ややそう思わない@4. どちらとも言えない@5. ややそう思う@6. かなりそう思う@7. 完全にそう思う	
1	0							あなたの年齢と性別を教えてください。	性別	男性@女性@その他@回答したくない	年齢	10代以下@20代@30代@40代@50代@60代@70代以上	質問はありません。「はい」を選択してください。	はい	質問はありません。「はい」を選択してください。	はい	質問はありません。「はい」を選択してください。	はい	
1	0							以下のURLの動画を見て各質問に回答してください。##https://taiga-mori.github.io/questionaire/2hee.html	動画が視聴できた	視聴できた@視聴できなかった	ロボットはこの情報をあらかじめ知っていた	知っていた@知らなかった	ロボットの反応は自然だった	1. 全くそう思わない@2. あまりそう思わない@3. ややそう思わない@4. どちらとも言えない@5. ややそう思う@6. かなりそう思う@7. 完全にそう思う	ロボットはこの情報に興味を持っている	1. 全くそう思わない@2. あまりそう思わない@3. ややそう思わない@4. どちらとも言えない@5. ややそう思う@6. かなりそう思う@7. 完全にそう思う	ロボットはこの情報に同意している	1. 全くそう思わない@2. あまりそう思わない@3. ややそう思わない@4. どちらとも言えない@5. ややそう思う@6. かなりそう思う@7. 完全にそう思う	
1	0							以下のURLの動画を見て各質問に回答してください。##https://taiga-mori.github.io/questionaire/13u.html	動画が視聴できた	視聴できた@視聴できなかった	ロボットはこの情報をあらかじめ知っていた	知っていた@知らなかった	ロボットの反応は自然だった	1. 全くそう思わない@2. あまりそう思わない@3. ややそう思わない@4. どちらとも言えない@5. ややそう思う@6. かなりそう思う@7. 完全にそう思う	ロボットはこの情報に興味を持っている	1. 全くそう思わない@2. あまりそう思わない@3. ややそう思わない@4. どちらとも言えない@5. ややそう思う@6. かなりそう思う@7. 完全にそう思う	ロボットはこの情報に同意している	1. 全くそう思わない@2. あまりそう思わない@3. ややそう思わない@4. どちらとも言えない@5. ややそう思う@6. かなりそう思う@7. 完全にそう思う	
1	0							以下のURLの動画を見て各質問に回答してください。##https://taiga-mori.github.io/questionaire/20uhee.html	動画が視聴できた	視聴できた@視聴できなかった	ロボットはこの情報をあらかじめ知っていた	知っていた@知らなかった	ロボットの反応は自然だった	1. 全くそう思わない@2. あまりそう思わない@3. ややそう思わない@4. どちらとも言えない@5. ややそう思う@6. かなりそう思う@7. 完全にそう思う	ロボットはこの情報に興味を持っている	1. 全くそう思わない@2. あまりそう思わない@3. ややそう思わない@4. どちらとも言えない@5. ややそう思う@6. かなりそう思う@7. 完全にそう思う	ロボットはこの情報に同意している	1. 全くそう思わない@2. あまりそう思わない@3. ややそう思わない@4. どちらとも言えない@5. ややそう思う@6. かなりそう思う@7. 完全にそう思う	
1	0							以下のURLの動画を見て各質問に回答してください。##https://taiga-mori.github.io/questionaire/4unun.html	動画が視聴できた	視聴できた@視聴できなかった	ロボットはこの情報をあらかじめ知っていた	知っていた@知らなかった	ロボットの反応は自然だった	1. 全くそう思わない@2. あまりそう思わない@3. ややそう思わない@4. どちらとも言えない@5. ややそう思う@6. かなりそう思う@7. 完全にそう思う	ロボットはこの情報に興味を持っている	1. 全くそう思わない@2. あまりそう思わない@3. ややそう思わない@4. どちらとも言えない@5. ややそう思う@6. かなりそう思う@7. 完全にそう思う	ロボットはこの情報に同意している	1. 全くそう思わない@2. あまりそう思わない@3. ややそう思わない@4. どちらとも言えない@5. ややそう思う@6. かなりそう思う@7. 完全にそう思う	
1	0							以下のURLの動画を見て各質問に回答してください。##https://taiga-mori.github.io/questionaire/3dhee.html	動画が視聴できた	視聴できた@視聴できなかった	ロボットはこの情報をあらかじめ知っていた	知っていた@知らなかった	ロボットの反応は自然だった	1. 全くそう思わない@2. あまりそう思わない@3. ややそう思わない@4. どちらとも言えない@5. ややそう思う@6. かなりそう思う@7. 完全にそう思う	ロボットはこの情報に興味を持っている	1. 全くそう思わない@2. あまりそう思わない@3. ややそう思わない@4. どちらとも言えない@5. ややそう思う@6. かなりそう思う@7. 完全にそう思う	ロボットはこの情報に同意している	1. 全くそう思わない@2. あまりそう思わない@3. ややそう思わない@4. どちらとも言えない@5. ややそう思う@6. かなりそう思う@7. 完全にそう思う	
1	0							以下のURLの動画を見て各質問に回答してください。##https://taiga-mori.github.io/questionaire/10uunun.html	動画が視聴できた	視聴できた@視聴できなかった	ロボットはこの情報をあらかじめ知っていた	知っていた@知らなかった	ロボットの反応は自然だった	1. 全くそう思わない@2. あまりそう思わない@3. ややそう思わない@4. どちらとも言えない@5. ややそう思う@6. かなりそう思う@7. 完全にそう思う	ロボットはこの情報に興味を持っている	1. 全くそう思わない@2. あまりそう思わない@3. ややそう思わない@4. どちらとも言えない@5. ややそう思う@6. かなりそう思う@7. 完全にそう思う	ロボットはこの情報に同意している	1. 全くそう思わない@2. あまりそう思わない@3. ややそう思わない@4. どちらとも言えない@5. ややそう思う@6. かなりそう思う@7. 完全にそう思う	
1	0							以下のURLの動画を見て各質問に回答してください。##https://taiga-mori.github.io/questionaire/1dunun.html	動画が視聴できた	視聴できた@視聴できなかった	ロボットはこの情報をあらかじめ知っていた	知っていた@知らなかった	ロボットの反応は自然だった	1. 全くそう思わない@2. あまりそう思わない@3. ややそう思わない@4. どちらとも言えない@5. ややそう思う@6. かなりそう思う@7. 完全にそう思う	ロボットはこの情報に興味を持っている	1. 全くそう思わない@2. あまりそう思わない@3. ややそう思わない@4. どちらとも言えない@5. ややそう思う@6. かなりそう思う@7. 完全にそう思う	ロボットはこの情報に同意している	1. 全くそう思わない@2. あまりそう思わない@3. ややそう思わない@4. どちらとも言えない@5. ややそう思う@6. かなりそう思う@7. 完全にそう思う	
1	0							以下のURLの動画を見て各質問に回答してください。##https://taiga-mori.github.io/questionaire/7d.html	動画が視聴できた	視聴できた@視聴できなかった	ロボットはこの情報をあらかじめ知っていた	知っていた@知らなかった	ロボットの反応は自然だった	1. 全くそう思わない@2. あまりそう思わない@3. ややそう思わない@4. どちらとも言えない@5. ややそう思う@6. かなりそう思う@7. 完全にそう思う	ロボットはこの情報に興味を持っている	1. 全くそう思わない@2. あまりそう思わない@3. ややそう思わない@4. どちらとも言えない@5. ややそう思う@6. かなりそう思う@7. 完全にそう思う	ロボットはこの情報に同意している	1. 全くそう思わない@2. あまりそう思わない@3. ややそう思わない@4. どちらとも言えない@5. ややそう思う@6. かなりそう思う@7. 完全にそう思う	
1	0							以下のURLの動画を見て各質問に回答してください。##https://taiga-mori.github.io/questionaire/19dsoosoo.html	動画が視聴できた	視聴できた@視聴できなかった	ロボットはこの情報をあらかじめ知っていた	知っていた@知らなかった	ロボットの反応は自然だった	1. 全くそう思わない@2. あまりそう思わない@3. ややそう思わない@4. どちらとも言えない@5. ややそう思う@6. かなりそう思う@7. 完全にそう思う	ロボットはこの情報に興味を持っている	1. 全くそう思わない@2. あまりそう思わない@3. ややそう思わない@4. どちらとも言えない@5. ややそう思う@6. かなりそう思う@7. 完全にそう思う	ロボットはこの情報に同意している	1. 全くそう思わない@2. あまりそう思わない@3. ややそう思わない@4. どちらとも言えない@5. ややそう思う@6. かなりそう思う@7. 完全にそう思う	
1	0							以下のURLの動画を見て各質問に回答してください。##https://taiga-mori.github.io/questionaire/12aa.html	動画が視聴できた	視聴できた@視聴できなかった	ロボットはこの情報をあらかじめ知っていた	知っていた@知らなかった	ロボットの反応は自然だった	1. 全くそう思わない@2. あまりそう思わない@3. ややそう思わない@4. どちらとも言えない@5. ややそう思う@6. かなりそう思う@7. 完全にそう思う	ロボットはこの情報に興味を持っている	1. 全くそう思わない@2. あまりそう思わない@3. ややそう思わない@4. どちらとも言えない@5. ややそう思う@6. かなりそう思う@7. 完全にそう思う	ロボットはこの情報に同意している	1. 全くそう思わない@2. あまりそう思わない@3. ややそう思わない@4. どちらとも言えない@5. ややそう思う@6. かなりそう思う@7. 完全にそう思う	
1	0							以下のURLの動画を見て各質問に回答してください。##https://taiga-mori.github.io/questionaire/17usoosoo.html	動画が視聴できた	視聴できた@視聴できなかった	ロボットはこの情報をあらかじめ知っていた	知っていた@知らなかった	ロボットの反応は自然だった	1. 全くそう思わない@2. あまりそう思わない@3. ややそう思わない@4. どちらとも言えない@5. ややそう思う@6. かなりそう思う@7. 完全にそう思う	ロボットはこの情報に興味を持っている	1. 全くそう思わない@2. あまりそう思わない@3. ややそう思わない@4. どちらとも言えない@5. ややそう思う@6. かなりそう思う@7. 完全にそう思う	ロボットはこの情報に同意している	1. 全くそう思わない@2. あまりそう思わない@3. ややそう思わない@4. どちらとも言えない@5. ややそう思う@6. かなりそう思う@7. 完全にそう思う	
1	0							以下のURLの動画を見て各質問に回答してください。##https://taiga-mori.github.io/questionaire/14soosoo.html	動画が視聴できた	視聴できた@視聴できなかった	ロボットはこの情報をあらかじめ知っていた	知っていた@知らなかった	ロボットの反応は自然だった	1. 全くそう思わない@2. あまりそう思わない@3. ややそう思わない@4. どちらとも言えない@5. ややそう思う@6. かなりそう思う@7. 完全にそう思う	ロボットはこの情報に興味を持っている	1. 全くそう思わない@2. あまりそう思わない@3. ややそう思わない@4. どちらとも言えない@5. ややそう思う@6. かなりそう思う@7. 完全にそう思う	ロボットはこの情報に同意している	1. 全くそう思わない@2. あまりそう思わない@3. ややそう思わない@4. どちらとも言えない@5. ややそう思う@6. かなりそう思う@7. 完全にそう思う	
1	0							以下のURLの動画を見て各質問に回答してください。##https://taiga-mori.github.io/questionaire/5uaa.html	動画が視聴できた	視聴できた@視聴できなかった	ロボットはこの情報をあらかじめ知っていた	知っていた@知らなかった	ロボットの反応は自然だった	1. 全くそう思わない@2. あまりそう思わない@3. ややそう思わない@4. どちらとも言えない@5. ややそう思う@6. かなりそう思う@7. 完全にそう思う	ロボットはこの情報に興味を持っている	1. 全くそう思わない@2. あまりそう思わない@3. ややそう思わない@4. どちらとも言えない@5. ややそう思う@6. かなりそう思う@7. 完全にそう思う	ロボットはこの情報に同意している	1. 全くそう思わない@2. あまりそう思わない@3. ややそう思わない@4. どちらとも言えない@5. ややそう思う@6. かなりそう思う@7. 完全にそう思う	
1	0							以下のURLの動画を見て各質問に回答してください。##https://taiga-mori.github.io/questionaire/16daa.html	動画が視聴できた	視聴できた@視聴できなかった	ロボットはこの情報をあらかじめ知っていた	知っていた@知らなかった	ロボットの反応は自然だった	1. 全くそう思わない@2. あまりそう思わない@3. ややそう思わない@4. どちらとも言えない@5. ややそう思う@6. かなりそう思う@7. 完全にそう思う	ロボットはこの情報に興味を持っている	1. 全くそう思わない@2. あまりそう思わない@3. ややそう思わない@4. どちらとも言えない@5. ややそう思う@6. かなりそう思う@7. 完全にそう思う	ロボットはこの情報に同意している	1. 全くそう思わない@2. あまりそう思わない@3. ややそう思わない@4. どちらとも言えない@5. ややそう思う@6. かなりそう思う@7. 完全にそう思う	
1	0							以下のURLの動画を見て各質問に回答してください。##https://taiga-mori.github.io/questionaire/6d.html	動画が視聴できた	視聴できた@視聴できなかった	ロボットはこの情報をあらかじめ知っていた	知っていた@知らなかった	ロボットの反応は自然だった	1. 全くそう思わない@2. あまりそう思わない@3. ややそう思わない@4. どちらとも言えない@5. ややそう思う@6. かなりそう思う@7. 完全にそう思う	ロボットはこの情報に興味を持っている	1. 全くそう思わない@2. あまりそう思わない@3. ややそう思わない@4. どちらとも言えない@5. ややそう思う@6. かなりそう思う@7. 完全にそう思う	ロボットはこの情報に同意している	1. 全くそう思わない@2. あまりそう思わない@3. ややそう思わない@4. どちらとも言えない@5. ややそう思う@6. かなりそう思う@7. 完全にそう思う	
1	0							以下のURLの動画を見て各質問に回答してください。##https://taiga-mori.github.io/questionaire/15u.html	動画が視聴できた	視聴できた@視聴できなかった	ロボットはこの情報をあらかじめ知っていた	知っていた@知らなかった	ロボットの反応は自然だった	1. 全くそう思わない@2. あまりそう思わない@3. ややそう思わない@4. どちらとも言えない@5. ややそう思う@6. かなりそう思う@7. 完全にそう思う	ロボットはこの情報に興味を持っている	1. 全くそう思わない@2. あまりそう思わない@3. ややそう思わない@4. どちらとも言えない@5. ややそう思う@6. かなりそう思う@7. 完全にそう思う	ロボットはこの情報に同意している	1. 全くそう思わない@2. あまりそう思わない@3. ややそう思わない@4. どちらとも言えない@5. ややそう思う@6. かなりそう思う@7. 完全にそう思う	
1	0							以下のURLの動画を見て各質問に回答してください。##https://taiga-mori.github.io/questionaire/9d.html	動画が視聴できた	視聴できた@視聴できなかった	ロボットはこの情報をあらかじめ知っていた	知っていた@知らなかった	ロボットの反応は自然だった	1. 全くそう思わない@2. あまりそう思わない@3. ややそう思わない@4. どちらとも言えない@5. ややそう思う@6. かなりそう思う@7. 完全にそう思う	ロボットはこの情報に興味を持っている	1. 全くそう思わない@2. あまりそう思わない@3. ややそう思わない@4. どちらとも言えない@5. ややそう思う@6. かなりそう思う@7. 完全にそう思う	ロボットはこの情報に同意している	1. 全くそう思わない@2. あまりそう思わない@3. ややそう思わない@4. どちらとも言えない@5. ややそう思う@6. かなりそう思う@7. 完全にそう思う	
1	0							以下のURLの動画を見て各質問に回答してください。##https://taiga-mori.github.io/questionaire/21huun.html	動画が視聴できた	視聴できた@視聴できなかった	ロボットはこの情報をあらかじめ知っていた	知っていた@知らなかった	ロボットの反応は自然だった	1. 全くそう思わない@2. あまりそう思わない@3. ややそう思わない@4. どちらとも言えない@5. ややそう思う@6. かなりそう思う@7. 完全にそう思う	ロボットはこの情報に興味を持っている	1. 全くそう思わない@2. あまりそう思わない@3. ややそう思わない@4. どちらとも言えない@5. ややそう思う@6. かなりそう思う@7. 完全にそう思う	ロボットはこの情報に同意している	1. 全くそう思わない@2. あまりそう思わない@3. ややそう思わない@4. どちらとも言えない@5. ややそう思う@6. かなりそう思う@7. 完全にそう思う	
1	0							以下のURLの動画を見て各質問に回答してください。##https://taiga-mori.github.io/questionaire/11uhuun.html	動画が視聴できた	視聴できた@視聴できなかった	ロボットはこの情報をあらかじめ知っていた	知っていた@知らなかった	ロボットの反応は自然だった	1. 全くそう思わない@2. あまりそう思わない@3. ややそう思わない@4. どちらとも言えない@5. ややそう思う@6. かなりそう思う@7. 完全にそう思う	ロボットはこの情報に興味を持っている	1. 全くそう思わない@2. あまりそう思わない@3. ややそう思わない@4. どちらとも言えない@5. ややそう思う@6. かなりそう思う@7. 完全にそう思う	ロボットはこの情報に同意している	1. 全くそう思わない@2. あまりそう思わない@3. ややそう思わない@4. どちらとも言えない@5. ややそう思う@6. かなりそう思う@7. 完全にそう思う	
1	0							以下のURLの動画を見て各質問に回答してください。##https://taiga-mori.github.io/questionaire/24u.html	動画が視聴できた	視聴できた@視聴できなかった	ロボットはこの情報をあらかじめ知っていた	知っていた@知らなかった	ロボットの反応は自然だった	1. 全くそう思わない@2. あまりそう思わない@3. ややそう思わない@4. どちらとも言えない@5. ややそう思う@6. かなりそう思う@7. 完全にそう思う	ロボットはこの情報に興味を持っている	1. 全くそう思わない@2. あまりそう思わない@3. ややそう思わない@4. どちらとも言えない@5. ややそう思う@6. かなりそう思う@7. 完全にそう思う	ロボットはこの情報に同意している	1. 全くそう思わない@2. あまりそう思わない@3. ややそう思わない@4. どちらとも言えない@5. ややそう思う@6. かなりそう思う@7. 完全にそう思う	
1	0							以下のURLの動画を見て各質問に回答してください。##https://taiga-mori.github.io/questionaire/18soodane.html	動画が視聴できた	視聴できた@視聴できなかった	ロボットはこの情報をあらかじめ知っていた	知っていた@知らなかった	ロボットの反応は自然だった	1. 全くそう思わない@2. あまりそう思わない@3. ややそう思わない@4. どちらとも言えない@5. ややそう思う@6. かなりそう思う@7. 完全にそう思う	ロボットはこの情報に興味を持っている	1. 全くそう思わない@2. あまりそう思わない@3. ややそう思わない@4. どちらとも言えない@5. ややそう思う@6. かなりそう思う@7. 完全にそう思う	ロボットはこの情報に同意している	1. 全くそう思わない@2. あまりそう思わない@3. ややそう思わない@4. どちらとも言えない@5. ややそう思う@6. かなりそう思う@7. 完全にそう思う	
1	0							以下のURLの動画を見て各質問に回答してください。##https://taiga-mori.github.io/questionaire/23dsoodane.html	動画が視聴できた	視聴できた@視聴できなかった	ロボットはこの情報をあらかじめ知っていた	知っていた@知らなかった	ロボットの反応は自然だった	1. 全くそう思わない@2. あまりそう思わない@3. ややそう思わない@4. どちらとも言えない@5. ややそう思う@6. かなりそう思う@7. 完全にそう思う	ロボットはこの情報に興味を持っている	1. 全くそう思わない@2. あまりそう思わない@3. ややそう思わない@4. どちらとも言えない@5. ややそう思う@6. かなりそう思う@7. 完全にそう思う	ロボットはこの情報に同意している	1. 全くそう思わない@2. あまりそう思わない@3. ややそう思わない@4. どちらとも言えない@5. ややそう思う@6. かなりそう思う@7. 完全にそう思う	
1	0							以下のURLの動画を見て各質問に回答してください。##https://taiga-mori.github.io/questionaire/22dhuun.html	動画が視聴できた	視聴できた@視聴できなかった	ロボットはこの情報をあらかじめ知っていた	知っていた@知らなかった	ロボットの反応は自然だった	1. 全くそう思わない@2. あまりそう思わない@3. ややそう思わない@4. どちらとも言えない@5. ややそう思う@6. かなりそう思う@7. 完全にそう思う	ロボットはこの情報に興味を持っている	1. 全くそう思わない@2. あまりそう思わない@3. ややそう思わない@4. どちらとも言えない@5. ややそう思う@6. かなりそう思う@7. 完全にそう思う	ロボットはこの情報に同意している	1. 全くそう思わない@2. あまりそう思わない@3. ややそう思わない@4. どちらとも言えない@5. ややそう思う@6. かなりそう思う@7. 完全にそう思う	
1	0							以下のURLの動画を見て各質問に回答してください。##https://taiga-mori.github.io/questionaire/8usoodane.html	動画が視聴できた	視聴できた@視聴できなかった	ロボットはこの情報をあらかじめ知っていた	知っていた@知らなかった	ロボットの反応は自然だった	1. 全くそう思わない@2. あまりそう思わない@3. ややそう思わない@4. どちらとも言えない@5. ややそう思う@6. かなりそう思う@7. 完全にそう思う	ロボットはこの情報に興味を持っている	1. 全くそう思わない@2. あまりそう思わない@3. ややそう思わない@4. どちらとも言えない@5. ややそう思う@6. かなりそう思う@7. 完全にそう思う	ロボットはこの情報に同意している	1. 全くそう思わない@2. あまりそう思わない@3. ややそう思わない@4. どちらとも言えない@5. ややそう思う@6. かなりそう思う@7. 完全にそう思う	
1	0							あなたの年齢と性別を教えてください。	性別	男性@女性@その他@回答したくない	年齢	10代以下@20代@30代@40代@50代@60代@70代以上	質問はありません。「はい」を選択してください。	はい	質問はありません。「はい」を選択してください。	はい	質問はありません。「はい」を選択してください。	はい	
1	0							以下のURLの動画を見て各質問に回答してください。##https://taiga-mori.github.io/questionaire/5uunun.html	動画が視聴できた	視聴できた@視聴できなかった	ロボットはこの情報をあらかじめ知っていた	知っていた@知らなかった	ロボットの反応は自然だった	1. 全くそう思わない@2. あまりそう思わない@3. ややそう思わない@4. どちらとも言えない@5. ややそう思う@6. かなりそう思う@7. 完全にそう思う	ロボットはこの情報に興味を持っている	1. 全くそう思わない@2. あまりそう思わない@3. ややそう思わない@4. どちらとも言えない@5. ややそう思う@6. かなりそう思う@7. 完全にそう思う	ロボットはこの情報に同意している	1. 全くそう思わない@2. あまりそう思わない@3. ややそう思わない@4. どちらとも言えない@5. ややそう思う@6. かなりそう思う@7. 完全にそう思う	
1	0							以下のURLの動画を見て各質問に回答してください。##https://taiga-mori.github.io/questionaire/17d.html	動画が視聴できた	視聴できた@視聴できなかった	ロボットはこの情報をあらかじめ知っていた	知っていた@知らなかった	ロボットの反応は自然だった	1. 全くそう思わない@2. あまりそう思わない@3. ややそう思わない@4. どちらとも言えない@5. ややそう思う@6. かなりそう思う@7. 完全にそう思う	ロボットはこの情報に興味を持っている	1. 全くそう思わない@2. あまりそう思わない@3. ややそう思わない@4. どちらとも言えない@5. ややそう思う@6. かなりそう思う@7. 完全にそう思う	ロボットはこの情報に同意している	1. 全くそう思わない@2. あまりそう思わない@3. ややそう思わない@4. どちらとも言えない@5. ややそう思う@6. かなりそう思う@7. 完全にそう思う	
1	0							以下のURLの動画を見て各質問に回答してください。##https://taiga-mori.github.io/questionaire/8huun.html	動画が視聴できた	視聴できた@視聴できなかった	ロボットはこの情報をあらかじめ知っていた	知っていた@知らなかった	ロボットの反応は自然だった	1. 全くそう思わない@2. あまりそう思わない@3. ややそう思わない@4. どちらとも言えない@5. ややそう思う@6. かなりそう思う@7. 完全にそう思う	ロボットはこの情報に興味を持っている	1. 全くそう思わない@2. あまりそう思わない@3. ややそう思わない@4. どちらとも言えない@5. ややそう思う@6. かなりそう思う@7. 完全にそう思う	ロボットはこの情報に同意している	1. 全くそう思わない@2. あまりそう思わない@3. ややそう思わない@4. どちらとも言えない@5. ややそう思う@6. かなりそう思う@7. 完全にそう思う	
1	0							以下のURLの動画を見て各質問に回答してください。##https://taiga-mori.github.io/questionaire/23u.html	動画が視聴できた	視聴できた@視聴できなかった	ロボットはこの情報をあらかじめ知っていた	知っていた@知らなかった	ロボットの反応は自然だった	1. 全くそう思わない@2. あまりそう思わない@3. ややそう思わない@4. どちらとも言えない@5. ややそう思う@6. かなりそう思う@7. 完全にそう思う	ロボットはこの情報に興味を持っている	1. 全くそう思わない@2. あまりそう思わない@3. ややそう思わない@4. どちらとも言えない@5. ややそう思う@6. かなりそう思う@7. 完全にそう思う	ロボットはこの情報に同意している	1. 全くそう思わない@2. あまりそう思わない@3. ややそう思わない@4. どちらとも言えない@5. ややそう思う@6. かなりそう思う@7. 完全にそう思う	
1	0							以下のURLの動画を見て各質問に回答してください。##https://taiga-mori.github.io/questionaire/4unun.html	動画が視聴できた	視聴できた@視聴できなかった	ロボットはこの情報をあらかじめ知っていた	知っていた@知らなかった	ロボットの反応は自然だった	1. 全くそう思わない@2. あまりそう思わない@3. ややそう思わない@4. どちらとも言えない@5. ややそう思う@6. かなりそう思う@7. 完全にそう思う	ロボットはこの情報に興味を持っている	1. 全くそう思わない@2. あまりそう思わない@3. ややそう思わない@4. どちらとも言えない@5. ややそう思う@6. かなりそう思う@7. 完全にそう思う	ロボットはこの情報に同意している	1. 全くそう思わない@2. あまりそう思わない@3. ややそう思わない@4. どちらとも言えない@5. ややそう思う@6. かなりそう思う@7. 完全にそう思う	
1	0							以下のURLの動画を見て各質問に回答してください。##https://taiga-mori.github.io/questionaire/19dunun.html	動画が視聴できた	視聴できた@視聴できなかった	ロボットはこの情報をあらかじめ知っていた	知っていた@知らなかった	ロボットの反応は自然だった	1. 全くそう思わない@2. あまりそう思わない@3. ややそう思わない@4. どちらとも言えない@5. ややそう思う@6. かなりそう思う@7. 完全にそう思う	ロボットはこの情報に興味を持っている	1. 全くそう思わない@2. あまりそう思わない@3. ややそう思わない@4. どちらとも言えない@5. ややそう思う@6. かなりそう思う@7. 完全にそう思う	ロボットはこの情報に同意している	1. 全くそう思わない@2. あまりそう思わない@3. ややそう思わない@4. どちらとも言えない@5. ややそう思う@6. かなりそう思う@7. 完全にそう思う	
1	0							以下のURLの動画を見て各質問に回答してください。##https://taiga-mori.github.io/questionaire/16uhuun.html	動画が視聴できた	視聴できた@視聴できなかった	ロボットはこの情報をあらかじめ知っていた	知っていた@知らなかった	ロボットの反応は自然だった	1. 全くそう思わない@2. あまりそう思わない@3. ややそう思わない@4. どちらとも言えない@5. ややそう思う@6. かなりそう思う@7. 完全にそう思う	ロボットはこの情報に興味を持っている	1. 全くそう思わない@2. あまりそう思わない@3. ややそう思わない@4. どちらとも言えない@5. ややそう思う@6. かなりそう思う@7. 完全にそう思う	ロボットはこの情報に同意している	1. 全くそう思わない@2. あまりそう思わない@3. ややそう思わない@4. どちらとも言えない@5. ややそう思う@6. かなりそう思う@7. 完全にそう思う	
1	0							以下のURLの動画を見て各質問に回答してください。##https://taiga-mori.github.io/questionaire/12dhuun.html	動画が視聴できた	視聴できた@視聴できなかった	ロボットはこの情報をあらかじめ知っていた	知っていた@知らなかった	ロボットの反応は自然だった	1. 全くそう思わない@2. あまりそう思わない@3. ややそう思わない@4. どちらとも言えない@5. ややそう思う@6. かなりそう思う@7. 完全にそう思う	ロボットはこの情報に興味を持っている	1. 全くそう思わない@2. あまりそう思わない@3. ややそう思わない@4. どちらとも言えない@5. ややそう思う@6. かなりそう思う@7. 完全にそう思う	ロボットはこの情報に同意している	1. 全くそう思わない@2. あまりそう思わない@3. ややそう思わない@4. どちらとも言えない@5. ややそう思う@6. かなりそう思う@7. 完全にそう思う	
1	0							以下のURLの動画を見て各質問に回答してください。##https://taiga-mori.github.io/questionaire/24aa.html	動画が視聴できた	視聴できた@視聴できなかった	ロボットはこの情報をあらかじめ知っていた	知っていた@知らなかった	ロボットの反応は自然だった	1. 全くそう思わない@2. あまりそう思わない@3. ややそう思わない@4. どちらとも言えない@5. ややそう思う@6. かなりそう思う@7. 完全にそう思う	ロボットはこの情報に興味を持っている	1. 全くそう思わない@2. あまりそう思わない@3. ややそう思わない@4. どちらとも言えない@5. ややそう思う@6. かなりそう思う@7. 完全にそう思う	ロボットはこの情報に同意している	1. 全くそう思わない@2. あまりそう思わない@3. ややそう思わない@4. どちらとも言えない@5. ややそう思う@6. かなりそう思う@7. 完全にそう思う	
1	0							以下のURLの動画を見て各質問に回答してください。##https://taiga-mori.github.io/questionaire/6dsoodane.html	動画が視聴できた	視聴できた@視聴できなかった	ロボットはこの情報をあらかじめ知っていた	知っていた@知らなかった	ロボットの反応は自然だった	1. 全くそう思わない@2. あまりそう思わない@3. ややそう思わない@4. どちらとも言えない@5. ややそう思う@6. かなりそう思う@7. 完全にそう思う	ロボットはこの情報に興味を持っている	1. 全くそう思わない@2. あまりそう思わない@3. ややそう思わない@4. どちらとも言えない@5. ややそう思う@6. かなりそう思う@7. 完全にそう思う	ロボットはこの情報に同意している	1. 全くそう思わない@2. あまりそう思わない@3. ややそう思わない@4. どちらとも言えない@5. ややそう思う@6. かなりそう思う@7. 完全にそう思う	
1	0							以下のURLの動画を見て各質問に回答してください。##https://taiga-mori.github.io/questionaire/15u.html	動画が視聴できた	視聴できた@視聴できなかった	ロボットはこの情報をあらかじめ知っていた	知っていた@知らなかった	ロボットの反応は自然だった	1. 全くそう思わない@2. あまりそう思わない@3. ややそう思わない@4. どちらとも言えない@5. ややそう思う@6. かなりそう思う@7. 完全にそう思う	ロボットはこの情報に興味を持っている	1. 全くそう思わない@2. あまりそう思わない@3. ややそう思わない@4. どちらとも言えない@5. ややそう思う@6. かなりそう思う@7. 完全にそう思う	ロボットはこの情報に同意している	1. 全くそう思わない@2. あまりそう思わない@3. ややそう思わない@4. どちらとも言えない@5. ややそう思う@6. かなりそう思う@7. 完全にそう思う	
1	0							以下のURLの動画を見て各質問に回答してください。##https://taiga-mori.github.io/questionaire/3soodane.html	動画が視聴できた	視聴できた@視聴できなかった	ロボットはこの情報をあらかじめ知っていた	知っていた@知らなかった	ロボットの反応は自然だった	1. 全くそう思わない@2. あまりそう思わない@3. ややそう思わない@4. どちらとも言えない@5. ややそう思う@6. かなりそう思う@7. 完全にそう思う	ロボットはこの情報に興味を持っている	1. 全くそう思わない@2. あまりそう思わない@3. ややそう思わない@4. どちらとも言えない@5. ややそう思う@6. かなりそう思う@7. 完全にそう思う	ロボットはこの情報に同意している	1. 全くそう思わない@2. あまりそう思わない@3. ややそう思わない@4. どちらとも言えない@5. ややそう思う@6. かなりそう思う@7. 完全にそう思う	
1	0							以下のURLの動画を見て各質問に回答してください。##https://taiga-mori.github.io/questionaire/7usoodane.html	動画が視聴できた	視聴できた@視聴できなかった	ロボットはこの情報をあらかじめ知っていた	知っていた@知らなかった	ロボットの反応は自然だった	1. 全くそう思わない@2. あまりそう思わない@3. ややそう思わない@4. どちらとも言えない@5. ややそう思う@6. かなりそう思う@7. 完全にそう思う	ロボットはこの情報に興味を持っている	1. 全くそう思わない@2. あまりそう思わない@3. ややそう思わない@4. どちらとも言えない@5. ややそう思う@6. かなりそう思う@7. 完全にそう思う	ロボットはこの情報に同意している	1. 全くそう思わない@2. あまりそう思わない@3. ややそう思わない@4. どちらとも言えない@5. ややそう思う@6. かなりそう思う@7. 完全にそう思う	
1	0							以下のURLの動画を見て各質問に回答してください。##https://taiga-mori.github.io/questionaire/10daa.html	動画が視聴できた	視聴できた@視聴できなかった	ロボットはこの情報をあらかじめ知っていた	知っていた@知らなかった	ロボットの反応は自然だった	1. 全くそう思わない@2. あまりそう思わない@3. ややそう思わない@4. どちらとも言えない@5. ややそう思う@6. かなりそう思う@7. 完全にそう思う	ロボットはこの情報に興味を持っている	1. 全くそう思わない@2. あまりそう思わない@3. ややそう思わない@4. どちらとも言えない@5. ややそう思う@6. かなりそう思う@7. 完全にそう思う	ロボットはこの情報に同意している	1. 全くそう思わない@2. あまりそう思わない@3. ややそう思わない@4. どちらとも言えない@5. ややそう思う@6. かなりそう思う@7. 完全にそう思う	
1	0							以下のURLの動画を見て各質問に回答してください。##https://taiga-mori.github.io/questionaire/13uaa.html	動画が視聴できた	視聴できた@視聴できなかった	ロボットはこの情報をあらかじめ知っていた	知っていた@知らなかった	ロボットの反応は自然だった	1. 全くそう思わない@2. あまりそう思わない@3. ややそう思わない@4. どちらとも言えない@5. ややそう思う@6. かなりそう思う@7. 完全にそう思う	ロボットはこの情報に興味を持っている	1. 全くそう思わない@2. あまりそう思わない@3. ややそう思わない@4. どちらとも言えない@5. ややそう思う@6. かなりそう思う@7. 完全にそう思う	ロボットはこの情報に同意している	1. 全くそう思わない@2. あまりそう思わない@3. ややそう思わない@4. どちらとも言えない@5. ややそう思う@6. かなりそう思う@7. 完全にそう思う	
1	0							以下のURLの動画を見て各質問に回答してください。##https://taiga-mori.github.io/questionaire/18d.html	動画が視聴できた	視聴できた@視聴できなかった	ロボットはこの情報をあらかじめ知っていた	知っていた@知らなかった	ロボットの反応は自然だった	1. 全くそう思わない@2. あまりそう思わない@3. ややそう思わない@4. どちらとも言えない@5. ややそう思う@6. かなりそう思う@7. 完全にそう思う	ロボットはこの情報に興味を持っている	1. 全くそう思わない@2. あまりそう思わない@3. ややそう思わない@4. どちらとも言えない@5. ややそう思う@6. かなりそう思う@7. 完全にそう思う	ロボットはこの情報に同意している	1. 全くそう思わない@2. あまりそう思わない@3. ややそう思わない@4. どちらとも言えない@5. ややそう思う@6. かなりそう思う@7. 完全にそう思う	
1	0							以下のURLの動画を見て各質問に回答してください。##https://taiga-mori.github.io/questionaire/20usoosoo.html	動画が視聴できた	視聴できた@視聴できなかった	ロボットはこの情報をあらかじめ知っていた	知っていた@知らなかった	ロボットの反応は自然だった	1. 全くそう思わない@2. あまりそう思わない@3. ややそう思わない@4. どちらとも言えない@5. ややそう思う@6. かなりそう思う@7. 完全にそう思う	ロボットはこの情報に興味を持っている	1. 全くそう思わない@2. あまりそう思わない@3. ややそう思わない@4. どちらとも言えない@5. ややそう思う@6. かなりそう思う@7. 完全にそう思う	ロボットはこの情報に同意している	1. 全くそう思わない@2. あまりそう思わない@3. ややそう思わない@4. どちらとも言えない@5. ややそう思う@6. かなりそう思う@7. 完全にそう思う	
1	0							以下のURLの動画を見て各質問に回答してください。##https://taiga-mori.github.io/questionaire/22soosoo.html	動画が視聴できた	視聴できた@視聴できなかった	ロボットはこの情報をあらかじめ知っていた	知っていた@知らなかった	ロボットの反応は自然だった	1. 全くそう思わない@2. あまりそう思わない@3. ややそう思わない@4. どちらとも言えない@5. ややそう思う@6. かなりそう思う@7. 完全にそう思う	ロボットはこの情報に興味を持っている	1. 全くそう思わない@2. あまりそう思わない@3. ややそう思わない@4. どちらとも言えない@5. ややそう思う@6. かなりそう思う@7. 完全にそう思う	ロボットはこの情報に同意している	1. 全くそう思わない@2. あまりそう思わない@3. ややそう思わない@4. どちらとも言えない@5. ややそう思う@6. かなりそう思う@7. 完全にそう思う	
1	0							以下のURLの動画を見て各質問に回答してください。##https://taiga-mori.github.io/questionaire/11u.html	動画が視聴できた	視聴できた@視聴できなかった	ロボットはこの情報をあらかじめ知っていた	知っていた@知らなかった	ロボットの反応は自然だった	1. 全くそう思わない@2. あまりそう思わない@3. ややそう思わない@4. どちらとも言えない@5. ややそう思う@6. かなりそう思う@7. 完全にそう思う	ロボットはこの情報に興味を持っている	1. 全くそう思わない@2. あまりそう思わない@3. ややそう思わない@4. どちらとも言えない@5. ややそう思う@6. かなりそう思う@7. 完全にそう思う	ロボットはこの情報に同意している	1. 全くそう思わない@2. あまりそう思わない@3. ややそう思わない@4. どちらとも言えない@5. ややそう思う@6. かなりそう思う@7. 完全にそう思う	
1	0							以下のURLの動画を見て各質問に回答してください。##https://taiga-mori.github.io/questionaire/9uhee.html	動画が視聴できた	視聴できた@視聴できなかった	ロボットはこの情報をあらかじめ知っていた	知っていた@知らなかった	ロボットの反応は自然だった	1. 全くそう思わない@2. あまりそう思わない@3. ややそう思わない@4. どちらとも言えない@5. ややそう思う@6. かなりそう思う@7. 完全にそう思う	ロボットはこの情報に興味を持っている	1. 全くそう思わない@2. あまりそう思わない@3. ややそう思わない@4. どちらとも言えない@5. ややそう思う@6. かなりそう思う@7. 完全にそう思う	ロボットはこの情報に同意している	1. 全くそう思わない@2. あまりそう思わない@3. ややそう思わない@4. どちらとも言えない@5. ややそう思う@6. かなりそう思う@7. 完全にそう思う	
1	0							以下のURLの動画を見て各質問に回答してください。##https://taiga-mori.github.io/questionaire/21hee.html	動画が視聴できた	視聴できた@視聴できなかった	ロボットはこの情報をあらかじめ知っていた	知っていた@知らなかった	ロボットの反応は自然だった	1. 全くそう思わない@2. あまりそう思わない@3. ややそう思わない@4. どちらとも言えない@5. ややそう思う@6. かなりそう思う@7. 完全にそう思う	ロボットはこの情報に興味を持っている	1. 全くそう思わない@2. あまりそう思わない@3. ややそう思わない@4. どちらとも言えない@5. ややそう思う@6. かなりそう思う@7. 完全にそう思う	ロボットはこの情報に同意している	1. 全くそう思わない@2. あまりそう思わない@3. ややそう思わない@4. どちらとも言えない@5. ややそう思う@6. かなりそう思う@7. 完全にそう思う	
1	0							以下のURLの動画を見て各質問に回答してください。##https://taiga-mori.github.io/questionaire/2dhee.html	動画が視聴できた	視聴できた@視聴できなかった	ロボットはこの情報をあらかじめ知っていた	知っていた@知らなかった	ロボットの反応は自然だった	1. 全くそう思わない@2. あまりそう思わない@3. ややそう思わない@4. どちらとも言えない@5. ややそう思う@6. かなりそう思う@7. 完全にそう思う	ロボットはこの情報に興味を持っている	1. 全くそう思わない@2. あまりそう思わない@3. ややそう思わない@4. どちらとも言えない@5. ややそう思う@6. かなりそう思う@7. 完全にそう思う	ロボットはこの情報に同意している	1. 全くそう思わない@2. あまりそう思わない@3. ややそう思わない@4. どちらとも言えない@5. ややそう思う@6. かなりそう思う@7. 完全にそう思う	
1	0							以下のURLの動画を見て各質問に回答してください。##https://taiga-mori.github.io/questionaire/14d.html	動画が視聴できた	視聴できた@視聴できなかった	ロボットはこの情報をあらかじめ知っていた	知っていた@知らなかった	ロボットの反応は自然だった	1. 全くそう思わない@2. あまりそう思わない@3. ややそう思わない@4. どちらとも言えない@5. ややそう思う@6. かなりそう思う@7. 完全にそう思う	ロボットはこの情報に興味を持っている	1. 全くそう思わない@2. あまりそう思わない@3. ややそう思わない@4. どちらとも言えない@5. ややそう思う@6. かなりそう思う@7. 完全にそう思う	ロボットはこの情報に同意している	1. 全くそう思わない@2. あまりそう思わない@3. ややそう思わない@4. どちらとも言えない@5. ややそう思う@6. かなりそう思う@7. 完全にそう思う	
1	0							以下のURLの動画を見て各質問に回答してください。##https://taiga-mori.github.io/questionaire/1dsoosoo.html	動画が視聴できた	視聴できた@視聴できなかった	ロボットはこの情報をあらかじめ知っていた	知っていた@知らなかった	ロボットの反応は自然だった	1. 全くそう思わない@2. あまりそう思わない@3. ややそう思わない@4. どちらとも言えない@5. ややそう思う@6. かなりそう思う@7. 完全にそう思う	ロボットはこの情報に興味を持っている	1. 全くそう思わない@2. あまりそう思わない@3. ややそう思わない@4. どちらとも言えない@5. ややそう思う@6. かなりそう思う@7. 完全にそう思う	ロボットはこの情報に同意している	1. 全くそう思わない@2. あまりそう思わない@3. ややそう思わない@4. どちらとも言えない@5. ややそう思う@6. かなりそう思う@7. 完全にそう思う	
1	0							あなたの年齢と性別を教えてください。	性別	男性@女性@その他@回答したくない	年齢	10代以下@20代@30代@40代@50代@60代@70代以上	質問はありません。「はい」を選択してください。	はい	質問はありません。「はい」を選択してください。	はい	質問はありません。「はい」を選択してください。	はい	
1	0							以下のURLの動画を見て各質問に回答してください。##https://taiga-mori.github.io/questionaire/10uhuun.html	動画が視聴できた	視聴できた@視聴できなかった	ロボットはこの情報をあらかじめ知っていた	知っていた@知らなかった	ロボットの反応は自然だった	1. 全くそう思わない@2. あまりそう思わない@3. ややそう思わない@4. どちらとも言えない@5. ややそう思う@6. かなりそう思う@7. 完全にそう思う	ロボットはこの情報に興味を持っている	1. 全くそう思わない@2. あまりそう思わない@3. ややそう思わない@4. どちらとも言えない@5. ややそう思う@6. かなりそう思う@7. 完全にそう思う	ロボットはこの情報に同意している	1. 全くそう思わない@2. あまりそう思わない@3. ややそう思わない@4. どちらとも言えない@5. ややそう思う@6. かなりそう思う@7. 完全にそう思う	
1	0							以下のURLの動画を見て各質問に回答してください。##https://taiga-mori.github.io/questionaire/15huun.html	動画が視聴できた	視聴できた@視聴できなかった	ロボットはこの情報をあらかじめ知っていた	知っていた@知らなかった	ロボットの反応は自然だった	1. 全くそう思わない@2. あまりそう思わない@3. ややそう思わない@4. どちらとも言えない@5. ややそう思う@6. かなりそう思う@7. 完全にそう思う	ロボットはこの情報に興味を持っている	1. 全くそう思わない@2. あまりそう思わない@3. ややそう思わない@4. どちらとも言えない@5. ややそう思う@6. かなりそう思う@7. 完全にそう思う	ロボットはこの情報に同意している	1. 全くそう思わない@2. あまりそう思わない@3. ややそう思わない@4. どちらとも言えない@5. ややそう思う@6. かなりそう思う@7. 完全にそう思う	
1	0							以下のURLの動画を見て各質問に回答してください。##https://taiga-mori.github.io/questionaire/4dunun.html	動画が視聴できた	視聴できた@視聴できなかった	ロボットはこの情報をあらかじめ知っていた	知っていた@知らなかった	ロボットの反応は自然だった	1. 全くそう思わない@2. あまりそう思わない@3. ややそう思わない@4. どちらとも言えない@5. ややそう思う@6. かなりそう思う@7. 完全にそう思う	ロボットはこの情報に興味を持っている	1. 全くそう思わない@2. あまりそう思わない@3. ややそう思わない@4. どちらとも言えない@5. ややそう思う@6. かなりそう思う@7. 完全にそう思う	ロボットはこの情報に同意している	1. 全くそう思わない@2. あまりそう思わない@3. ややそう思わない@4. どちらとも言えない@5. ややそう思う@6. かなりそう思う@7. 完全にそう思う	
1	0							以下のURLの動画を見て各質問に回答してください。##https://taiga-mori.github.io/questionaire/8dhuun.html	動画が視聴できた	視聴できた@視聴できなかった	ロボットはこの情報をあらかじめ知っていた	知っていた@知らなかった	ロボットの反応は自然だった	1. 全くそう思わない@2. あまりそう思わない@3. ややそう思わない@4. どちらとも言えない@5. ややそう思う@6. かなりそう思う@7. 完全にそう思う	ロボットはこの情報に興味を持っている	1. 全くそう思わない@2. あまりそう思わない@3. ややそう思わない@4. どちらとも言えない@5. ややそう思う@6. かなりそう思う@7. 完全にそう思う	ロボットはこの情報に同意している	1. 全くそう思わない@2. あまりそう思わない@3. ややそう思わない@4. どちらとも言えない@5. ややそう思う@6. かなりそう思う@7. 完全にそう思う	
1	0							以下のURLの動画を見て各質問に回答してください。##https://taiga-mori.github.io/questionaire/14uunun.html	動画が視聴できた	視聴できた@視聴できなかった	ロボットはこの情報をあらかじめ知っていた	知っていた@知らなかった	ロボットの反応は自然だった	1. 全くそう思わない@2. あまりそう思わない@3. ややそう思わない@4. どちらとも言えない@5. ややそう思う@6. かなりそう思う@7. 完全にそう思う	ロボットはこの情報に興味を持っている	1. 全くそう思わない@2. あまりそう思わない@3. ややそう思わない@4. どちらとも言えない@5. ややそう思う@6. かなりそう思う@7. 完全にそう思う	ロボットはこの情報に同意している	1. 全くそう思わない@2. あまりそう思わない@3. ややそう思わない@4. どちらとも言えない@5. ややそう思う@6. かなりそう思う@7. 完全にそう思う	
1	0							以下のURLの動画を見て各質問に回答してください。##https://taiga-mori.github.io/questionaire/21unun.html	動画が視聴できた	視聴できた@視聴できなかった	ロボットはこの情報をあらかじめ知っていた	知っていた@知らなかった	ロボットの反応は自然だった	1. 全くそう思わない@2. あまりそう思わない@3. ややそう思わない@4. どちらとも言えない@5. ややそう思う@6. かなりそう思う@7. 完全にそう思う	ロボットはこの情報に興味を持っている	1. 全くそう思わない@2. あまりそう思わない@3. ややそう思わない@4. どちらとも言えない@5. ややそう思う@6. かなりそう思う@7. 完全にそう思う	ロボットはこの情報に同意している	1. 全くそう思わない@2. あまりそう思わない@3. ややそう思わない@4. どちらとも言えない@5. ややそう思う@6. かなりそう思う@7. 完全にそう思う	
1	0							以下のURLの動画を見て各質問に回答してください。##https://taiga-mori.github.io/questionaire/24u.html	動画が視聴できた	視聴できた@視聴できなかった	ロボットはこの情報をあらかじめ知っていた	知っていた@知らなかった	ロボットの反応は自然だった	1. 全くそう思わない@2. あまりそう思わない@3. ややそう思わない@4. どちらとも言えない@5. ややそう思う@6. かなりそう思う@7. 完全にそう思う	ロボットはこの情報に興味を持っている	1. 全くそう思わない@2. あまりそう思わない@3. ややそう思わない@4. どちらとも言えない@5. ややそう思う@6. かなりそう思う@7. 完全にそう思う	ロボットはこの情報に同意している	1. 全くそう思わない@2. あまりそう思わない@3. ややそう思わない@4. どちらとも言えない@5. ややそう思う@6. かなりそう思う@7. 完全にそう思う	
1	0							以下のURLの動画を見て各質問に回答してください。##https://taiga-mori.github.io/questionaire/6d.html	動画が視聴できた	視聴できた@視聴できなかった	ロボットはこの情報をあらかじめ知っていた	知っていた@知らなかった	ロボットの反応は自然だった	1. 全くそう思わない@2. あまりそう思わない@3. ややそう思わない@4. どちらとも言えない@5. ややそう思う@6. かなりそう思う@7. 完全にそう思う	ロボットはこの情報に興味を持っている	1. 全くそう思わない@2. あまりそう思わない@3. ややそう思わない@4. どちらとも言えない@5. ややそう思う@6. かなりそう思う@7. 完全にそう思う	ロボットはこの情報に同意している	1. 全くそう思わない@2. あまりそう思わない@3. ややそう思わない@4. どちらとも言えない@5. ややそう思う@6. かなりそう思う@7. 完全にそう思う	
1	0							以下のURLの動画を見て各質問に回答してください。##https://taiga-mori.github.io/questionaire/22uaa.html	動画が視聴できた	視聴できた@視聴できなかった	ロボットはこの情報をあらかじめ知っていた	知っていた@知らなかった	ロボットの反応は自然だった	1. 全くそう思わない@2. あまりそう思わない@3. ややそう思わない@4. どちらとも言えない@5. ややそう思う@6. かなりそう思う@7. 完全にそう思う	ロボットはこの情報に興味を持っている	1. 全くそう思わない@2. あまりそう思わない@3. ややそう思わない@4. どちらとも言えない@5. ややそう思う@6. かなりそう思う@7. 完全にそう思う	ロボットはこの情報に同意している	1. 全くそう思わない@2. あまりそう思わない@3. ややそう思わない@4. どちらとも言えない@5. ややそう思う@6. かなりそう思う@7. 完全にそう思う	
1	0							以下のURLの動画を見て各質問に回答してください。##https://taiga-mori.github.io/questionaire/11daa.html	動画が視聴できた	視聴できた@視聴できなかった	ロボットはこの情報をあらかじめ知っていた	知っていた@知らなかった	ロボットの反応は自然だった	1. 全くそう思わない@2. あまりそう思わない@3. ややそう思わない@4. どちらとも言えない@5. ややそう思う@6. かなりそう思う@7. 完全にそう思う	ロボットはこの情報に興味を持っている	1. 全くそう思わない@2. あまりそう思わない@3. ややそう思わない@4. どちらとも言えない@5. ややそう思う@6. かなりそう思う@7. 完全にそう思う	ロボットはこの情報に同意している	1. 全くそう思わない@2. あまりそう思わない@3. ややそう思わない@4. どちらとも言えない@5. ややそう思う@6. かなりそう思う@7. 完全にそう思う	
1	0							以下のURLの動画を見て各質問に回答してください。##https://taiga-mori.github.io/questionaire/7u.html	動画が視聴できた	視聴できた@視聴できなかった	ロボットはこの情報をあらかじめ知っていた	知っていた@知らなかった	ロボットの反応は自然だった	1. 全くそう思わない@2. あまりそう思わない@3. ややそう思わない@4. どちらとも言えない@5. ややそう思う@6. かなりそう思う@7. 完全にそう思う	ロボットはこの情報に興味を持っている	1. 全くそう思わない@2. あまりそう思わない@3. ややそう思わない@4. どちらとも言えない@5. ややそう思う@6. かなりそう思う@7. 完全にそう思う	ロボットはこの情報に同意している	1. 全くそう思わない@2. あまりそう思わない@3. ややそう思わない@4. どちらとも言えない@5. ややそう思う@6. かなりそう思う@7. 完全にそう思う	
1	0							以下のURLの動画を見て各質問に回答してください。##https://taiga-mori.github.io/questionaire/19d.html	動画が視聴できた	視聴できた@視聴できなかった	ロボットはこの情報をあらかじめ知っていた	知っていた@知らなかった	ロボットの反応は自然だった	1. 全くそう思わない@2. あまりそう思わない@3. ややそう思わない@4. どちらとも言えない@5. ややそう思う@6. かなりそう思う@7. 完全にそう思う	ロボットはこの情報に興味を持っている	1. 全くそう思わない@2. あまりそう思わない@3. ややそう思わない@4. どちらとも言えない@5. ややそう思う@6. かなりそう思う@7. 完全にそう思う	ロボットはこの情報に同意している	1. 全くそう思わない@2. あまりそう思わない@3. ややそう思わない@4. どちらとも言えない@5. ややそう思う@6. かなりそう思う@7. 完全にそう思う	
1	0							以下のURLの動画を見て各質問に回答してください。##https://taiga-mori.github.io/questionaire/5soosoo.html	動画が視聴できた	視聴できた@視聴できなかった	ロボットはこの情報をあらかじめ知っていた	知っていた@知らなかった	ロボットの反応は自然だった	1. 全くそう思わない@2. あまりそう思わない@3. ややそう思わない@4. どちらとも言えない@5. ややそう思う@6. かなりそう思う@7. 完全にそう思う	ロボットはこの情報に興味を持っている	1. 全くそう思わない@2. あまりそう思わない@3. ややそう思わない@4. どちらとも言えない@5. ややそう思う@6. かなりそう思う@7. 完全にそう思う	ロボットはこの情報に同意している	1. 全くそう思わない@2. あまりそう思わない@3. ややそう思わない@4. どちらとも言えない@5. ややそう思う@6. かなりそう思う@7. 完全にそう思う	
1	0							以下のURLの動画を見て各質問に回答してください。##https://taiga-mori.github.io/questionaire/18aa.html	動画が視聴できた	視聴できた@視聴できなかった	ロボットはこの情報をあらかじめ知っていた	知っていた@知らなかった	ロボットの反応は自然だった	1. 全くそう思わない@2. あまりそう思わない@3. ややそう思わない@4. どちらとも言えない@5. ややそう思う@6. かなりそう思う@7. 完全にそう思う	ロボットはこの情報に興味を持っている	1. 全くそう思わない@2. あまりそう思わない@3. ややそう思わない@4. どちらとも言えない@5. ややそう思う@6. かなりそう思う@7. 完全にそう思う	ロボットはこの情報に同意している	1. 全くそう思わない@2. あまりそう思わない@3. ややそう思わない@4. どちらとも言えない@5. ややそう思う@6. かなりそう思う@7. 完全にそう思う	
1	0							以下のURLの動画を見て各質問に回答してください。##https://taiga-mori.github.io/questionaire/16dsoosoo.html	動画が視聴できた	視聴できた@視聴できなかった	ロボットはこの情報をあらかじめ知っていた	知っていた@知らなかった	ロボットの反応は自然だった	1. 全くそう思わない@2. あまりそう思わない@3. ややそう思わない@4. どちらとも言えない@5. ややそう思う@6. かなりそう思う@7. 完全にそう思う	ロボットはこの情報に興味を持っている	1. 全くそう思わない@2. あまりそう思わない@3. ややそう思わない@4. どちらとも言えない@5. ややそう思う@6. かなりそう思う@7. 完全にそう思う	ロボットはこの情報に同意している	1. 全くそう思わない@2. あまりそう思わない@3. ややそう思わない@4. どちらとも言えない@5. ややそう思う@6. かなりそう思う@7. 完全にそう思う	
1	0							以下のURLの動画を見て各質問に回答してください。##https://taiga-mori.github.io/questionaire/20usoosoo.html	動画が視聴できた	視聴できた@視聴できなかった	ロボットはこの情報をあらかじめ知っていた	知っていた@知らなかった	ロボットの反応は自然だった	1. 全くそう思わない@2. あまりそう思わない@3. ややそう思わない@4. どちらとも言えない@5. ややそう思う@6. かなりそう思う@7. 完全にそう思う	ロボットはこの情報に興味を持っている	1. 全くそう思わない@2. あまりそう思わない@3. ややそう思わない@4. どちらとも言えない@5. ややそう思う@6. かなりそう思う@7. 完全にそう思う	ロボットはこの情報に同意している	1. 全くそう思わない@2. あまりそう思わない@3. ややそう思わない@4. どちらとも言えない@5. ややそう思う@6. かなりそう思う@7. 完全にそう思う	
1	0							以下のURLの動画を見て各質問に回答してください。##https://taiga-mori.github.io/questionaire/1hee.html	動画が視聴できた	視聴できた@視聴できなかった	ロボットはこの情報をあらかじめ知っていた	知っていた@知らなかった	ロボットの反応は自然だった	1. 全くそう思わない@2. あまりそう思わない@3. ややそう思わない@4. どちらとも言えない@5. ややそう思う@6. かなりそう思う@7. 完全にそう思う	ロボットはこの情報に興味を持っている	1. 全くそう思わない@2. あまりそう思わない@3. ややそう思わない@4. どちらとも言えない@5. ややそう思う@6. かなりそう思う@7. 完全にそう思う	ロボットはこの情報に同意している	1. 全くそう思わない@2. あまりそう思わない@3. ややそう思わない@4. どちらとも言えない@5. ややそう思う@6. かなりそう思う@7. 完全にそう思う	
1	0							以下のURLの動画を見て各質問に回答してください。##https://taiga-mori.github.io/questionaire/23uhee.html	動画が視聴できた	視聴できた@視聴できなかった	ロボットはこの情報をあらかじめ知っていた	知っていた@知らなかった	ロボットの反応は自然だった	1. 全くそう思わない@2. あまりそう思わない@3. ややそう思わない@4. どちらとも言えない@5. ややそう思う@6. かなりそう思う@7. 完全にそう思う	ロボットはこの情報に興味を持っている	1. 全くそう思わない@2. あまりそう思わない@3. ややそう思わない@4. どちらとも言えない@5. ややそう思う@6. かなりそう思う@7. 完全にそう思う	ロボットはこの情報に同意している	1. 全くそう思わない@2. あまりそう思わない@3. ややそう思わない@4. どちらとも言えない@5. ややそう思う@6. かなりそう思う@7. 完全にそう思う	
1	0							以下のURLの動画を見て各質問に回答してください。##https://taiga-mori.github.io/questionaire/12dsoodane.html	動画が視聴できた	視聴できた@視聴できなかった	ロボットはこの情報をあらかじめ知っていた	知っていた@知らなかった	ロボットの反応は自然だった	1. 全くそう思わない@2. あまりそう思わない@3. ややそう思わない@4. どちらとも言えない@5. ややそう思う@6. かなりそう思う@7. 完全にそう思う	ロボットはこの情報に興味を持っている	1. 全くそう思わない@2. あまりそう思わない@3. ややそう思わない@4. どちらとも言えない@5. ややそう思う@6. かなりそう思う@7. 完全にそう思う	ロボットはこの情報に同意している	1. 全くそう思わない@2. あまりそう思わない@3. ややそう思わない@4. どちらとも言えない@5. ややそう思う@6. かなりそう思う@7. 完全にそう思う	
1	0							以下のURLの動画を見て各質問に回答してください。##https://taiga-mori.github.io/questionaire/9soodane.html	動画が視聴できた	視聴できた@視聴できなかった	ロボットはこの情報をあらかじめ知っていた	知っていた@知らなかった	ロボットの反応は自然だった	1. 全くそう思わない@2. あまりそう思わない@3. ややそう思わない@4. どちらとも言えない@5. ややそう思う@6. かなりそう思う@7. 完全にそう思う	ロボットはこの情報に興味を持っている	1. 全くそう思わない@2. あまりそう思わない@3. ややそう思わない@4. どちらとも言えない@5. ややそう思う@6. かなりそう思う@7. 完全にそう思う	ロボットはこの情報に同意している	1. 全くそう思わない@2. あまりそう思わない@3. ややそう思わない@4. どちらとも言えない@5. ややそう思う@6. かなりそう思う@7. 完全にそう思う	
1	0							以下のURLの動画を見て各質問に回答してください。##https://taiga-mori.github.io/questionaire/3u.html	動画が視聴できた	視聴できた@視聴できなかった	ロボットはこの情報をあらかじめ知っていた	知っていた@知らなかった	ロボットの反応は自然だった	1. 全くそう思わない@2. あまりそう思わない@3. ややそう思わない@4. どちらとも言えない@5. ややそう思う@6. かなりそう思う@7. 完全にそう思う	ロボットはこの情報に興味を持っている	1. 全くそう思わない@2. あまりそう思わない@3. ややそう思わない@4. どちらとも言えない@5. ややそう思う@6. かなりそう思う@7. 完全にそう思う	ロボットはこの情報に同意している	1. 全くそう思わない@2. あまりそう思わない@3. ややそう思わない@4. どちらとも言えない@5. ややそう思う@6. かなりそう思う@7. 完全にそう思う	
1	0							以下のURLの動画を見て各質問に回答してください。##https://taiga-mori.github.io/questionaire/13d.html	動画が視聴できた	視聴できた@視聴できなかった	ロボットはこの情報をあらかじめ知っていた	知っていた@知らなかった	ロボットの反応は自然だった	1. 全くそう思わない@2. あまりそう思わない@3. ややそう思わない@4. どちらとも言えない@5. ややそう思う@6. かなりそう思う@7. 完全にそう思う	ロボットはこの情報に興味を持っている	1. 全くそう思わない@2. あまりそう思わない@3. ややそう思わない@4. どちらとも言えない@5. ややそう思う@6. かなりそう思う@7. 完全にそう思う	ロボットはこの情報に同意している	1. 全くそう思わない@2. あまりそう思わない@3. ややそう思わない@4. どちらとも言えない@5. ややそう思う@6. かなりそう思う@7. 完全にそう思う	
1	0							以下のURLの動画を見て各質問に回答してください。##https://taiga-mori.github.io/questionaire/2usoodane.html	動画が視聴できた	視聴できた@視聴できなかった	ロボットはこの情報をあらかじめ知っていた	知っていた@知らなかった	ロボットの反応は自然だった	1. 全くそう思わない@2. あまりそう思わない@3. ややそう思わない@4. どちらとも言えない@5. ややそう思う@6. かなりそう思う@7. 完全にそう思う	ロボットはこの情報に興味を持っている	1. 全くそう思わない@2. あまりそう思わない@3. ややそう思わない@4. どちらとも言えない@5. ややそう思う@6. かなりそう思う@7. 完全にそう思う	ロボットはこの情報に同意している	1. 全くそう思わない@2. あまりそう思わない@3. ややそう思わない@4. どちらとも言えない@5. ややそう思う@6. かなりそう思う@7. 完全にそう思う	
1	0							以下のURLの動画を見て各質問に回答してください。##https://taiga-mori.github.io/questionaire/17dhee.html	動画が視聴できた	視聴できた@視聴できなかった	ロボットはこの情報をあらかじめ知っていた	知っていた@知らなかった	ロボットの反応は自然だった	1. 全くそう思わない@2. あまりそう思わない@3. ややそう思わない@4. どちらとも言えない@5. ややそう思う@6. かなりそう思う@7. 完全にそう思う	ロボットはこの情報に興味を持っている	1. 全くそう思わない@2. あまりそう思わない@3. ややそう思わない@4. どちらとも言えない@5. ややそう思う@6. かなりそう思う@7. 完全にそう思う	ロボットはこの情報に同意している	1. 全くそう思わない@2. あまりそう思わない@3. ややそう思わない@4. どちらとも言えない@5. ややそう思う@6. かなりそう思う@7. 完全にそう思う	
1	0							あなたの年齢と性別を教えてください。	性別	男性@女性@その他@回答したくない	年齢	10代以下@20代@30代@40代@50代@60代@70代以上	質問はありません。「はい」を選択してください。	はい	質問はありません。「はい」を選択してください。	はい	質問はありません。「はい」を選択してください。	はい	
1	0							以下のURLの動画を見て各質問に回答してください。##https://taiga-mori.github.io/questionaire/9dhuun.html	動画が視聴できた	視聴できた@視聴できなかった	ロボットはこの情報をあらかじめ知っていた	知っていた@知らなかった	ロボットの反応は自然だった	1. 全くそう思わない@2. あまりそう思わない@3. ややそう思わない@4. どちらとも言えない@5. ややそう思う@6. かなりそう思う@7. 完全にそう思う	ロボットはこの情報に興味を持っている	1. 全くそう思わない@2. あまりそう思わない@3. ややそう思わない@4. どちらとも言えない@5. ややそう思う@6. かなりそう思う@7. 完全にそう思う	ロボットはこの情報に同意している	1. 全くそう思わない@2. あまりそう思わない@3. ややそう思わない@4. どちらとも言えない@5. ややそう思う@6. かなりそう思う@7. 完全にそう思う	
1	0							以下のURLの動画を見て各質問に回答してください。##https://taiga-mori.github.io/questionaire/12uunun.html	動画が視聴できた	視聴できた@視聴できなかった	ロボットはこの情報をあらかじめ知っていた	知っていた@知らなかった	ロボットの反応は自然だった	1. 全くそう思わない@2. あまりそう思わない@3. ややそう思わない@4. どちらとも言えない@5. ややそう思う@6. かなりそう思う@7. 完全にそう思う	ロボットはこの情報に興味を持っている	1. 全くそう思わない@2. あまりそう思わない@3. ややそう思わない@4. どちらとも言えない@5. ややそう思う@6. かなりそう思う@7. 完全にそう思う	ロボットはこの情報に同意している	1. 全くそう思わない@2. あまりそう思わない@3. ややそう思わない@4. どちらとも言えない@5. ややそう思う@6. かなりそう思う@7. 完全にそう思う	
1	0							以下のURLの動画を見て各質問に回答してください。##https://taiga-mori.github.io/questionaire/19huun.html	動画が視聴できた	視聴できた@視聴できなかった	ロボットはこの情報をあらかじめ知っていた	知っていた@知らなかった	ロボットの反応は自然だった	1. 全くそう思わない@2. あまりそう思わない@3. ややそう思わない@4. どちらとも言えない@5. ややそう思う@6. かなりそう思う@7. 完全にそう思う	ロボットはこの情報に興味を持っている	1. 全くそう思わない@2. あまりそう思わない@3. ややそう思わない@4. どちらとも言えない@5. ややそう思う@6. かなりそう思う@7. 完全にそう思う	ロボットはこの情報に同意している	1. 全くそう思わない@2. あまりそう思わない@3. ややそう思わない@4. どちらとも言えない@5. ややそう思う@6. かなりそう思う@7. 完全にそう思う	
1	0							以下のURLの動画を見て各質問に回答してください。##https://taiga-mori.github.io/questionaire/2unun.html	動画が視聴できた	視聴できた@視聴できなかった	ロボットはこの情報をあらかじめ知っていた	知っていた@知らなかった	ロボットの反応は自然だった	1. 全くそう思わない@2. あまりそう思わない@3. ややそう思わない@4. どちらとも言えない@5. ややそう思う@6. かなりそう思う@7. 完全にそう思う	ロボットはこの情報に興味を持っている	1. 全くそう思わない@2. あまりそう思わない@3. ややそう思わない@4. どちらとも言えない@5. ややそう思う@6. かなりそう思う@7. 完全にそう思う	ロボットはこの情報に同意している	1. 全くそう思わない@2. あまりそう思わない@3. ややそう思わない@4. どちらとも言えない@5. ややそう思う@6. かなりそう思う@7. 完全にそう思う	
1	0							以下のURLの動画を見て各質問に回答してください。##https://taiga-mori.github.io/questionaire/23dunun.html	動画が視聴できた	視聴できた@視聴できなかった	ロボットはこの情報をあらかじめ知っていた	知っていた@知らなかった	ロボットの反応は自然だった	1. 全くそう思わない@2. あまりそう思わない@3. ややそう思わない@4. どちらとも言えない@5. ややそう思う@6. かなりそう思う@7. 完全にそう思う	ロボットはこの情報に興味を持っている	1. 全くそう思わない@2. あまりそう思わない@3. ややそう思わない@4. どちらとも言えない@5. ややそう思う@6. かなりそう思う@7. 完全にそう思う	ロボットはこの情報に同意している	1. 全くそう思わない@2. あまりそう思わない@3. ややそう思わない@4. どちらとも言えない@5. ややそう思う@6. かなりそう思う@7. 完全にそう思う	
1	0							以下のURLの動画を見て各質問に回答してください。##https://taiga-mori.github.io/questionaire/7uhuun.html	動画が視聴できた	視聴できた@視聴できなかった	ロボットはこの情報をあらかじめ知っていた	知っていた@知らなかった	ロボットの反応は自然だった	1. 全くそう思わない@2. あまりそう思わない@3. ややそう思わない@4. どちらとも言えない@5. ややそう思う@6. かなりそう思う@7. 完全にそう思う	ロボットはこの情報に興味を持っている	1. 全くそう思わない@2. あまりそう思わない@3. ややそう思わない@4. どちらとも言えない@5. ややそう思う@6. かなりそう思う@7. 完全にそう思う	ロボットはこの情報に同意している	1. 全くそう思わない@2. あまりそう思わない@3. ややそう思わない@4. どちらとも言えない@5. ややそう思う@6. かなりそう思う@7. 完全にそう思う	
1	0							以下のURLの動画を見て各質問に回答してください。##https://taiga-mori.github.io/questionaire/18d.html	動画が視聴できた	視聴できた@視聴できなかった	ロボットはこの情報をあらかじめ知っていた	知っていた@知らなかった	ロボットの反応は自然だった	1. 全くそう思わない@2. あまりそう思わない@3. ややそう思わない@4. どちらとも言えない@5. ややそう思う@6. かなりそう思う@7. 完全にそう思う	ロボットはこの情報に興味を持っている	1. 全くそう思わない@2. あまりそう思わない@3. ややそう思わない@4. どちらとも言えない@5. ややそう思う@6. かなりそう思う@7. 完全にそう思う	ロボットはこの情報に同意している	1. 全くそう思わない@2. あまりそう思わない@3. ややそう思わない@4. どちらとも言えない@5. ややそう思う@6. かなりそう思う@7. 完全にそう思う	
1	0							以下のURLの動画を見て各質問に回答してください。##https://taiga-mori.github.io/questionaire/10u.html	動画が視聴できた	視聴できた@視聴できなかった	ロボットはこの情報をあらかじめ知っていた	知っていた@知らなかった	ロボットの反応は自然だった	1. 全くそう思わない@2. あまりそう思わない@3. ややそう思わない@4. どちらとも言えない@5. ややそう思う@6. かなりそう思う@7. 完全にそう思う	ロボットはこの情報に興味を持っている	1. 全くそう思わない@2. あまりそう思わない@3. ややそう思わない@4. どちらとも言えない@5. ややそう思う@6. かなりそう思う@7. 完全にそう思う	ロボットはこの情報に同意している	1. 全くそう思わない@2. あまりそう思わない@3. ややそう思わない@4. どちらとも言えない@5. ややそう思う@6. かなりそう思う@7. 完全にそう思う	
1	0							以下のURLの動画を見て各質問に回答してください。##https://taiga-mori.github.io/questionaire/3soosoo.html	動画が視聴できた	視聴できた@視聴できなかった	ロボットはこの情報をあらかじめ知っていた	知っていた@知らなかった	ロボットの反応は自然だった	1. 全くそう思わない@2. あまりそう思わない@3. ややそう思わない@4. どちらとも言えない@5. ややそう思う@6. かなりそう思う@7. 完全にそう思う	ロボットはこの情報に興味を持っている	1. 全くそう思わない@2. あまりそう思わない@3. ややそう思わない@4. どちらとも言えない@5. ややそう思う@6. かなりそう思う@7. 完全にそう思う	ロボットはこの情報に同意している	1. 全くそう思わない@2. あまりそう思わない@3. ややそう思わない@4. どちらとも言えない@5. ややそう思う@6. かなりそう思う@7. 完全にそう思う	
1	0							以下のURLの動画を見て各質問に回答してください。##https://taiga-mori.github.io/questionaire/21dsoosoo.html	動画が視聴できた	視聴できた@視聴できなかった	ロボットはこの情報をあらかじめ知っていた	知っていた@知らなかった	ロボットの反応は自然だった	1. 全くそう思わない@2. あまりそう思わない@3. ややそう思わない@4. どちらとも言えない@5. ややそう思う@6. かなりそう思う@7. 完全にそう思う	ロボットはこの情報に興味を持っている	1. 全くそう思わない@2. あまりそう思わない@3. ややそう思わない@4. どちらとも言えない@5. ややそう思う@6. かなりそう思う@7. 完全にそう思う	ロボットはこの情報に同意している	1. 全くそう思わない@2. あまりそう思わない@3. ややそう思わない@4. どちらとも言えない@5. ややそう思う@6. かなりそう思う@7. 完全にそう思う	
1	0							以下のURLの動画を見て各質問に回答してください。##https://taiga-mori.github.io/questionaire/16usoosoo.html	動画が視聴できた	視聴できた@視聴できなかった	ロボットはこの情報をあらかじめ知っていた	知っていた@知らなかった	ロボットの反応は自然だった	1. 全くそう思わない@2. あまりそう思わない@3. ややそう思わない@4. どちらとも言えない@5. ややそう思う@6. かなりそう思う@7. 完全にそう思う	ロボットはこの情報に興味を持っている	1. 全くそう思わない@2. あまりそう思わない@3. ややそう思わない@4. どちらとも言えない@5. ややそう思う@6. かなりそう思う@7. 完全にそう思う	ロボットはこの情報に同意している	1. 全くそう思わない@2. あまりそう思わない@3. ややそう思わない@4. どちらとも言えない@5. ややそう思う@6. かなりそう思う@7. 完全にそう思う	
1	0							以下のURLの動画を見て各質問に回答してください。##https://taiga-mori.github.io/questionaire/6dhee.html	動画が視聴できた	視聴できた@視聴できなかった	ロボットはこの情報をあらかじめ知っていた	知っていた@知らなかった	ロボットの反応は自然だった	1. 全くそう思わない@2. あまりそう思わない@3. ややそう思わない@4. どちらとも言えない@5. ややそう思う@6. かなりそう思う@7. 完全にそう思う	ロボットはこの情報に興味を持っている	1. 全くそう思わない@2. あまりそう思わない@3. ややそう思わない@4. どちらとも言えない@5. ややそう思う@6. かなりそう思う@7. 完全にそう思う	ロボットはこの情報に同意している	1. 全くそう思わない@2. あまりそう思わない@3. ややそう思わない@4. どちらとも言えない@5. ややそう思う@6. かなりそう思う@7. 完全にそう思う	
1	0							以下のURLの動画を見て各質問に回答してください。##https://taiga-mori.github.io/questionaire/22hee.html	動画が視聴できた	視聴できた@視聴できなかった	ロボットはこの情報をあらかじめ知っていた	知っていた@知らなかった	ロボットの反応は自然だった	1. 全くそう思わない@2. あまりそう思わない@3. ややそう思わない@4. どちらとも言えない@5. ややそう思う@6. かなりそう思う@7. 完全にそう思う	ロボットはこの情報に興味を持っている	1. 全くそう思わない@2. あまりそう思わない@3. ややそう思わない@4. どちらとも言えない@5. ややそう思う@6. かなりそう思う@7. 完全にそう思う	ロボットはこの情報に同意している	1. 全くそう思わない@2. あまりそう思わない@3. ややそう思わない@4. どちらとも言えない@5. ややそう思う@6. かなりそう思う@7. 完全にそう思う	
1	0							以下のURLの動画を見て各質問に回答してください。##https://taiga-mori.github.io/questionaire/13uhee.html	動画が視聴できた	視聴できた@視聴できなかった	ロボットはこの情報をあらかじめ知っていた	知っていた@知らなかった	ロボットの反応は自然だった	1. 全くそう思わない@2. あまりそう思わない@3. ややそう思わない@4. どちらとも言えない@5. ややそう思う@6. かなりそう思う@7. 完全にそう思う	ロボットはこの情報に興味を持っている	1. 全くそう思わない@2. あまりそう思わない@3. ややそう思わない@4. どちらとも言えない@5. ややそう思う@6. かなりそう思う@7. 完全にそう思う	ロボットはこの情報に同意している	1. 全くそう思わない@2. あまりそう思わない@3. ややそう思わない@4. どちらとも言えない@5. ややそう思う@6. かなりそう思う@7. 完全にそう思う	
1	0							以下のURLの動画を見て各質問に回答してください。##https://taiga-mori.github.io/questionaire/4d.html	動画が視聴できた	視聴できた@視聴できなかった	ロボットはこの情報をあらかじめ知っていた	知っていた@知らなかった	ロボットの反応は自然だった	1. 全くそう思わない@2. あまりそう思わない@3. ややそう思わない@4. どちらとも言えない@5. ややそう思う@6. かなりそう思う@7. 完全にそう思う	ロボットはこの情報に興味を持っている	1. 全くそう思わない@2. あまりそう思わない@3. ややそう思わない@4. どちらとも言えない@5. ややそう思う@6. かなりそう思う@7. 完全にそう思う	ロボットはこの情報に同意している	1. 全くそう思わない@2. あまりそう思わない@3. ややそう思わない@4. どちらとも言えない@5. ややそう思う@6. かなりそう思う@7. 完全にそう思う	
1	0							以下のURLの動画を見て各質問に回答してください。##https://taiga-mori.github.io/questionaire/1u.html	動画が視聴できた	視聴できた@視聴できなかった	ロボットはこの情報をあらかじめ知っていた	知っていた@知らなかった	ロボットの反応は自然だった	1. 全くそう思わない@2. あまりそう思わない@3. ややそう思わない@4. どちらとも言えない@5. ややそう思う@6. かなりそう思う@7. 完全にそう思う	ロボットはこの情報に興味を持っている	1. 全くそう思わない@2. あまりそう思わない@3. ややそう思わない@4. どちらとも言えない@5. ややそう思う@6. かなりそう思う@7. 完全にそう思う	ロボットはこの情報に同意している	1. 全くそう思わない@2. あまりそう思わない@3. ややそう思わない@4. どちらとも言えない@5. ややそう思う@6. かなりそう思う@7. 完全にそう思う	
1	0							以下のURLの動画を見て各質問に回答してください。##https://taiga-mori.github.io/questionaire/17daa.html	動画が視聴できた	視聴できた@視聴できなかった	ロボットはこの情報をあらかじめ知っていた	知っていた@知らなかった	ロボットの反応は自然だった	1. 全くそう思わない@2. あまりそう思わない@3. ややそう思わない@4. どちらとも言えない@5. ややそう思う@6. かなりそう思う@7. 完全にそう思う	ロボットはこの情報に興味を持っている	1. 全くそう思わない@2. あまりそう思わない@3. ややそう思わない@4. どちらとも言えない@5. ややそう思う@6. かなりそう思う@7. 完全にそう思う	ロボットはこの情報に同意している	1. 全くそう思わない@2. あまりそう思わない@3. ややそう思わない@4. どちらとも言えない@5. ややそう思う@6. かなりそう思う@7. 完全にそう思う	
1	0							以下のURLの動画を見て各質問に回答してください。##https://taiga-mori.github.io/questionaire/5d.html	動画が視聴できた	視聴できた@視聴できなかった	ロボットはこの情報をあらかじめ知っていた	知っていた@知らなかった	ロボットの反応は自然だった	1. 全くそう思わない@2. あまりそう思わない@3. ややそう思わない@4. どちらとも言えない@5. ややそう思う@6. かなりそう思う@7. 完全にそう思う	ロボットはこの情報に興味を持っている	1. 全くそう思わない@2. あまりそう思わない@3. ややそう思わない@4. どちらとも言えない@5. ややそう思う@6. かなりそう思う@7. 完全にそう思う	ロボットはこの情報に同意している	1. 全くそう思わない@2. あまりそう思わない@3. ややそう思わない@4. どちらとも言えない@5. ややそう思う@6. かなりそう思う@7. 完全にそう思う	
1	0							以下のURLの動画を見て各質問に回答してください。##https://taiga-mori.github.io/questionaire/8usoodane.html	動画が視聴できた	視聴できた@視聴できなかった	ロボットはこの情報をあらかじめ知っていた	知っていた@知らなかった	ロボットの反応は自然だった	1. 全くそう思わない@2. あまりそう思わない@3. ややそう思わない@4. どちらとも言えない@5. ややそう思う@6. かなりそう思う@7. 完全にそう思う	ロボットはこの情報に興味を持っている	1. 全くそう思わない@2. あまりそう思わない@3. ややそう思わない@4. どちらとも言えない@5. ややそう思う@6. かなりそう思う@7. 完全にそう思う	ロボットはこの情報に同意している	1. 全くそう思わない@2. あまりそう思わない@3. ややそう思わない@4. どちらとも言えない@5. ややそう思う@6. かなりそう思う@7. 完全にそう思う	
1	0							以下のURLの動画を見て各質問に回答してください。##https://taiga-mori.github.io/questionaire/15aa.html	動画が視聴できた	視聴できた@視聴できなかった	ロボットはこの情報をあらかじめ知っていた	知っていた@知らなかった	ロボットの反応は自然だった	1. 全くそう思わない@2. あまりそう思わない@3. ややそう思わない@4. どちらとも言えない@5. ややそう思う@6. かなりそう思う@7. 完全にそう思う	ロボットはこの情報に興味を持っている	1. 全くそう思わない@2. あまりそう思わない@3. ややそう思わない@4. どちらとも言えない@5. ややそう思う@6. かなりそう思う@7. 完全にそう思う	ロボットはこの情報に同意している	1. 全くそう思わない@2. あまりそう思わない@3. ややそう思わない@4. どちらとも言えない@5. ややそう思う@6. かなりそう思う@7. 完全にそう思う	
1	0							以下のURLの動画を見て各質問に回答してください。##https://taiga-mori.github.io/questionaire/20dsoodane.html	動画が視聴できた	視聴できた@視聴できなかった	ロボットはこの情報をあらかじめ知っていた	知っていた@知らなかった	ロボットの反応は自然だった	1. 全くそう思わない@2. あまりそう思わない@3. ややそう思わない@4. どちらとも言えない@5. ややそう思う@6. かなりそう思う@7. 完全にそう思う	ロボットはこの情報に興味を持っている	1. 全くそう思わない@2. あまりそう思わない@3. ややそう思わない@4. どちらとも言えない@5. ややそう思う@6. かなりそう思う@7. 完全にそう思う	ロボットはこの情報に同意している	1. 全くそう思わない@2. あまりそう思わない@3. ややそう思わない@4. どちらとも言えない@5. ややそう思う@6. かなりそう思う@7. 完全にそう思う	
1	0							以下のURLの動画を見て各質問に回答してください。##https://taiga-mori.github.io/questionaire/14uaa.html	動画が視聴できた	視聴できた@視聴できなかった	ロボットはこの情報をあらかじめ知っていた	知っていた@知らなかった	ロボットの反応は自然だった	1. 全くそう思わない@2. あまりそう思わない@3. ややそう思わない@4. どちらとも言えない@5. ややそう思う@6. かなりそう思う@7. 完全にそう思う	ロボットはこの情報に興味を持っている	1. 全くそう思わない@2. あまりそう思わない@3. ややそう思わない@4. どちらとも言えない@5. ややそう思う@6. かなりそう思う@7. 完全にそう思う	ロボットはこの情報に同意している	1. 全くそう思わない@2. あまりそう思わない@3. ややそう思わない@4. どちらとも言えない@5. ややそう思う@6. かなりそう思う@7. 完全にそう思う	
1	0							以下のURLの動画を見て各質問に回答してください。##https://taiga-mori.github.io/questionaire/11u.html	動画が視聴できた	視聴できた@視聴できなかった	ロボットはこの情報をあらかじめ知っていた	知っていた@知らなかった	ロボットの反応は自然だった	1. 全くそう思わない@2. あまりそう思わない@3. ややそう思わない@4. どちらとも言えない@5. ややそう思う@6. かなりそう思う@7. 完全にそう思う	ロボットはこの情報に興味を持っている	1. 全くそう思わない@2. あまりそう思わない@3. ややそう思わない@4. どちらとも言えない@5. ややそう思う@6. かなりそう思う@7. 完全にそう思う	ロボットはこの情報に同意している	1. 全くそう思わない@2. あまりそう思わない@3. ややそう思わない@4. どちらとも言えない@5. ややそう思う@6. かなりそう思う@7. 完全にそう思う	
1	0							以下のURLの動画を見て各質問に回答してください。##https://taiga-mori.github.io/questionaire/24soodane.html	動画が視聴できた	視聴できた@視聴できなかった	ロボットはこの情報をあらかじめ知っていた	知っていた@知らなかった	ロボットの反応は自然だった	1. 全くそう思わない@2. あまりそう思わない@3. ややそう思わない@4. どちらとも言えない@5. ややそう思う@6. かなりそう思う@7. 完全にそう思う	ロボットはこの情報に興味を持っている	1. 全くそう思わない@2. あまりそう思わない@3. ややそう思わない@4. どちらとも言えない@5. ややそう思う@6. かなりそう思う@7. 完全にそう思う	ロボットはこの情報に同意している	1. 全くそう思わない@2. あまりそう思わない@3. ややそう思わない@4. どちらとも言えない@5. ややそう思う@6. かなりそう思う@7. 完全にそう思う	
1	0							あなたの年齢と性別を教えてください。	性別	男性@女性@その他@回答したくない	年齢	10代以下@20代@30代@40代@50代@60代@70代以上	質問はありません。「はい」を選択してください。	はい	質問はありません。「はい」を選択してください。	はい	質問はありません。「はい」を選択してください。	はい	
1	0							以下のURLの動画を見て各質問に回答してください。##https://taiga-mori.github.io/questionaire/2d.html	動画が視聴できた	視聴できた@視聴できなかった	ロボットはこの情報をあらかじめ知っていた	知っていた@知らなかった	ロボットの反応は自然だった	1. 全くそう思わない@2. あまりそう思わない@3. ややそう思わない@4. どちらとも言えない@5. ややそう思う@6. かなりそう思う@7. 完全にそう思う	ロボットはこの情報に興味を持っている	1. 全くそう思わない@2. あまりそう思わない@3. ややそう思わない@4. どちらとも言えない@5. ややそう思う@6. かなりそう思う@7. 完全にそう思う	ロボットはこの情報に同意している	1. 全くそう思わない@2. あまりそう思わない@3. ややそう思わない@4. どちらとも言えない@5. ややそう思う@6. かなりそう思う@7. 完全にそう思う	
1	0							以下のURLの動画を見て各質問に回答してください。##https://taiga-mori.github.io/questionaire/4dsoosoo.html	動画が視聴できた	視聴できた@視聴できなかった	ロボットはこの情報をあらかじめ知っていた	知っていた@知らなかった	ロボットの反応は自然だった	1. 全くそう思わない@2. あまりそう思わない@3. ややそう思わない@4. どちらとも言えない@5. ややそう思う@6. かなりそう思う@7. 完全にそう思う	ロボットはこの情報に興味を持っている	1. 全くそう思わない@2. あまりそう思わない@3. ややそう思わない@4. どちらとも言えない@5. ややそう思う@6. かなりそう思う@7. 完全にそう思う	ロボットはこの情報に同意している	1. 全くそう思わない@2. あまりそう思わない@3. ややそう思わない@4. どちらとも言えない@5. ややそう思う@6. かなりそう思う@7. 完全にそう思う	
1	0							以下のURLの動画を見て各質問に回答してください。##https://taiga-mori.github.io/questionaire/14hee.html	動画が視聴できた	視聴できた@視聴できなかった	ロボットはこの情報をあらかじめ知っていた	知っていた@知らなかった	ロボットの反応は自然だった	1. 全くそう思わない@2. あまりそう思わない@3. ややそう思わない@4. どちらとも言えない@5. ややそう思う@6. かなりそう思う@7. 完全にそう思う	ロボットはこの情報に興味を持っている	1. 全くそう思わない@2. あまりそう思わない@3. ややそう思わない@4. どちらとも言えない@5. ややそう思う@6. かなりそう思う@7. 完全にそう思う	ロボットはこの情報に同意している	1. 全くそう思わない@2. あまりそう思わない@3. ややそう思わない@4. どちらとも言えない@5. ややそう思う@6. かなりそう思う@7. 完全にそう思う	
1	0							以下のURLの動画を見て各質問に回答してください。##https://taiga-mori.github.io/questionaire/8u.html	動画が視聴できた	視聴できた@視聴できなかった	ロボットはこの情報をあらかじめ知っていた	知っていた@知らなかった	ロボットの反応は自然だった	1. 全くそう思わない@2. あまりそう思わない@3. ややそう思わない@4. どちらとも言えない@5. ややそう思う@6. かなりそう思う@7. 完全にそう思う	ロボットはこの情報に興味を持っている	1. 全くそう思わない@2. あまりそう思わない@3. ややそう思わない@4. どちらとも言えない@5. ややそう思う@6. かなりそう思う@7. 完全にそう思う	ロボットはこの情報に同意している	1. 全くそう思わない@2. あまりそう思わない@3. ややそう思わない@4. どちらとも言えない@5. ややそう思う@6. かなりそう思う@7. 完全にそう思う	
1	0							以下のURLの動画を見て各質問に回答してください。##https://taiga-mori.github.io/questionaire/17soosoo.html	動画が視聴できた	視聴できた@視聴できなかった	ロボットはこの情報をあらかじめ知っていた	知っていた@知らなかった	ロボットの反応は自然だった	1. 全くそう思わない@2. あまりそう思わない@3. ややそう思わない@4. どちらとも言えない@5. ややそう思う@6. かなりそう思う@7. 完全にそう思う	ロボットはこの情報に興味を持っている	1. 全くそう思わない@2. あまりそう思わない@3. ややそう思わない@4. どちらとも言えない@5. ややそう思う@6. かなりそう思う@7. 完全にそう思う	ロボットはこの情報に同意している	1. 全くそう思わない@2. あまりそう思わない@3. ややそう思わない@4. どちらとも言えない@5. ややそう思う@6. かなりそう思う@7. 完全にそう思う	
1	0							以下のURLの動画を見て各質問に回答してください。##https://taiga-mori.github.io/questionaire/24uhee.html	動画が視聴できた	視聴できた@視聴できなかった	ロボットはこの情報をあらかじめ知っていた	知っていた@知らなかった	ロボットの反応は自然だった	1. 全くそう思わない@2. あまりそう思わない@3. ややそう思わない@4. どちらとも言えない@5. ややそう思う@6. かなりそう思う@7. 完全にそう思う	ロボットはこの情報に興味を持っている	1. 全くそう思わない@2. あまりそう思わない@3. ややそう思わない@4. どちらとも言えない@5. ややそう思う@6. かなりそう思う@7. 完全にそう思う	ロボットはこの情報に同意している	1. 全くそう思わない@2. あまりそう思わない@3. ややそう思わない@4. どちらとも言えない@5. ややそう思う@6. かなりそう思う@7. 完全にそう思う	
1	0							以下のURLの動画を見て各質問に回答してください。##https://taiga-mori.github.io/questionaire/5dhee.html	動画が視聴できた	視聴できた@視聴できなかった	ロボットはこの情報をあらかじめ知っていた	知っていた@知らなかった	ロボットの反応は自然だった	1. 全くそう思わない@2. あまりそう思わない@3. ややそう思わない@4. どちらとも言えない@5. ややそう思う@6. かなりそう思う@7. 完全にそう思う	ロボットはこの情報に興味を持っている	1. 全くそう思わない@2. あまりそう思わない@3. ややそう思わない@4. どちらとも言えない@5. ややそう思う@6. かなりそう思う@7. 完全にそう思う	ロボットはこの情報に同意している	1. 全くそう思わない@2. あまりそう思わない@3. ややそう思わない@4. どちらとも言えない@5. ややそう思う@6. かなりそう思う@7. 完全にそう思う	
1	0							以下のURLの動画を見て各質問に回答してください。##https://taiga-mori.github.io/questionaire/3usoosoo.html	動画が視聴できた	視聴できた@視聴できなかった	ロボットはこの情報をあらかじめ知っていた	知っていた@知らなかった	ロボットの反応は自然だった	1. 全くそう思わない@2. あまりそう思わない@3. ややそう思わない@4. どちらとも言えない@5. ややそう思う@6. かなりそう思う@7. 完全にそう思う	ロボットはこの情報に興味を持っている	1. 全くそう思わない@2. あまりそう思わない@3. ややそう思わない@4. どちらとも言えない@5. ややそう思う@6. かなりそう思う@7. 完全にそう思う	ロボットはこの情報に同意している	1. 全くそう思わない@2. あまりそう思わない@3. ややそう思わない@4. どちらとも言えない@5. ややそう思う@6. かなりそう思う@7. 完全にそう思う	
1	0							以下のURLの動画を見て各質問に回答してください。##https://taiga-mori.github.io/questionaire/18u.html	動画が視聴できた	視聴できた@視聴できなかった	ロボットはこの情報をあらかじめ知っていた	知っていた@知らなかった	ロボットの反応は自然だった	1. 全くそう思わない@2. あまりそう思わない@3. ややそう思わない@4. どちらとも言えない@5. ややそう思う@6. かなりそう思う@7. 完全にそう思う	ロボットはこの情報に興味を持っている	1. 全くそう思わない@2. あまりそう思わない@3. ややそう思わない@4. どちらとも言えない@5. ややそう思う@6. かなりそう思う@7. 完全にそう思う	ロボットはこの情報に同意している	1. 全くそう思わない@2. あまりそう思わない@3. ややそう思わない@4. どちらとも言えない@5. ややそう思う@6. かなりそう思う@7. 完全にそう思う	
1	0							以下のURLの動画を見て各質問に回答してください。##https://taiga-mori.github.io/questionaire/23usoodane.html	動画が視聴できた	視聴できた@視聴できなかった	ロボットはこの情報をあらかじめ知っていた	知っていた@知らなかった	ロボットの反応は自然だった	1. 全くそう思わない@2. あまりそう思わない@3. ややそう思わない@4. どちらとも言えない@5. ややそう思う@6. かなりそう思う@7. 完全にそう思う	ロボットはこの情報に興味を持っている	1. 全くそう思わない@2. あまりそう思わない@3. ややそう思わない@4. どちらとも言えない@5. ややそう思う@6. かなりそう思う@7. 完全にそう思う	ロボットはこの情報に同意している	1. 全くそう思わない@2. あまりそう思わない@3. ややそう思わない@4. どちらとも言えない@5. ややそう思う@6. かなりそう思う@7. 完全にそう思う	
1	0							以下のURLの動画を見て各質問に回答してください。##https://taiga-mori.github.io/questionaire/13uaa.html	動画が視聴できた	視聴できた@視聴できなかった	ロボットはこの情報をあらかじめ知っていた	知っていた@知らなかった	ロボットの反応は自然だった	1. 全くそう思わない@2. あまりそう思わない@3. ややそう思わない@4. どちらとも言えない@5. ややそう思う@6. かなりそう思う@7. 完全にそう思う	ロボットはこの情報に興味を持っている	1. 全くそう思わない@2. あまりそう思わない@3. ややそう思わない@4. どちらとも言えない@5. ややそう思う@6. かなりそう思う@7. 完全にそう思う	ロボットはこの情報に同意している	1. 全くそう思わない@2. あまりそう思わない@3. ややそう思わない@4. どちらとも言えない@5. ややそう思う@6. かなりそう思う@7. 完全にそう思う	
1	0							以下のURLの動画を見て各質問に回答してください。##https://taiga-mori.github.io/questionaire/11dsoodane.html	動画が視聴できた	視聴できた@視聴できなかった	ロボットはこの情報をあらかじめ知っていた	知っていた@知らなかった	ロボットの反応は自然だった	1. 全くそう思わない@2. あまりそう思わない@3. ややそう思わない@4. どちらとも言えない@5. ややそう思う@6. かなりそう思う@7. 完全にそう思う	ロボットはこの情報に興味を持っている	1. 全くそう思わない@2. あまりそう思わない@3. ややそう思わない@4. どちらとも言えない@5. ややそう思う@6. かなりそう思う@7. 完全にそう思う	ロボットはこの情報に同意している	1. 全くそう思わない@2. あまりそう思わない@3. ややそう思わない@4. どちらとも言えない@5. ややそう思う@6. かなりそう思う@7. 完全にそう思う	
1	0							以下のURLの動画を見て各質問に回答してください。##https://taiga-mori.github.io/questionaire/6daa.html	動画が視聴できた	視聴できた@視聴できなかった	ロボットはこの情報をあらかじめ知っていた	知っていた@知らなかった	ロボットの反応は自然だった	1. 全くそう思わない@2. あまりそう思わない@3. ややそう思わない@4. どちらとも言えない@5. ややそう思う@6. かなりそう思う@7. 完全にそう思う	ロボットはこの情報に興味を持っている	1. 全くそう思わない@2. あまりそう思わない@3. ややそう思わない@4. どちらとも言えない@5. ややそう思う@6. かなりそう思う@7. 完全にそう思う	ロボットはこの情報に同意している	1. 全くそう思わない@2. あまりそう思わない@3. ややそう思わない@4. どちらとも言えない@5. ややそう思う@6. かなりそう思う@7. 完全にそう思う	
1	0							以下のURLの動画を見て各質問に回答してください。##https://taiga-mori.github.io/questionaire/15soodane.html	動画が視聴できた	視聴できた@視聴できなかった	ロボットはこの情報をあらかじめ知っていた	知っていた@知らなかった	ロボットの反応は自然だった	1. 全くそう思わない@2. あまりそう思わない@3. ややそう思わない@4. どちらとも言えない@5. ややそう思う@6. かなりそう思う@7. 完全にそう思う	ロボットはこの情報に興味を持っている	1. 全くそう思わない@2. あまりそう思わない@3. ややそう思わない@4. どちらとも言えない@5. ややそう思う@6. かなりそう思う@7. 完全にそう思う	ロボットはこの情報に同意している	1. 全くそう思わない@2. あまりそう思わない@3. ややそう思わない@4. どちらとも言えない@5. ややそう思う@6. かなりそう思う@7. 完全にそう思う	
1	0							以下のURLの動画を見て各質問に回答してください。##https://taiga-mori.github.io/questionaire/10d.html	動画が視聴できた	視聴できた@視聴できなかった	ロボットはこの情報をあらかじめ知っていた	知っていた@知らなかった	ロボットの反応は自然だった	1. 全くそう思わない@2. あまりそう思わない@3. ややそう思わない@4. どちらとも言えない@5. ややそう思う@6. かなりそう思う@7. 完全にそう思う	ロボットはこの情報に興味を持っている	1. 全くそう思わない@2. あまりそう思わない@3. ややそう思わない@4. どちらとも言えない@5. ややそう思う@6. かなりそう思う@7. 完全にそう思う	ロボットはこの情報に同意している	1. 全くそう思わない@2. あまりそう思わない@3. ややそう思わない@4. どちらとも言えない@5. ややそう思う@6. かなりそう思う@7. 完全にそう思う	
1	0							以下のURLの動画を見て各質問に回答してください。##https://taiga-mori.github.io/questionaire/21aa.html	動画が視聴できた	視聴できた@視聴できなかった	ロボットはこの情報をあらかじめ知っていた	知っていた@知らなかった	ロボットの反応は自然だった	1. 全くそう思わない@2. あまりそう思わない@3. ややそう思わない@4. どちらとも言えない@5. ややそう思う@6. かなりそう思う@7. 完全にそう思う	ロボットはこの情報に興味を持っている	1. 全くそう思わない@2. あまりそう思わない@3. ややそう思わない@4. どちらとも言えない@5. ややそう思う@6. かなりそう思う@7. 完全にそう思う	ロボットはこの情報に同意している	1. 全くそう思わない@2. あまりそう思わない@3. ややそう思わない@4. どちらとも言えない@5. ややそう思う@6. かなりそう思う@7. 完全にそう思う	
1	0							以下のURLの動画を見て各質問に回答してください。##https://taiga-mori.github.io/questionaire/12dhuun.html	動画が視聴できた	視聴できた@視聴できなかった	ロボットはこの情報をあらかじめ知っていた	知っていた@知らなかった	ロボットの反応は自然だった	1. 全くそう思わない@2. あまりそう思わない@3. ややそう思わない@4. どちらとも言えない@5. ややそう思う@6. かなりそう思う@7. 完全にそう思う	ロボットはこの情報に興味を持っている	1. 全くそう思わない@2. あまりそう思わない@3. ややそう思わない@4. どちらとも言えない@5. ややそう思う@6. かなりそう思う@7. 完全にそう思う	ロボットはこの情報に同意している	1. 全くそう思わない@2. あまりそう思わない@3. ややそう思わない@4. どちらとも言えない@5. ややそう思う@6. かなりそう思う@7. 完全にそう思う	
1	0							以下のURLの動画を見て各質問に回答してください。##https://taiga-mori.github.io/questionaire/7dunun.html	動画が視聴できた	視聴できた@視聴できなかった	ロボットはこの情報をあらかじめ知っていた	知っていた@知らなかった	ロボットの反応は自然だった	1. 全くそう思わない@2. あまりそう思わない@3. ややそう思わない@4. どちらとも言えない@5. ややそう思う@6. かなりそう思う@7. 完全にそう思う	ロボットはこの情報に興味を持っている	1. 全くそう思わない@2. あまりそう思わない@3. ややそう思わない@4. どちらとも言えない@5. ややそう思う@6. かなりそう思う@7. 完全にそう思う	ロボットはこの情報に同意している	1. 全くそう思わない@2. あまりそう思わない@3. ややそう思わない@4. どちらとも言えない@5. ややそう思う@6. かなりそう思う@7. 完全にそう思う	
1	0							以下のURLの動画を見て各質問に回答してください。##https://taiga-mori.github.io/questionaire/1d.html	動画が視聴できた	視聴できた@視聴できなかった	ロボットはこの情報をあらかじめ知っていた	知っていた@知らなかった	ロボットの反応は自然だった	1. 全くそう思わない@2. あまりそう思わない@3. ややそう思わない@4. どちらとも言えない@5. ややそう思う@6. かなりそう思う@7. 完全にそう思う	ロボットはこの情報に興味を持っている	1. 全くそう思わない@2. あまりそう思わない@3. ややそう思わない@4. どちらとも言えない@5. ややそう思う@6. かなりそう思う@7. 完全にそう思う	ロボットはこの情報に同意している	1. 全くそう思わない@2. あまりそう思わない@3. ややそう思わない@4. どちらとも言えない@5. ややそう思う@6. かなりそう思う@7. 完全にそう思う	
1	0							以下のURLの動画を見て各質問に回答してください。##https://taiga-mori.github.io/questionaire/16unun.html	動画が視聴できた	視聴できた@視聴できなかった	ロボットはこの情報をあらかじめ知っていた	知っていた@知らなかった	ロボットの反応は自然だった	1. 全くそう思わない@2. あまりそう思わない@3. ややそう思わない@4. どちらとも言えない@5. ややそう思う@6. かなりそう思う@7. 完全にそう思う	ロボットはこの情報に興味を持っている	1. 全くそう思わない@2. あまりそう思わない@3. ややそう思わない@4. どちらとも言えない@5. ややそう思う@6. かなりそう思う@7. 完全にそう思う	ロボットはこの情報に同意している	1. 全くそう思わない@2. あまりそう思わない@3. ややそう思わない@4. どちらとも言えない@5. ややそう思う@6. かなりそう思う@7. 完全にそう思う	
1	0							以下のURLの動画を見て各質問に回答してください。##https://taiga-mori.github.io/questionaire/9u.html	動画が視聴できた	視聴できた@視聴できなかった	ロボットはこの情報をあらかじめ知っていた	知っていた@知らなかった	ロボットの反応は自然だった	1. 全くそう思わない@2. あまりそう思わない@3. ややそう思わない@4. どちらとも言えない@5. ややそう思う@6. かなりそう思う@7. 完全にそう思う	ロボットはこの情報に興味を持っている	1. 全くそう思わない@2. あまりそう思わない@3. ややそう思わない@4. どちらとも言えない@5. ややそう思う@6. かなりそう思う@7. 完全にそう思う	ロボットはこの情報に同意している	1. 全くそう思わない@2. あまりそう思わない@3. ややそう思わない@4. どちらとも言えない@5. ややそう思う@6. かなりそう思う@7. 完全にそう思う	
1	0							以下のURLの動画を見て各質問に回答してください。##https://taiga-mori.github.io/questionaire/20huun.html	動画が視聴できた	視聴できた@視聴できなかった	ロボットはこの情報をあらかじめ知っていた	知っていた@知らなかった	ロボットの反応は自然だった	1. 全くそう思わない@2. あまりそう思わない@3. ややそう思わない@4. どちらとも言えない@5. ややそう思う@6. かなりそう思う@7. 完全にそう思う	ロボットはこの情報に興味を持っている	1. 全くそう思わない@2. あまりそう思わない@3. ややそう思わない@4. どちらとも言えない@5. ややそう思う@6. かなりそう思う@7. 完全にそう思う	ロボットはこの情報に同意している	1. 全くそう思わない@2. あまりそう思わない@3. ややそう思わない@4. どちらとも言えない@5. ややそう思う@6. かなりそう思う@7. 完全にそう思う	
1	0							以下のURLの動画を見て各質問に回答してください。##https://taiga-mori.github.io/questionaire/19uhuun.html	動画が視聴できた	視聴できた@視聴できなかった	ロボットはこの情報をあらかじめ知っていた	知っていた@知らなかった	ロボットの反応は自然だった	1. 全くそう思わない@2. あまりそう思わない@3. ややそう思わない@4. どちらとも言えない@5. ややそう思う@6. かなりそう思う@7. 完全にそう思う	ロボットはこの情報に興味を持っている	1. 全くそう思わない@2. あまりそう思わない@3. ややそう思わない@4. どちらとも言えない@5. ややそう思う@6. かなりそう思う@7. 完全にそう思う	ロボットはこの情報に同意している	1. 全くそう思わない@2. あまりそう思わない@3. ややそう思わない@4. どちらとも言えない@5. ややそう思う@6. かなりそう思う@7. 完全にそう思う	
1	0							以下のURLの動画を見て各質問に回答してください。##https://taiga-mori.github.io/questionaire/22uunun.html	動画が視聴できた	視聴できた@視聴できなかった	ロボットはこの情報をあらかじめ知っていた	知っていた@知らなかった	ロボットの反応は自然だった	1. 全くそう思わない@2. あまりそう思わない@3. ややそう思わない@4. どちらとも言えない@5. ややそう思う@6. かなりそう思う@7. 完全にそう思う	ロボットはこの情報に興味を持っている	1. 全くそう思わない@2. あまりそう思わない@3. ややそう思わない@4. どちらとも言えない@5. ややそう思う@6. かなりそう思う@7. 完全にそう思う	ロボットはこの情報に同意している	1. 全くそう思わない@2. あまりそう思わない@3. ややそう思わない@4. どちらとも言えない@5. ややそう思う@6. かなりそう思う@7. 完全にそう思う	
1	0							あなたの年齢と性別を教えてください。	性別	男性@女性@その他@回答したくない	年齢	10代以下@20代@30代@40代@50代@60代@70代以上	質問はありません。「はい」を選択してください。	はい	質問はありません。「はい」を選択してください。	はい	質問はありません。「はい」を選択してください。	はい	
1	0							以下のURLの動画を見て各質問に回答してください。##https://taiga-mori.github.io/questionaire/10dsoodane.html	動画が視聴できた	視聴できた@視聴できなかった	ロボットはこの情報をあらかじめ知っていた	知っていた@知らなかった	ロボットの反応は自然だった	1. 全くそう思わない@2. あまりそう思わない@3. ややそう思わない@4. どちらとも言えない@5. ややそう思う@6. かなりそう思う@7. 完全にそう思う	ロボットはこの情報に興味を持っている	1. 全くそう思わない@2. あまりそう思わない@3. ややそう思わない@4. どちらとも言えない@5. ややそう思う@6. かなりそう思う@7. 完全にそう思う	ロボットはこの情報に同意している	1. 全くそう思わない@2. あまりそう思わない@3. ややそう思わない@4. どちらとも言えない@5. ややそう思う@6. かなりそう思う@7. 完全にそう思う	
1	0							以下のURLの動画を見て各質問に回答してください。##https://taiga-mori.github.io/questionaire/8soodane.html	動画が視聴できた	視聴できた@視聴できなかった	ロボットはこの情報をあらかじめ知っていた	知っていた@知らなかった	ロボットの反応は自然だった	1. 全くそう思わない@2. あまりそう思わない@3. ややそう思わない@4. どちらとも言えない@5. ややそう思う@6. かなりそう思う@7. 完全にそう思う	ロボットはこの情報に興味を持っている	1. 全くそう思わない@2. あまりそう思わない@3. ややそう思わない@4. どちらとも言えない@5. ややそう思う@6. かなりそう思う@7. 完全にそう思う	ロボットはこの情報に同意している	1. 全くそう思わない@2. あまりそう思わない@3. ややそう思わない@4. どちらとも言えない@5. ややそう思う@6. かなりそう思う@7. 完全にそう思う	
1	0							以下のURLの動画を見て各質問に回答してください。##https://taiga-mori.github.io/questionaire/12d.html	動画が視聴できた	視聴できた@視聴できなかった	ロボットはこの情報をあらかじめ知っていた	知っていた@知らなかった	ロボットの反応は自然だった	1. 全くそう思わない@2. あまりそう思わない@3. ややそう思わない@4. どちらとも言えない@5. ややそう思う@6. かなりそう思う@7. 完全にそう思う	ロボットはこの情報に興味を持っている	1. 全くそう思わない@2. あまりそう思わない@3. ややそう思わない@4. どちらとも言えない@5. ややそう思う@6. かなりそう思う@7. 完全にそう思う	ロボットはこの情報に同意している	1. 全くそう思わない@2. あまりそう思わない@3. ややそう思わない@4. どちらとも言えない@5. ややそう思う@6. かなりそう思う@7. 完全にそう思う	
1	0							以下のURLの動画を見て各質問に回答してください。##https://taiga-mori.github.io/questionaire/14aa.html	動画が視聴できた	視聴できた@視聴できなかった	ロボットはこの情報をあらかじめ知っていた	知っていた@知らなかった	ロボットの反応は自然だった	1. 全くそう思わない@2. あまりそう思わない@3. ややそう思わない@4. どちらとも言えない@5. ややそう思う@6. かなりそう思う@7. 完全にそう思う	ロボットはこの情報に興味を持っている	1. 全くそう思わない@2. あまりそう思わない@3. ややそう思わない@4. どちらとも言えない@5. ややそう思う@6. かなりそう思う@7. 完全にそう思う	ロボットはこの情報に同意している	1. 全くそう思わない@2. あまりそう思わない@3. ややそう思わない@4. どちらとも言えない@5. ややそう思う@6. かなりそう思う@7. 完全にそう思う	
1	0							以下のURLの動画を見て各質問に回答してください。##https://taiga-mori.github.io/questionaire/19usoodane.html	動画が視聴できた	視聴できた@視聴できなかった	ロボットはこの情報をあらかじめ知っていた	知っていた@知らなかった	ロボットの反応は自然だった	1. 全くそう思わない@2. あまりそう思わない@3. ややそう思わない@4. どちらとも言えない@5. ややそう思う@6. かなりそう思う@7. 完全にそう思う	ロボットはこの情報に興味を持っている	1. 全くそう思わない@2. あまりそう思わない@3. ややそう思わない@4. どちらとも言えない@5. ややそう思う@6. かなりそう思う@7. 完全にそう思う	ロボットはこの情報に同意している	1. 全くそう思わない@2. あまりそう思わない@3. ややそう思わない@4. どちらとも言えない@5. ややそう思う@6. かなりそう思う@7. 完全にそう思う	
1	0							以下のURLの動画を見て各質問に回答してください。##https://taiga-mori.github.io/questionaire/7uaa.html	動画が視聴できた	視聴できた@視聴できなかった	ロボットはこの情報をあらかじめ知っていた	知っていた@知らなかった	ロボットの反応は自然だった	1. 全くそう思わない@2. あまりそう思わない@3. ややそう思わない@4. どちらとも言えない@5. ややそう思う@6. かなりそう思う@7. 完全にそう思う	ロボットはこの情報に興味を持っている	1. 全くそう思わない@2. あまりそう思わない@3. ややそう思わない@4. どちらとも言えない@5. ややそう思う@6. かなりそう思う@7. 完全にそう思う	ロボットはこの情報に同意している	1. 全くそう思わない@2. あまりそう思わない@3. ややそう思わない@4. どちらとも言えない@5. ややそう思う@6. かなりそう思う@7. 完全にそう思う	
1	0							以下のURLの動画を見て各質問に回答してください。##https://taiga-mori.github.io/questionaire/9daa.html	動画が視聴できた	視聴できた@視聴できなかった	ロボットはこの情報をあらかじめ知っていた	知っていた@知らなかった	ロボットの反応は自然だった	1. 全くそう思わない@2. あまりそう思わない@3. ややそう思わない@4. どちらとも言えない@5. ややそう思う@6. かなりそう思う@7. 完全にそう思う	ロボットはこの情報に興味を持っている	1. 全くそう思わない@2. あまりそう思わない@3. ややそう思わない@4. どちらとも言えない@5. ややそう思う@6. かなりそう思う@7. 完全にそう思う	ロボットはこの情報に同意している	1. 全くそう思わない@2. あまりそう思わない@3. ややそう思わない@4. どちらとも言えない@5. ややそう思う@6. かなりそう思う@7. 完全にそう思う	
1	0							以下のURLの動画を見て各質問に回答してください。##https://taiga-mori.github.io/questionaire/23u.html	動画が視聴できた	視聴できた@視聴できなかった	ロボットはこの情報をあらかじめ知っていた	知っていた@知らなかった	ロボットの反応は自然だった	1. 全くそう思わない@2. あまりそう思わない@3. ややそう思わない@4. どちらとも言えない@5. ややそう思う@6. かなりそう思う@7. 完全にそう思う	ロボットはこの情報に興味を持っている	1. 全くそう思わない@2. あまりそう思わない@3. ややそう思わない@4. どちらとも言えない@5. ややそう思う@6. かなりそう思う@7. 完全にそう思う	ロボットはこの情報に同意している	1. 全くそう思わない@2. あまりそう思わない@3. ややそう思わない@4. どちらとも言えない@5. ややそう思う@6. かなりそう思う@7. 完全にそう思う	
1	0							以下のURLの動画を見て各質問に回答してください。##https://taiga-mori.github.io/questionaire/2soosoo.html	動画が視聴できた	視聴できた@視聴できなかった	ロボットはこの情報をあらかじめ知っていた	知っていた@知らなかった	ロボットの反応は自然だった	1. 全くそう思わない@2. あまりそう思わない@3. ややそう思わない@4. どちらとも言えない@5. ややそう思う@6. かなりそう思う@7. 完全にそう思う	ロボットはこの情報に興味を持っている	1. 全くそう思わない@2. あまりそう思わない@3. ややそう思わない@4. どちらとも言えない@5. ややそう思う@6. かなりそう思う@7. 完全にそう思う	ロボットはこの情報に同意している	1. 全くそう思わない@2. あまりそう思わない@3. ややそう思わない@4. どちらとも言えない@5. ややそう思う@6. かなりそう思う@7. 完全にそう思う	
1	0							以下のURLの動画を見て各質問に回答してください。##https://taiga-mori.github.io/questionaire/24dhuun.html	動画が視聴できた	視聴できた@視聴できなかった	ロボットはこの情報をあらかじめ知っていた	知っていた@知らなかった	ロボットの反応は自然だった	1. 全くそう思わない@2. あまりそう思わない@3. ややそう思わない@4. どちらとも言えない@5. ややそう思う@6. かなりそう思う@7. 完全にそう思う	ロボットはこの情報に興味を持っている	1. 全くそう思わない@2. あまりそう思わない@3. ややそう思わない@4. どちらとも言えない@5. ややそう思う@6. かなりそう思う@7. 完全にそう思う	ロボットはこの情報に同意している	1. 全くそう思わない@2. あまりそう思わない@3. ややそう思わない@4. どちらとも言えない@5. ややそう思う@6. かなりそう思う@7. 完全にそう思う	
1	0							以下のURLの動画を見て各質問に回答してください。##https://taiga-mori.github.io/questionaire/13d.html	動画が視聴できた	視聴できた@視聴できなかった	ロボットはこの情報をあらかじめ知っていた	知っていた@知らなかった	ロボットの反応は自然だった	1. 全くそう思わない@2. あまりそう思わない@3. ややそう思わない@4. どちらとも言えない@5. ややそう思う@6. かなりそう思う@7. 完全にそう思う	ロボットはこの情報に興味を持っている	1. 全くそう思わない@2. あまりそう思わない@3. ややそう思わない@4. どちらとも言えない@5. ややそう思う@6. かなりそう思う@7. 完全にそう思う	ロボットはこの情報に同意している	1. 全くそう思わない@2. あまりそう思わない@3. ややそう思わない@4. どちらとも言えない@5. ややそう思う@6. かなりそう思う@7. 完全にそう思う	
1	0							以下のURLの動画を見て各質問に回答してください。##https://taiga-mori.github.io/questionaire/18uhuun.html	動画が視聴できた	視聴できた@視聴できなかった	ロボットはこの情報をあらかじめ知っていた	知っていた@知らなかった	ロボットの反応は自然だった	1. 全くそう思わない@2. あまりそう思わない@3. ややそう思わない@4. どちらとも言えない@5. ややそう思う@6. かなりそう思う@7. 完全にそう思う	ロボットはこの情報に興味を持っている	1. 全くそう思わない@2. あまりそう思わない@3. ややそう思わない@4. どちらとも言えない@5. ややそう思う@6. かなりそう思う@7. 完全にそう思う	ロボットはこの情報に同意している	1. 全くそう思わない@2. あまりそう思わない@3. ややそう思わない@4. どちらとも言えない@5. ややそう思う@6. かなりそう思う@7. 完全にそう思う	
1	0							以下のURLの動画を見て各質問に回答してください。##https://taiga-mori.github.io/questionaire/15u.html	動画が視聴できた	視聴できた@視聴できなかった	ロボットはこの情報をあらかじめ知っていた	知っていた@知らなかった	ロボットの反応は自然だった	1. 全くそう思わない@2. あまりそう思わない@3. ややそう思わない@4. どちらとも言えない@5. ややそう思う@6. かなりそう思う@7. 完全にそう思う	ロボットはこの情報に興味を持っている	1. 全くそう思わない@2. あまりそう思わない@3. ややそう思わない@4. どちらとも言えない@5. ややそう思う@6. かなりそう思う@7. 完全にそう思う	ロボットはこの情報に同意している	1. 全くそう思わない@2. あまりそう思わない@3. ややそう思わない@4. どちらとも言えない@5. ややそう思う@6. かなりそう思う@7. 完全にそう思う	
1	0							以下のURLの動画を見て各質問に回答してください。##https://taiga-mori.github.io/questionaire/20huun.html	動画が視聴できた	視聴できた@視聴できなかった	ロボットはこの情報をあらかじめ知っていた	知っていた@知らなかった	ロボットの反応は自然だった	1. 全くそう思わない@2. あまりそう思わない@3. ややそう思わない@4. どちらとも言えない@5. ややそう思う@6. かなりそう思う@7. 完全にそう思う	ロボットはこの情報に興味を持っている	1. 全くそう思わない@2. あまりそう思わない@3. ややそう思わない@4. どちらとも言えない@5. ややそう思う@6. かなりそう思う@7. 完全にそう思う	ロボットはこの情報に同意している	1. 全くそう思わない@2. あまりそう思わない@3. ややそう思わない@4. どちらとも言えない@5. ややそう思う@6. かなりそう思う@7. 完全にそう思う	
1	0							以下のURLの動画を見て各質問に回答してください。##https://taiga-mori.github.io/questionaire/11dsoosoo.html	動画が視聴できた	視聴できた@視聴できなかった	ロボットはこの情報をあらかじめ知っていた	知っていた@知らなかった	ロボットの反応は自然だった	1. 全くそう思わない@2. あまりそう思わない@3. ややそう思わない@4. どちらとも言えない@5. ややそう思う@6. かなりそう思う@7. 完全にそう思う	ロボットはこの情報に興味を持っている	1. 全くそう思わない@2. あまりそう思わない@3. ややそう思わない@4. どちらとも言えない@5. ややそう思う@6. かなりそう思う@7. 完全にそう思う	ロボットはこの情報に同意している	1. 全くそう思わない@2. あまりそう思わない@3. ややそう思わない@4. どちらとも言えない@5. ややそう思う@6. かなりそう思う@7. 完全にそう思う	
1	0							以下のURLの動画を見て各質問に回答してください。##https://taiga-mori.github.io/questionaire/4usoosoo.html	動画が視聴できた	視聴できた@視聴できなかった	ロボットはこの情報をあらかじめ知っていた	知っていた@知らなかった	ロボットの反応は自然だった	1. 全くそう思わない@2. あまりそう思わない@3. ややそう思わない@4. どちらとも言えない@5. ややそう思う@6. かなりそう思う@7. 完全にそう思う	ロボットはこの情報に興味を持っている	1. 全くそう思わない@2. あまりそう思わない@3. ややそう思わない@4. どちらとも言えない@5. ややそう思う@6. かなりそう思う@7. 完全にそう思う	ロボットはこの情報に同意している	1. 全くそう思わない@2. あまりそう思わない@3. ややそう思わない@4. どちらとも言えない@5. ややそう思う@6. かなりそう思う@7. 完全にそう思う	
1	0							以下のURLの動画を見て各質問に回答してください。##https://taiga-mori.github.io/questionaire/16uhee.html	動画が視聴できた	視聴できた@視聴できなかった	ロボットはこの情報をあらかじめ知っていた	知っていた@知らなかった	ロボットの反応は自然だった	1. 全くそう思わない@2. あまりそう思わない@3. ややそう思わない@4. どちらとも言えない@5. ややそう思う@6. かなりそう思う@7. 完全にそう思う	ロボットはこの情報に興味を持っている	1. 全くそう思わない@2. あまりそう思わない@3. ややそう思わない@4. どちらとも言えない@5. ややそう思う@6. かなりそう思う@7. 完全にそう思う	ロボットはこの情報に同意している	1. 全くそう思わない@2. あまりそう思わない@3. ややそう思わない@4. どちらとも言えない@5. ややそう思う@6. かなりそう思う@7. 完全にそう思う	
1	0							以下のURLの動画を見て各質問に回答してください。##https://taiga-mori.github.io/questionaire/17unun.html	動画が視聴できた	視聴できた@視聴できなかった	ロボットはこの情報をあらかじめ知っていた	知っていた@知らなかった	ロボットの反応は自然だった	1. 全くそう思わない@2. あまりそう思わない@3. ややそう思わない@4. どちらとも言えない@5. ややそう思う@6. かなりそう思う@7. 完全にそう思う	ロボットはこの情報に興味を持っている	1. 全くそう思わない@2. あまりそう思わない@3. ややそう思わない@4. どちらとも言えない@5. ややそう思う@6. かなりそう思う@7. 完全にそう思う	ロボットはこの情報に同意している	1. 全くそう思わない@2. あまりそう思わない@3. ややそう思わない@4. どちらとも言えない@5. ややそう思う@6. かなりそう思う@7. 完全にそう思う	
1	0							以下のURLの動画を見て各質問に回答してください。##https://taiga-mori.github.io/questionaire/1d.html	動画が視聴できた	視聴できた@視聴できなかった	ロボットはこの情報をあらかじめ知っていた	知っていた@知らなかった	ロボットの反応は自然だった	1. 全くそう思わない@2. あまりそう思わない@3. ややそう思わない@4. どちらとも言えない@5. ややそう思う@6. かなりそう思う@7. 完全にそう思う	ロボットはこの情報に興味を持っている	1. 全くそう思わない@2. あまりそう思わない@3. ややそう思わない@4. どちらとも言えない@5. ややそう思う@6. かなりそう思う@7. 完全にそう思う	ロボットはこの情報に同意している	1. 全くそう思わない@2. あまりそう思わない@3. ややそう思わない@4. どちらとも言えない@5. ややそう思う@6. かなりそう思う@7. 完全にそう思う	
1	0							以下のURLの動画を見て各質問に回答してください。##https://taiga-mori.github.io/questionaire/6uunun.html	動画が視聴できた	視聴できた@視聴できなかった	ロボットはこの情報をあらかじめ知っていた	知っていた@知らなかった	ロボットの反応は自然だった	1. 全くそう思わない@2. あまりそう思わない@3. ややそう思わない@4. どちらとも言えない@5. ややそう思う@6. かなりそう思う@7. 完全にそう思う	ロボットはこの情報に興味を持っている	1. 全くそう思わない@2. あまりそう思わない@3. ややそう思わない@4. どちらとも言えない@5. ややそう思う@6. かなりそう思う@7. 完全にそう思う	ロボットはこの情報に同意している	1. 全くそう思わない@2. あまりそう思わない@3. ややそう思わない@4. どちらとも言えない@5. ややそう思う@6. かなりそう思う@7. 完全にそう思う	
1	0							以下のURLの動画を見て各質問に回答してください。##https://taiga-mori.github.io/questionaire/3dhee.html	動画が視聴できた	視聴できた@視聴できなかった	ロボットはこの情報をあらかじめ知っていた	知っていた@知らなかった	ロボットの反応は自然だった	1. 全くそう思わない@2. あまりそう思わない@3. ややそう思わない@4. どちらとも言えない@5. ややそう思う@6. かなりそう思う@7. 完全にそう思う	ロボットはこの情報に興味を持っている	1. 全くそう思わない@2. あまりそう思わない@3. ややそう思わない@4. どちらとも言えない@5. ややそう思う@6. かなりそう思う@7. 完全にそう思う	ロボットはこの情報に同意している	1. 全くそう思わない@2. あまりそう思わない@3. ややそう思わない@4. どちらとも言えない@5. ややそう思う@6. かなりそう思う@7. 完全にそう思う	
1	0							以下のURLの動画を見て各質問に回答してください。##https://taiga-mori.github.io/questionaire/21hee.html	動画が視聴できた	視聴できた@視聴できなかった	ロボットはこの情報をあらかじめ知っていた	知っていた@知らなかった	ロボットの反応は自然だった	1. 全くそう思わない@2. あまりそう思わない@3. ややそう思わない@4. どちらとも言えない@5. ややそう思う@6. かなりそう思う@7. 完全にそう思う	ロボットはこの情報に興味を持っている	1. 全くそう思わない@2. あまりそう思わない@3. ややそう思わない@4. どちらとも言えない@5. ややそう思う@6. かなりそう思う@7. 完全にそう思う	ロボットはこの情報に同意している	1. 全くそう思わない@2. あまりそう思わない@3. ややそう思わない@4. どちらとも言えない@5. ややそう思う@6. かなりそう思う@7. 完全にそう思う	
1	0							以下のURLの動画を見て各質問に回答してください。##https://taiga-mori.github.io/questionaire/5dunun.html	動画が視聴できた	視聴できた@視聴できなかった	ロボットはこの情報をあらかじめ知っていた	知っていた@知らなかった	ロボットの反応は自然だった	1. 全くそう思わない@2. あまりそう思わない@3. ややそう思わない@4. どちらとも言えない@5. ややそう思う@6. かなりそう思う@7. 完全にそう思う	ロボットはこの情報に興味を持っている	1. 全くそう思わない@2. あまりそう思わない@3. ややそう思わない@4. どちらとも言えない@5. ややそう思う@6. かなりそう思う@7. 完全にそう思う	ロボットはこの情報に同意している	1. 全くそう思わない@2. あまりそう思わない@3. ややそう思わない@4. どちらとも言えない@5. ややそう思う@6. かなりそう思う@7. 完全にそう思う	
1	0							以下のURLの動画を見て各質問に回答してください。##https://taiga-mori.github.io/questionaire/22u.html	動画が視聴できた	視聴できた@視聴できなかった	ロボットはこの情報をあらかじめ知っていた	知っていた@知らなかった	ロボットの反応は自然だった	1. 全くそう思わない@2. あまりそう思わない@3. ややそう思わない@4. どちらとも言えない@5. ややそう思う@6. かなりそう思う@7. 完全にそう思う	ロボットはこの情報に興味を持っている	1. 全くそう思わない@2. あまりそう思わない@3. ややそう思わない@4. どちらとも言えない@5. ややそう思う@6. かなりそう思う@7. 完全にそう思う	ロボットはこの情報に同意している	1. 全くそう思わない@2. あまりそう思わない@3. ややそう思わない@4. どちらとも言えない@5. ややそう思う@6. かなりそう思う@7. 完全にそう思う	
1	0							あなたの年齢と性別を教えてください。	性別	男性@女性@その他@回答したくない	年齢	10代以下@20代@30代@40代@50代@60代@70代以上	質問はありません。「はい」を選択してください。	はい	質問はありません。「はい」を選択してください。	はい	質問はありません。「はい」を選択してください。	はい	
1	0							以下のURLの動画を見て各質問に回答してください。##https://taiga-mori.github.io/questionaire/4u.html	動画が視聴できた	視聴できた@視聴できなかった	ロボットはこの情報をあらかじめ知っていた	知っていた@知らなかった	ロボットの反応は自然だった	1. 全くそう思わない@2. あまりそう思わない@3. ややそう思わない@4. どちらとも言えない@5. ややそう思う@6. かなりそう思う@7. 完全にそう思う	ロボットはこの情報に興味を持っている	1. 全くそう思わない@2. あまりそう思わない@3. ややそう思わない@4. どちらとも言えない@5. ややそう思う@6. かなりそう思う@7. 完全にそう思う	ロボットはこの情報に同意している	1. 全くそう思わない@2. あまりそう思わない@3. ややそう思わない@4. どちらとも言えない@5. ややそう思う@6. かなりそう思う@7. 完全にそう思う	
1	0							以下のURLの動画を見て各質問に回答してください。##https://taiga-mori.github.io/questionaire/22dhuun.html	動画が視聴できた	視聴できた@視聴できなかった	ロボットはこの情報をあらかじめ知っていた	知っていた@知らなかった	ロボットの反応は自然だった	1. 全くそう思わない@2. あまりそう思わない@3. ややそう思わない@4. どちらとも言えない@5. ややそう思う@6. かなりそう思う@7. 完全にそう思う	ロボットはこの情報に興味を持っている	1. 全くそう思わない@2. あまりそう思わない@3. ややそう思わない@4. どちらとも言えない@5. ややそう思う@6. かなりそう思う@7. 完全にそう思う	ロボットはこの情報に同意している	1. 全くそう思わない@2. あまりそう思わない@3. ややそう思わない@4. どちらとも言えない@5. ややそう思う@6. かなりそう思う@7. 完全にそう思う	
1	0							以下のURLの動画を見て各質問に回答してください。##https://taiga-mori.github.io/questionaire/18usoodane.html	動画が視聴できた	視聴できた@視聴できなかった	ロボットはこの情報をあらかじめ知っていた	知っていた@知らなかった	ロボットの反応は自然だった	1. 全くそう思わない@2. あまりそう思わない@3. ややそう思わない@4. どちらとも言えない@5. ややそう思う@6. かなりそう思う@7. 完全にそう思う	ロボットはこの情報に興味を持っている	1. 全くそう思わない@2. あまりそう思わない@3. ややそう思わない@4. どちらとも言えない@5. ややそう思う@6. かなりそう思う@7. 完全にそう思う	ロボットはこの情報に同意している	1. 全くそう思わない@2. あまりそう思わない@3. ややそう思わない@4. どちらとも言えない@5. ややそう思う@6. かなりそう思う@7. 完全にそう思う	
1	0							以下のURLの動画を見て各質問に回答してください。##https://taiga-mori.github.io/questionaire/17huun.html	動画が視聴できた	視聴できた@視聴できなかった	ロボットはこの情報をあらかじめ知っていた	知っていた@知らなかった	ロボットの反応は自然だった	1. 全くそう思わない@2. あまりそう思わない@3. ややそう思わない@4. どちらとも言えない@5. ややそう思う@6. かなりそう思う@7. 完全にそう思う	ロボットはこの情報に興味を持っている	1. 全くそう思わない@2. あまりそう思わない@3. ややそう思わない@4. どちらとも言えない@5. ややそう思う@6. かなりそう思う@7. 完全にそう思う	ロボットはこの情報に同意している	1. 全くそう思わない@2. あまりそう思わない@3. ややそう思わない@4. どちらとも言えない@5. ややそう思う@6. かなりそう思う@7. 完全にそう思う	
1	0							以下のURLの動画を見て各質問に回答してください。##https://taiga-mori.github.io/questionaire/15d.html	動画が視聴できた	視聴できた@視聴できなかった	ロボットはこの情報をあらかじめ知っていた	知っていた@知らなかった	ロボットの反応は自然だった	1. 全くそう思わない@2. あまりそう思わない@3. ややそう思わない@4. どちらとも言えない@5. ややそう思う@6. かなりそう思う@7. 完全にそう思う	ロボットはこの情報に興味を持っている	1. 全くそう思わない@2. あまりそう思わない@3. ややそう思わない@4. どちらとも言えない@5. ややそう思う@6. かなりそう思う@7. 完全にそう思う	ロボットはこの情報に同意している	1. 全くそう思わない@2. あまりそう思わない@3. ややそう思わない@4. どちらとも言えない@5. ややそう思う@6. かなりそう思う@7. 完全にそう思う	
1	0							以下のURLの動画を見て各質問に回答してください。##https://taiga-mori.github.io/questionaire/2dsoodane.html	動画が視聴できた	視聴できた@視聴できなかった	ロボットはこの情報をあらかじめ知っていた	知っていた@知らなかった	ロボットの反応は自然だった	1. 全くそう思わない@2. あまりそう思わない@3. ややそう思わない@4. どちらとも言えない@5. ややそう思う@6. かなりそう思う@7. 完全にそう思う	ロボットはこの情報に興味を持っている	1. 全くそう思わない@2. あまりそう思わない@3. ややそう思わない@4. どちらとも言えない@5. ややそう思う@6. かなりそう思う@7. 完全にそう思う	ロボットはこの情報に同意している	1. 全くそう思わない@2. あまりそう思わない@3. ややそう思わない@4. どちらとも言えない@5. ややそう思う@6. かなりそう思う@7. 完全にそう思う	
1	0							以下のURLの動画を見て各質問に回答してください。##https://taiga-mori.github.io/questionaire/1uhuun.html	動画が視聴できた	視聴できた@視聴できなかった	ロボットはこの情報をあらかじめ知っていた	知っていた@知らなかった	ロボットの反応は自然だった	1. 全くそう思わない@2. あまりそう思わない@3. ややそう思わない@4. どちらとも言えない@5. ややそう思う@6. かなりそう思う@7. 完全にそう思う	ロボットはこの情報に興味を持っている	1. 全くそう思わない@2. あまりそう思わない@3. ややそう思わない@4. どちらとも言えない@5. ややそう思う@6. かなりそう思う@7. 完全にそう思う	ロボットはこの情報に同意している	1. 全くそう思わない@2. あまりそう思わない@3. ややそう思わない@4. どちらとも言えない@5. ややそう思う@6. かなりそう思う@7. 完全にそう思う	
1	0							以下のURLの動画を見て各質問に回答してください。##https://taiga-mori.github.io/questionaire/9soodane.html	動画が視聴できた	視聴できた@視聴できなかった	ロボットはこの情報をあらかじめ知っていた	知っていた@知らなかった	ロボットの反応は自然だった	1. 全くそう思わない@2. あまりそう思わない@3. ややそう思わない@4. どちらとも言えない@5. ややそう思う@6. かなりそう思う@7. 完全にそう思う	ロボットはこの情報に興味を持っている	1. 全くそう思わない@2. あまりそう思わない@3. ややそう思わない@4. どちらとも言えない@5. ややそう思う@6. かなりそう思う@7. 完全にそう思う	ロボットはこの情報に同意している	1. 全くそう思わない@2. あまりそう思わない@3. ややそう思わない@4. どちらとも言えない@5. ややそう思う@6. かなりそう思う@7. 完全にそう思う	
1	0							以下のURLの動画を見て各質問に回答してください。##https://taiga-mori.github.io/questionaire/3d.html	動画が視聴できた	視聴できた@視聴できなかった	ロボットはこの情報をあらかじめ知っていた	知っていた@知らなかった	ロボットの反応は自然だった	1. 全くそう思わない@2. あまりそう思わない@3. ややそう思わない@4. どちらとも言えない@5. ややそう思う@6. かなりそう思う@7. 完全にそう思う	ロボットはこの情報に興味を持っている	1. 全くそう思わない@2. あまりそう思わない@3. ややそう思わない@4. どちらとも言えない@5. ややそう思う@6. かなりそう思う@7. 完全にそう思う	ロボットはこの情報に同意している	1. 全くそう思わない@2. あまりそう思わない@3. ややそう思わない@4. どちらとも言えない@5. ややそう思う@6. かなりそう思う@7. 完全にそう思う	
1	0							以下のURLの動画を見て各質問に回答してください。##https://taiga-mori.github.io/questionaire/24usoosoo.html	動画が視聴できた	視聴できた@視聴できなかった	ロボットはこの情報をあらかじめ知っていた	知っていた@知らなかった	ロボットの反応は自然だった	1. 全くそう思わない@2. あまりそう思わない@3. ややそう思わない@4. どちらとも言えない@5. ややそう思う@6. かなりそう思う@7. 完全にそう思う	ロボットはこの情報に興味を持っている	1. 全くそう思わない@2. あまりそう思わない@3. ややそう思わない@4. どちらとも言えない@5. ややそう思う@6. かなりそう思う@7. 完全にそう思う	ロボットはこの情報に同意している	1. 全くそう思わない@2. あまりそう思わない@3. ややそう思わない@4. どちらとも言えない@5. ややそう思う@6. かなりそう思う@7. 完全にそう思う	
1	0							以下のURLの動画を見て各質問に回答してください。##https://taiga-mori.github.io/questionaire/6uhee.html	動画が視聴できた	視聴できた@視聴できなかった	ロボットはこの情報をあらかじめ知っていた	知っていた@知らなかった	ロボットの反応は自然だった	1. 全くそう思わない@2. あまりそう思わない@3. ややそう思わない@4. どちらとも言えない@5. ややそう思う@6. かなりそう思う@7. 完全にそう思う	ロボットはこの情報に興味を持っている	1. 全くそう思わない@2. あまりそう思わない@3. ややそう思わない@4. どちらとも言えない@5. ややそう思う@6. かなりそう思う@7. 完全にそう思う	ロボットはこの情報に同意している	1. 全くそう思わない@2. あまりそう思わない@3. ややそう思わない@4. どちらとも言えない@5. ややそう思う@6. かなりそう思う@7. 完全にそう思う	
1	0							以下のURLの動画を見て各質問に回答してください。##https://taiga-mori.github.io/questionaire/14u.html	動画が視聴できた	視聴できた@視聴できなかった	ロボットはこの情報をあらかじめ知っていた	知っていた@知らなかった	ロボットの反応は自然だった	1. 全くそう思わない@2. あまりそう思わない@3. ややそう思わない@4. どちらとも言えない@5. ややそう思う@6. かなりそう思う@7. 完全にそう思う	ロボットはこの情報に興味を持っている	1. 全くそう思わない@2. あまりそう思わない@3. ややそう思わない@4. どちらとも言えない@5. ややそう思う@6. かなりそう思う@7. 完全にそう思う	ロボットはこの情報に同意している	1. 全くそう思わない@2. あまりそう思わない@3. ややそう思わない@4. どちらとも言えない@5. ややそう思う@6. かなりそう思う@7. 完全にそう思う	
1	0							以下のURLの動画を見て各質問に回答してください。##https://taiga-mori.github.io/questionaire/21dhee.html	動画が視聴できた	視聴できた@視聴できなかった	ロボットはこの情報をあらかじめ知っていた	知っていた@知らなかった	ロボットの反応は自然だった	1. 全くそう思わない@2. あまりそう思わない@3. ややそう思わない@4. どちらとも言えない@5. ややそう思う@6. かなりそう思う@7. 完全にそう思う	ロボットはこの情報に興味を持っている	1. 全くそう思わない@2. あまりそう思わない@3. ややそう思わない@4. どちらとも言えない@5. ややそう思う@6. かなりそう思う@7. 完全にそう思う	ロボットはこの情報に同意している	1. 全くそう思わない@2. あまりそう思わない@3. ややそう思わない@4. どちらとも言えない@5. ややそう思う@6. かなりそう思う@7. 完全にそう思う	
1	0							以下のURLの動画を見て各質問に回答してください。##https://taiga-mori.github.io/questionaire/12soosoo.html	動画が視聴できた	視聴できた@視聴できなかった	ロボットはこの情報をあらかじめ知っていた	知っていた@知らなかった	ロボットの反応は自然だった	1. 全くそう思わない@2. あまりそう思わない@3. ややそう思わない@4. どちらとも言えない@5. ややそう思う@6. かなりそう思う@7. 完全にそう思う	ロボットはこの情報に興味を持っている	1. 全くそう思わない@2. あまりそう思わない@3. ややそう思わない@4. どちらとも言えない@5. ややそう思う@6. かなりそう思う@7. 完全にそう思う	ロボットはこの情報に同意している	1. 全くそう思わない@2. あまりそう思わない@3. ややそう思わない@4. どちらとも言えない@5. ややそう思う@6. かなりそう思う@7. 完全にそう思う	
1	0							以下のURLの動画を見て各質問に回答してください。##https://taiga-mori.github.io/questionaire/16dsoosoo.html	動画が視聴できた	視聴できた@視聴できなかった	ロボットはこの情報をあらかじめ知っていた	知っていた@知らなかった	ロボットの反応は自然だった	1. 全くそう思わない@2. あまりそう思わない@3. ややそう思わない@4. どちらとも言えない@5. ややそう思う@6. かなりそう思う@7. 完全にそう思う	ロボットはこの情報に興味を持っている	1. 全くそう思わない@2. あまりそう思わない@3. ややそう思わない@4. どちらとも言えない@5. ややそう思う@6. かなりそう思う@7. 完全にそう思う	ロボットはこの情報に同意している	1. 全くそう思わない@2. あまりそう思わない@3. ややそう思わない@4. どちらとも言えない@5. ややそう思う@6. かなりそう思う@7. 完全にそう思う	
1	0							以下のURLの動画を見て各質問に回答してください。##https://taiga-mori.github.io/questionaire/11hee.html	動画が視聴できた	視聴できた@視聴できなかった	ロボットはこの情報をあらかじめ知っていた	知っていた@知らなかった	ロボットの反応は自然だった	1. 全くそう思わない@2. あまりそう思わない@3. ややそう思わない@4. どちらとも言えない@5. ややそう思う@6. かなりそう思う@7. 完全にそう思う	ロボットはこの情報に興味を持っている	1. 全くそう思わない@2. あまりそう思わない@3. ややそう思わない@4. どちらとも言えない@5. ややそう思う@6. かなりそう思う@7. 完全にそう思う	ロボットはこの情報に同意している	1. 全くそう思わない@2. あまりそう思わない@3. ややそう思わない@4. どちらとも言えない@5. ややそう思う@6. かなりそう思う@7. 完全にそう思う	
1	0							以下のURLの動画を見て各質問に回答してください。##https://taiga-mori.github.io/questionaire/19uaa.html	動画が視聴できた	視聴できた@視聴できなかった	ロボットはこの情報をあらかじめ知っていた	知っていた@知らなかった	ロボットの反応は自然だった	1. 全くそう思わない@2. あまりそう思わない@3. ややそう思わない@4. どちらとも言えない@5. ややそう思う@6. かなりそう思う@7. 完全にそう思う	ロボットはこの情報に興味を持っている	1. 全くそう思わない@2. あまりそう思わない@3. ややそう思わない@4. どちらとも言えない@5. ややそう思う@6. かなりそう思う@7. 完全にそう思う	ロボットはこの情報に同意している	1. 全くそう思わない@2. あまりそう思わない@3. ややそう思わない@4. どちらとも言えない@5. ややそう思う@6. かなりそう思う@7. 完全にそう思う	
1	0							以下のURLの動画を見て各質問に回答してください。##https://taiga-mori.github.io/questionaire/20aa.html	動画が視聴できた	視聴できた@視聴できなかった	ロボットはこの情報をあらかじめ知っていた	知っていた@知らなかった	ロボットの反応は自然だった	1. 全くそう思わない@2. あまりそう思わない@3. ややそう思わない@4. どちらとも言えない@5. ややそう思う@6. かなりそう思う@7. 完全にそう思う	ロボットはこの情報に興味を持っている	1. 全くそう思わない@2. あまりそう思わない@3. ややそう思わない@4. どちらとも言えない@5. ややそう思う@6. かなりそう思う@7. 完全にそう思う	ロボットはこの情報に同意している	1. 全くそう思わない@2. あまりそう思わない@3. ややそう思わない@4. どちらとも言えない@5. ややそう思う@6. かなりそう思う@7. 完全にそう思う	
1	0							以下のURLの動画を見て各質問に回答してください。##https://taiga-mori.github.io/questionaire/5u.html	動画が視聴できた	視聴できた@視聴できなかった	ロボットはこの情報をあらかじめ知っていた	知っていた@知らなかった	ロボットの反応は自然だった	1. 全くそう思わない@2. あまりそう思わない@3. ややそう思わない@4. どちらとも言えない@5. ややそう思う@6. かなりそう思う@7. 完全にそう思う	ロボットはこの情報に興味を持っている	1. 全くそう思わない@2. あまりそう思わない@3. ややそう思わない@4. どちらとも言えない@5. ややそう思う@6. かなりそう思う@7. 完全にそう思う	ロボットはこの情報に同意している	1. 全くそう思わない@2. あまりそう思わない@3. ややそう思わない@4. どちらとも言えない@5. ややそう思う@6. かなりそう思う@7. 完全にそう思う	
1	0							以下のURLの動画を見て各質問に回答してください。##https://taiga-mori.github.io/questionaire/7d.html	動画が視聴できた	視聴できた@視聴できなかった	ロボットはこの情報をあらかじめ知っていた	知っていた@知らなかった	ロボットの反応は自然だった	1. 全くそう思わない@2. あまりそう思わない@3. ややそう思わない@4. どちらとも言えない@5. ややそう思う@6. かなりそう思う@7. 完全にそう思う	ロボットはこの情報に興味を持っている	1. 全くそう思わない@2. あまりそう思わない@3. ややそう思わない@4. どちらとも言えない@5. ややそう思う@6. かなりそう思う@7. 完全にそう思う	ロボットはこの情報に同意している	1. 全くそう思わない@2. あまりそう思わない@3. ややそう思わない@4. どちらとも言えない@5. ややそう思う@6. かなりそう思う@7. 完全にそう思う	
1	0							以下のURLの動画を見て各質問に回答してください。##https://taiga-mori.github.io/questionaire/23unun.html	動画が視聴できた	視聴できた@視聴できなかった	ロボットはこの情報をあらかじめ知っていた	知っていた@知らなかった	ロボットの反応は自然だった	1. 全くそう思わない@2. あまりそう思わない@3. ややそう思わない@4. どちらとも言えない@5. ややそう思う@6. かなりそう思う@7. 完全にそう思う	ロボットはこの情報に興味を持っている	1. 全くそう思わない@2. あまりそう思わない@3. ややそう思わない@4. どちらとも言えない@5. ややそう思う@6. かなりそう思う@7. 完全にそう思う	ロボットはこの情報に同意している	1. 全くそう思わない@2. あまりそう思わない@3. ややそう思わない@4. どちらとも言えない@5. ややそう思う@6. かなりそう思う@7. 完全にそう思う	
1	0							以下のURLの動画を見て各質問に回答してください。##https://taiga-mori.github.io/questionaire/10uunun.html	動画が視聴できた	視聴できた@視聴できなかった	ロボットはこの情報をあらかじめ知っていた	知っていた@知らなかった	ロボットの反応は自然だった	1. 全くそう思わない@2. あまりそう思わない@3. ややそう思わない@4. どちらとも言えない@5. ややそう思う@6. かなりそう思う@7. 完全にそう思う	ロボットはこの情報に興味を持っている	1. 全くそう思わない@2. あまりそう思わない@3. ややそう思わない@4. どちらとも言えない@5. ややそう思う@6. かなりそう思う@7. 完全にそう思う	ロボットはこの情報に同意している	1. 全くそう思わない@2. あまりそう思わない@3. ややそう思わない@4. どちらとも言えない@5. ややそう思う@6. かなりそう思う@7. 完全にそう思う	
1	0							以下のURLの動画を見て各質問に回答してください。##https://taiga-mori.github.io/questionaire/13daa.html	動画が視聴できた	視聴できた@視聴できなかった	ロボットはこの情報をあらかじめ知っていた	知っていた@知らなかった	ロボットの反応は自然だった	1. 全くそう思わない@2. あまりそう思わない@3. ややそう思わない@4. どちらとも言えない@5. ややそう思う@6. かなりそう思う@7. 完全にそう思う	ロボットはこの情報に興味を持っている	1. 全くそう思わない@2. あまりそう思わない@3. ややそう思わない@4. どちらとも言えない@5. ややそう思う@6. かなりそう思う@7. 完全にそう思う	ロボットはこの情報に同意している	1. 全くそう思わない@2. あまりそう思わない@3. ややそう思わない@4. どちらとも言えない@5. ややそう思う@6. かなりそう思う@7. 完全にそう思う	
1	0							以下のURLの動画を見て各質問に回答してください。##https://taiga-mori.github.io/questionaire/8dunun.html	動画が視聴できた	視聴できた@視聴できなかった	ロボットはこの情報をあらかじめ知っていた	知っていた@知らなかった	ロボットの反応は自然だった	1. 全くそう思わない@2. あまりそう思わない@3. ややそう思わない@4. どちらとも言えない@5. ややそう思う@6. かなりそう思う@7. 完全にそう思う	ロボットはこの情報に興味を持っている	1. 全くそう思わない@2. あまりそう思わない@3. ややそう思わない@4. どちらとも言えない@5. ややそう思う@6. かなりそう思う@7. 完全にそう思う	ロボットはこの情報に同意している	1. 全くそう思わない@2. あまりそう思わない@3. ややそう思わない@4. どちらとも言えない@5. ややそう思う@6. かなりそう思う@7. 完全にそう思う	
1	0							あなたの年齢と性別を教えてください。	性別	男性@女性@その他@回答したくない	年齢	10代以下@20代@30代@40代@50代@60代@70代以上	質問はありません。「はい」を選択してください。	はい	質問はありません。「はい」を選択してください。	はい	質問はありません。「はい」を選択してください。	はい	
1	0							以下のURLの動画を見て各質問に回答してください。##https://taiga-mori.github.io/questionaire/22dhee.html	動画が視聴できた	視聴できた@視聴できなかった	ロボットはこの情報をあらかじめ知っていた	知っていた@知らなかった	ロボットの反応は自然だった	1. 全くそう思わない@2. あまりそう思わない@3. ややそう思わない@4. どちらとも言えない@5. ややそう思う@6. かなりそう思う@7. 完全にそう思う	ロボットはこの情報に興味を持っている	1. 全くそう思わない@2. あまりそう思わない@3. ややそう思わない@4. どちらとも言えない@5. ややそう思う@6. かなりそう思う@7. 完全にそう思う	ロボットはこの情報に同意している	1. 全くそう思わない@2. あまりそう思わない@3. ややそう思わない@4. どちらとも言えない@5. ややそう思う@6. かなりそう思う@7. 完全にそう思う	
1	0							以下のURLの動画を見て各質問に回答してください。##https://taiga-mori.github.io/questionaire/2u.html	動画が視聴できた	視聴できた@視聴できなかった	ロボットはこの情報をあらかじめ知っていた	知っていた@知らなかった	ロボットの反応は自然だった	1. 全くそう思わない@2. あまりそう思わない@3. ややそう思わない@4. どちらとも言えない@5. ややそう思う@6. かなりそう思う@7. 完全にそう思う	ロボットはこの情報に興味を持っている	1. 全くそう思わない@2. あまりそう思わない@3. ややそう思わない@4. どちらとも言えない@5. ややそう思う@6. かなりそう思う@7. 完全にそう思う	ロボットはこの情報に同意している	1. 全くそう思わない@2. あまりそう思わない@3. ややそう思わない@4. どちらとも言えない@5. ややそう思う@6. かなりそう思う@7. 完全にそう思う	
1	0							以下のURLの動画を見て各質問に回答してください。##https://taiga-mori.github.io/questionaire/1dsoodane.html	動画が視聴できた	視聴できた@視聴できなかった	ロボットはこの情報をあらかじめ知っていた	知っていた@知らなかった	ロボットの反応は自然だった	1. 全くそう思わない@2. あまりそう思わない@3. ややそう思わない@4. どちらとも言えない@5. ややそう思う@6. かなりそう思う@7. 完全にそう思う	ロボットはこの情報に興味を持っている	1. 全くそう思わない@2. あまりそう思わない@3. ややそう思わない@4. どちらとも言えない@5. ややそう思う@6. かなりそう思う@7. 完全にそう思う	ロボットはこの情報に同意している	1. 全くそう思わない@2. あまりそう思わない@3. ややそう思わない@4. どちらとも言えない@5. ややそう思う@6. かなりそう思う@7. 完全にそう思う	
1	0							以下のURLの動画を見て各質問に回答してください。##https://taiga-mori.github.io/questionaire/21uhee.html	動画が視聴できた	視聴できた@視聴できなかった	ロボットはこの情報をあらかじめ知っていた	知っていた@知らなかった	ロボットの反応は自然だった	1. 全くそう思わない@2. あまりそう思わない@3. ややそう思わない@4. どちらとも言えない@5. ややそう思う@6. かなりそう思う@7. 完全にそう思う	ロボットはこの情報に興味を持っている	1. 全くそう思わない@2. あまりそう思わない@3. ややそう思わない@4. どちらとも言えない@5. ややそう思う@6. かなりそう思う@7. 完全にそう思う	ロボットはこの情報に同意している	1. 全くそう思わない@2. あまりそう思わない@3. ややそう思わない@4. どちらとも言えない@5. ややそう思う@6. かなりそう思う@7. 完全にそう思う	
1	0							以下のURLの動画を見て各質問に回答してください。##https://taiga-mori.github.io/questionaire/19hee.html	動画が視聴できた	視聴できた@視聴できなかった	ロボットはこの情報をあらかじめ知っていた	知っていた@知らなかった	ロボットの反応は自然だった	1. 全くそう思わない@2. あまりそう思わない@3. ややそう思わない@4. どちらとも言えない@5. ややそう思う@6. かなりそう思う@7. 完全にそう思う	ロボットはこの情報に興味を持っている	1. 全くそう思わない@2. あまりそう思わない@3. ややそう思わない@4. どちらとも言えない@5. ややそう思う@6. かなりそう思う@7. 完全にそう思う	ロボットはこの情報に同意している	1. 全くそう思わない@2. あまりそう思わない@3. ややそう思わない@4. どちらとも言えない@5. ややそう思う@6. かなりそう思う@7. 完全にそう思う	
1	0							以下のURLの動画を見て各質問に回答してください。##https://taiga-mori.github.io/questionaire/15soodane.html	動画が視聴できた	視聴できた@視聴できなかった	ロボットはこの情報をあらかじめ知っていた	知っていた@知らなかった	ロボットの反応は自然だった	1. 全くそう思わない@2. あまりそう思わない@3. ややそう思わない@4. どちらとも言えない@5. ややそう思う@6. かなりそう思う@7. 完全にそう思う	ロボットはこの情報に興味を持っている	1. 全くそう思わない@2. あまりそう思わない@3. ややそう思わない@4. どちらとも言えない@5. ややそう思う@6. かなりそう思う@7. 完全にそう思う	ロボットはこの情報に同意している	1. 全くそう思わない@2. あまりそう思わない@3. ややそう思わない@4. どちらとも言えない@5. ややそう思う@6. かなりそう思う@7. 完全にそう思う	
1	0							以下のURLの動画を見て各質問に回答してください。##https://taiga-mori.github.io/questionaire/13d.html	動画が視聴できた	視聴できた@視聴できなかった	ロボットはこの情報をあらかじめ知っていた	知っていた@知らなかった	ロボットの反応は自然だった	1. 全くそう思わない@2. あまりそう思わない@3. ややそう思わない@4. どちらとも言えない@5. ややそう思う@6. かなりそう思う@7. 完全にそう思う	ロボットはこの情報に興味を持っている	1. 全くそう思わない@2. あまりそう思わない@3. ややそう思わない@4. どちらとも言えない@5. ややそう思う@6. かなりそう思う@7. 完全にそう思う	ロボットはこの情報に同意している	1. 全くそう思わない@2. あまりそう思わない@3. ややそう思わない@4. どちらとも言えない@5. ややそう思う@6. かなりそう思う@7. 完全にそう思う	
1	0							以下のURLの動画を見て各質問に回答してください。##https://taiga-mori.github.io/questionaire/6usoodane.html	動画が視聴できた	視聴できた@視聴できなかった	ロボットはこの情報をあらかじめ知っていた	知っていた@知らなかった	ロボットの反応は自然だった	1. 全くそう思わない@2. あまりそう思わない@3. ややそう思わない@4. どちらとも言えない@5. ややそう思う@6. かなりそう思う@7. 完全にそう思う	ロボットはこの情報に興味を持っている	1. 全くそう思わない@2. あまりそう思わない@3. ややそう思わない@4. どちらとも言えない@5. ややそう思う@6. かなりそう思う@7. 完全にそう思う	ロボットはこの情報に同意している	1. 全くそう思わない@2. あまりそう思わない@3. ややそう思わない@4. どちらとも言えない@5. ややそう思う@6. かなりそう思う@7. 完全にそう思う	
1	0							以下のURLの動画を見て各質問に回答してください。##https://taiga-mori.github.io/questionaire/3d.html	動画が視聴できた	視聴できた@視聴できなかった	ロボットはこの情報をあらかじめ知っていた	知っていた@知らなかった	ロボットの反応は自然だった	1. 全くそう思わない@2. あまりそう思わない@3. ややそう思わない@4. どちらとも言えない@5. ややそう思う@6. かなりそう思う@7. 完全にそう思う	ロボットはこの情報に興味を持っている	1. 全くそう思わない@2. あまりそう思わない@3. ややそう思わない@4. どちらとも言えない@5. ややそう思う@6. かなりそう思う@7. 完全にそう思う	ロボットはこの情報に同意している	1. 全くそう思わない@2. あまりそう思わない@3. ややそう思わない@4. どちらとも言えない@5. ややそう思う@6. かなりそう思う@7. 完全にそう思う	
1	0							以下のURLの動画を見て各質問に回答してください。##https://taiga-mori.github.io/questionaire/10daa.html	動画が視聴できた	視聴できた@視聴できなかった	ロボットはこの情報をあらかじめ知っていた	知っていた@知らなかった	ロボットの反応は自然だった	1. 全くそう思わない@2. あまりそう思わない@3. ややそう思わない@4. どちらとも言えない@5. ややそう思う@6. かなりそう思う@7. 完全にそう思う	ロボットはこの情報に興味を持っている	1. 全くそう思わない@2. あまりそう思わない@3. ややそう思わない@4. どちらとも言えない@5. ややそう思う@6. かなりそう思う@7. 完全にそう思う	ロボットはこの情報に同意している	1. 全くそう思わない@2. あまりそう思わない@3. ややそう思わない@4. どちらとも言えない@5. ややそう思う@6. かなりそう思う@7. 完全にそう思う	
1	0							以下のURLの動画を見て各質問に回答してください。##https://taiga-mori.github.io/questionaire/11soosoo.html	動画が視聴できた	視聴できた@視聴できなかった	ロボットはこの情報をあらかじめ知っていた	知っていた@知らなかった	ロボットの反応は自然だった	1. 全くそう思わない@2. あまりそう思わない@3. ややそう思わない@4. どちらとも言えない@5. ややそう思う@6. かなりそう思う@7. 完全にそう思う	ロボットはこの情報に興味を持っている	1. 全くそう思わない@2. あまりそう思わない@3. ややそう思わない@4. どちらとも言えない@5. ややそう思う@6. かなりそう思う@7. 完全にそう思う	ロボットはこの情報に同意している	1. 全くそう思わない@2. あまりそう思わない@3. ややそう思わない@4. どちらとも言えない@5. ややそう思う@6. かなりそう思う@7. 完全にそう思う	
1	0							以下のURLの動画を見て各質問に回答してください。##https://taiga-mori.github.io/questionaire/9usoosoo.html	動画が視聴できた	視聴できた@視聴できなかった	ロボットはこの情報をあらかじめ知っていた	知っていた@知らなかった	ロボットの反応は自然だった	1. 全くそう思わない@2. あまりそう思わない@3. ややそう思わない@4. どちらとも言えない@5. ややそう思う@6. かなりそう思う@7. 完全にそう思う	ロボットはこの情報に興味を持っている	1. 全くそう思わない@2. あまりそう思わない@3. ややそう思わない@4. どちらとも言えない@5. ややそう思う@6. かなりそう思う@7. 完全にそう思う	ロボットはこの情報に同意している	1. 全くそう思わない@2. あまりそう思わない@3. ややそう思わない@4. どちらとも言えない@5. ややそう思う@6. かなりそう思う@7. 完全にそう思う	
1	0							以下のURLの動画を見て各質問に回答してください。##https://taiga-mori.github.io/questionaire/4uaa.html	動画が視聴できた	視聴できた@視聴できなかった	ロボットはこの情報をあらかじめ知っていた	知っていた@知らなかった	ロボットの反応は自然だった	1. 全くそう思わない@2. あまりそう思わない@3. ややそう思わない@4. どちらとも言えない@5. ややそう思う@6. かなりそう思う@7. 完全にそう思う	ロボットはこの情報に興味を持っている	1. 全くそう思わない@2. あまりそう思わない@3. ややそう思わない@4. どちらとも言えない@5. ややそう思う@6. かなりそう思う@7. 完全にそう思う	ロボットはこの情報に同意している	1. 全くそう思わない@2. あまりそう思わない@3. ややそう思わない@4. どちらとも言えない@5. ややそう思う@6. かなりそう思う@7. 完全にそう思う	
1	0							以下のURLの動画を見て各質問に回答してください。##https://taiga-mori.github.io/questionaire/20u.html	動画が視聴できた	視聴できた@視聴できなかった	ロボットはこの情報をあらかじめ知っていた	知っていた@知らなかった	ロボットの反応は自然だった	1. 全くそう思わない@2. あまりそう思わない@3. ややそう思わない@4. どちらとも言えない@5. ややそう思う@6. かなりそう思う@7. 完全にそう思う	ロボットはこの情報に興味を持っている	1. 全くそう思わない@2. あまりそう思わない@3. ややそう思わない@4. どちらとも言えない@5. ややそう思う@6. かなりそう思う@7. 完全にそう思う	ロボットはこの情報に同意している	1. 全くそう思わない@2. あまりそう思わない@3. ややそう思わない@4. どちらとも言えない@5. ややそう思う@6. かなりそう思う@7. 完全にそう思う	
1	0							以下のURLの動画を見て各質問に回答してください。##https://taiga-mori.github.io/questionaire/16dsoosoo.html	動画が視聴できた	視聴できた@視聴できなかった	ロボットはこの情報をあらかじめ知っていた	知っていた@知らなかった	ロボットの反応は自然だった	1. 全くそう思わない@2. あまりそう思わない@3. ややそう思わない@4. どちらとも言えない@5. ややそう思う@6. かなりそう思う@7. 完全にそう思う	ロボットはこの情報に興味を持っている	1. 全くそう思わない@2. あまりそう思わない@3. ややそう思わない@4. どちらとも言えない@5. ややそう思う@6. かなりそう思う@7. 完全にそう思う	ロボットはこの情報に同意している	1. 全くそう思わない@2. あまりそう思わない@3. ややそう思わない@4. どちらとも言えない@5. ややそう思う@6. かなりそう思う@7. 完全にそう思う	
1	0							以下のURLの動画を見て各質問に回答してください。##https://taiga-mori.github.io/questionaire/12aa.html	動画が視聴できた	視聴できた@視聴できなかった	ロボットはこの情報をあらかじめ知っていた	知っていた@知らなかった	ロボットの反応は自然だった	1. 全くそう思わない@2. あまりそう思わない@3. ややそう思わない@4. どちらとも言えない@5. ややそう思う@6. かなりそう思う@7. 完全にそう思う	ロボットはこの情報に興味を持っている	1. 全くそう思わない@2. あまりそう思わない@3. ややそう思わない@4. どちらとも言えない@5. ややそう思う@6. かなりそう思う@7. 完全にそう思う	ロボットはこの情報に同意している	1. 全くそう思わない@2. あまりそう思わない@3. ややそう思わない@4. どちらとも言えない@5. ややそう思う@6. かなりそう思う@7. 完全にそう思う	
1	0							以下のURLの動画を見て各質問に回答してください。##https://taiga-mori.github.io/questionaire/17unun.html	動画が視聴できた	視聴できた@視聴できなかった	ロボットはこの情報をあらかじめ知っていた	知っていた@知らなかった	ロボットの反応は自然だった	1. 全くそう思わない@2. あまりそう思わない@3. ややそう思わない@4. どちらとも言えない@5. ややそう思う@6. かなりそう思う@7. 完全にそう思う	ロボットはこの情報に興味を持っている	1. 全くそう思わない@2. あまりそう思わない@3. ややそう思わない@4. どちらとも言えない@5. ややそう思う@6. かなりそう思う@7. 完全にそう思う	ロボットはこの情報に同意している	1. 全くそう思わない@2. あまりそう思わない@3. ややそう思わない@4. どちらとも言えない@5. ややそう思う@6. かなりそう思う@7. 完全にそう思う	
1	0							以下のURLの動画を見て各質問に回答してください。##https://taiga-mori.github.io/questionaire/7d.html	動画が視聴できた	視聴できた@視聴できなかった	ロボットはこの情報をあらかじめ知っていた	知っていた@知らなかった	ロボットの反応は自然だった	1. 全くそう思わない@2. あまりそう思わない@3. ややそう思わない@4. どちらとも言えない@5. ややそう思う@6. かなりそう思う@7. 完全にそう思う	ロボットはこの情報に興味を持っている	1. 全くそう思わない@2. あまりそう思わない@3. ややそう思わない@4. どちらとも言えない@5. ややそう思う@6. かなりそう思う@7. 完全にそう思う	ロボットはこの情報に同意している	1. 全くそう思わない@2. あまりそう思わない@3. ややそう思わない@4. どちらとも言えない@5. ややそう思う@6. かなりそう思う@7. 完全にそう思う	
1	0							以下のURLの動画を見て各質問に回答してください。##https://taiga-mori.github.io/questionaire/8uunun.html	動画が視聴できた	視聴できた@視聴できなかった	ロボットはこの情報をあらかじめ知っていた	知っていた@知らなかった	ロボットの反応は自然だった	1. 全くそう思わない@2. あまりそう思わない@3. ややそう思わない@4. どちらとも言えない@5. ややそう思う@6. かなりそう思う@7. 完全にそう思う	ロボットはこの情報に興味を持っている	1. 全くそう思わない@2. あまりそう思わない@3. ややそう思わない@4. どちらとも言えない@5. ややそう思う@6. かなりそう思う@7. 完全にそう思う	ロボットはこの情報に同意している	1. 全くそう思わない@2. あまりそう思わない@3. ややそう思わない@4. どちらとも言えない@5. ややそう思う@6. かなりそう思う@7. 完全にそう思う	
1	0							以下のURLの動画を見て各質問に回答してください。##https://taiga-mori.github.io/questionaire/23uhuun.html	動画が視聴できた	視聴できた@視聴できなかった	ロボットはこの情報をあらかじめ知っていた	知っていた@知らなかった	ロボットの反応は自然だった	1. 全くそう思わない@2. あまりそう思わない@3. ややそう思わない@4. どちらとも言えない@5. ややそう思う@6. かなりそう思う@7. 完全にそう思う	ロボットはこの情報に興味を持っている	1. 全くそう思わない@2. あまりそう思わない@3. ややそう思わない@4. どちらとも言えない@5. ややそう思う@6. かなりそう思う@7. 完全にそう思う	ロボットはこの情報に同意している	1. 全くそう思わない@2. あまりそう思わない@3. ややそう思わない@4. どちらとも言えない@5. ややそう思う@6. かなりそう思う@7. 完全にそう思う	
1	0							以下のURLの動画を見て各質問に回答してください。##https://taiga-mori.github.io/questionaire/18huun.html	動画が視聴できた	視聴できた@視聴できなかった	ロボットはこの情報をあらかじめ知っていた	知っていた@知らなかった	ロボットの反応は自然だった	1. 全くそう思わない@2. あまりそう思わない@3. ややそう思わない@4. どちらとも言えない@5. ややそう思う@6. かなりそう思う@7. 完全にそう思う	ロボットはこの情報に興味を持っている	1. 全くそう思わない@2. あまりそう思わない@3. ややそう思わない@4. どちらとも言えない@5. ややそう思う@6. かなりそう思う@7. 完全にそう思う	ロボットはこの情報に同意している	1. 全くそう思わない@2. あまりそう思わない@3. ややそう思わない@4. どちらとも言えない@5. ややそう思う@6. かなりそう思う@7. 完全にそう思う	
1	0							以下のURLの動画を見て各質問に回答してください。##https://taiga-mori.github.io/questionaire/24dhuun.html	動画が視聴できた	視聴できた@視聴できなかった	ロボットはこの情報をあらかじめ知っていた	知っていた@知らなかった	ロボットの反応は自然だった	1. 全くそう思わない@2. あまりそう思わない@3. ややそう思わない@4. どちらとも言えない@5. ややそう思う@6. かなりそう思う@7. 完全にそう思う	ロボットはこの情報に興味を持っている	1. 全くそう思わない@2. あまりそう思わない@3. ややそう思わない@4. どちらとも言えない@5. ややそう思う@6. かなりそう思う@7. 完全にそう思う	ロボットはこの情報に同意している	1. 全くそう思わない@2. あまりそう思わない@3. ややそう思わない@4. どちらとも言えない@5. ややそう思う@6. かなりそう思う@7. 完全にそう思う	
1	0							以下のURLの動画を見て各質問に回答してください。##https://taiga-mori.github.io/questionaire/14dunun.html	動画が視聴できた	視聴できた@視聴できなかった	ロボットはこの情報をあらかじめ知っていた	知っていた@知らなかった	ロボットの反応は自然だった	1. 全くそう思わない@2. あまりそう思わない@3. ややそう思わない@4. どちらとも言えない@5. ややそう思う@6. かなりそう思う@7. 完全にそう思う	ロボットはこの情報に興味を持っている	1. 全くそう思わない@2. あまりそう思わない@3. ややそう思わない@4. どちらとも言えない@5. ややそう思う@6. かなりそう思う@7. 完全にそう思う	ロボットはこの情報に同意している	1. 全くそう思わない@2. あまりそう思わない@3. ややそう思わない@4. どちらとも言えない@5. ややそう思う@6. かなりそう思う@7. 完全にそう思う	
1	0							以下のURLの動画を見て各質問に回答してください。##https://taiga-mori.github.io/questionaire/5u.html	動画が視聴できた	視聴できた@視聴できなかった	ロボットはこの情報をあらかじめ知っていた	知っていた@知らなかった	ロボットの反応は自然だった	1. 全くそう思わない@2. あまりそう思わない@3. ややそう思わない@4. どちらとも言えない@5. ややそう思う@6. かなりそう思う@7. 完全にそう思う	ロボットはこの情報に興味を持っている	1. 全くそう思わない@2. あまりそう思わない@3. ややそう思わない@4. どちらとも言えない@5. ややそう思う@6. かなりそう思う@7. 完全にそう思う	ロボットはこの情報に同意している	1. 全くそう思わない@2. あまりそう思わない@3. ややそう思わない@4. どちらとも言えない@5. ややそう思う@6. かなりそう思う@7. 完全にそう思う	
1	0							あなたの年齢と性別を教えてください。	性別	男性@女性@その他@回答したくない	年齢	10代以下@20代@30代@40代@50代@60代@70代以上	質問はありません。「はい」を選択してください。	はい	質問はありません。「はい」を選択してください。	はい	質問はありません。「はい」を選択してください。	はい	
1	0							以下のURLの動画を見て各質問に回答してください。##https://taiga-mori.github.io/questionaire/5d.html	動画が視聴できた	視聴できた@視聴できなかった	ロボットはこの情報をあらかじめ知っていた	知っていた@知らなかった	ロボットの反応は自然だった	1. 全くそう思わない@2. あまりそう思わない@3. ややそう思わない@4. どちらとも言えない@5. ややそう思う@6. かなりそう思う@7. 完全にそう思う	ロボットはこの情報に興味を持っている	1. 全くそう思わない@2. あまりそう思わない@3. ややそう思わない@4. どちらとも言えない@5. ややそう思う@6. かなりそう思う@7. 完全にそう思う	ロボットはこの情報に同意している	1. 全くそう思わない@2. あまりそう思わない@3. ややそう思わない@4. どちらとも言えない@5. ややそう思う@6. かなりそう思う@7. 完全にそう思う	
1	0							以下のURLの動画を見て各質問に回答してください。##https://taiga-mori.github.io/questionaire/12dsoosoo.html	動画が視聴できた	視聴できた@視聴できなかった	ロボットはこの情報をあらかじめ知っていた	知っていた@知らなかった	ロボットの反応は自然だった	1. 全くそう思わない@2. あまりそう思わない@3. ややそう思わない@4. どちらとも言えない@5. ややそう思う@6. かなりそう思う@7. 完全にそう思う	ロボットはこの情報に興味を持っている	1. 全くそう思わない@2. あまりそう思わない@3. ややそう思わない@4. どちらとも言えない@5. ややそう思う@6. かなりそう思う@7. 完全にそう思う	ロボットはこの情報に同意している	1. 全くそう思わない@2. あまりそう思わない@3. ややそう思わない@4. どちらとも言えない@5. ややそう思う@6. かなりそう思う@7. 完全にそう思う	
1	0							以下のURLの動画を見て各質問に回答してください。##https://taiga-mori.github.io/questionaire/4u.html	動画が視聴できた	視聴できた@視聴できなかった	ロボットはこの情報をあらかじめ知っていた	知っていた@知らなかった	ロボットの反応は自然だった	1. 全くそう思わない@2. あまりそう思わない@3. ややそう思わない@4. どちらとも言えない@5. ややそう思う@6. かなりそう思う@7. 完全にそう思う	ロボットはこの情報に興味を持っている	1. 全くそう思わない@2. あまりそう思わない@3. ややそう思わない@4. どちらとも言えない@5. ややそう思う@6. かなりそう思う@7. 完全にそう思う	ロボットはこの情報に同意している	1. 全くそう思わない@2. あまりそう思わない@3. ややそう思わない@4. どちらとも言えない@5. ややそう思う@6. かなりそう思う@7. 完全にそう思う	
1	0							以下のURLの動画を見て各質問に回答してください。##https://taiga-mori.github.io/questionaire/22dhuun.html	動画が視聴できた	視聴できた@視聴できなかった	ロボットはこの情報をあらかじめ知っていた	知っていた@知らなかった	ロボットの反応は自然だった	1. 全くそう思わない@2. あまりそう思わない@3. ややそう思わない@4. どちらとも言えない@5. ややそう思う@6. かなりそう思う@7. 完全にそう思う	ロボットはこの情報に興味を持っている	1. 全くそう思わない@2. あまりそう思わない@3. ややそう思わない@4. どちらとも言えない@5. ややそう思う@6. かなりそう思う@7. 完全にそう思う	ロボットはこの情報に同意している	1. 全くそう思わない@2. あまりそう思わない@3. ややそう思わない@4. どちらとも言えない@5. ややそう思う@6. かなりそう思う@7. 完全にそう思う	
1	0							以下のURLの動画を見て各質問に回答してください。##https://taiga-mori.github.io/questionaire/8huun.html	動画が視聴できた	視聴できた@視聴できなかった	ロボットはこの情報をあらかじめ知っていた	知っていた@知らなかった	ロボットの反応は自然だった	1. 全くそう思わない@2. あまりそう思わない@3. ややそう思わない@4. どちらとも言えない@5. ややそう思う@6. かなりそう思う@7. 完全にそう思う	ロボットはこの情報に興味を持っている	1. 全くそう思わない@2. あまりそう思わない@3. ややそう思わない@4. どちらとも言えない@5. ややそう思う@6. かなりそう思う@7. 完全にそう思う	ロボットはこの情報に同意している	1. 全くそう思わない@2. あまりそう思わない@3. ややそう思わない@4. どちらとも言えない@5. ややそう思う@6. かなりそう思う@7. 完全にそう思う	
1	0							以下のURLの動画を見て各質問に回答してください。##https://taiga-mori.github.io/questionaire/1soosoo.html	動画が視聴できた	視聴できた@視聴できなかった	ロボットはこの情報をあらかじめ知っていた	知っていた@知らなかった	ロボットの反応は自然だった	1. 全くそう思わない@2. あまりそう思わない@3. ややそう思わない@4. どちらとも言えない@5. ややそう思う@6. かなりそう思う@7. 完全にそう思う	ロボットはこの情報に興味を持っている	1. 全くそう思わない@2. あまりそう思わない@3. ややそう思わない@4. どちらとも言えない@5. ややそう思う@6. かなりそう思う@7. 完全にそう思う	ロボットはこの情報に同意している	1. 全くそう思わない@2. あまりそう思わない@3. ややそう思わない@4. どちらとも言えない@5. ややそう思う@6. かなりそう思う@7. 完全にそう思う	
1	0							以下のURLの動画を見て各質問に回答してください。##https://taiga-mori.github.io/questionaire/16usoosoo.html	動画が視聴できた	視聴できた@視聴できなかった	ロボットはこの情報をあらかじめ知っていた	知っていた@知らなかった	ロボットの反応は自然だった	1. 全くそう思わない@2. あまりそう思わない@3. ややそう思わない@4. どちらとも言えない@5. ややそう思う@6. かなりそう思う@7. 完全にそう思う	ロボットはこの情報に興味を持っている	1. 全くそう思わない@2. あまりそう思わない@3. ややそう思わない@4. どちらとも言えない@5. ややそう思う@6. かなりそう思う@7. 完全にそう思う	ロボットはこの情報に同意している	1. 全くそう思わない@2. あまりそう思わない@3. ややそう思わない@4. どちらとも言えない@5. ややそう思う@6. かなりそう思う@7. 完全にそう思う	
1	0							以下のURLの動画を見て各質問に回答してください。##https://taiga-mori.github.io/questionaire/15uhuun.html	動画が視聴できた	視聴できた@視聴できなかった	ロボットはこの情報をあらかじめ知っていた	知っていた@知らなかった	ロボットの反応は自然だった	1. 全くそう思わない@2. あまりそう思わない@3. ややそう思わない@4. どちらとも言えない@5. ややそう思う@6. かなりそう思う@7. 完全にそう思う	ロボットはこの情報に興味を持っている	1. 全くそう思わない@2. あまりそう思わない@3. ややそう思わない@4. どちらとも言えない@5. ややそう思う@6. かなりそう思う@7. 完全にそう思う	ロボットはこの情報に同意している	1. 全くそう思わない@2. あまりそう思わない@3. ややそう思わない@4. どちらとも言えない@5. ややそう思う@6. かなりそう思う@7. 完全にそう思う	
1	0							以下のURLの動画を見て各質問に回答してください。##https://taiga-mori.github.io/questionaire/14unun.html	動画が視聴できた	視聴できた@視聴できなかった	ロボットはこの情報をあらかじめ知っていた	知っていた@知らなかった	ロボットの反応は自然だった	1. 全くそう思わない@2. あまりそう思わない@3. ややそう思わない@4. どちらとも言えない@5. ややそう思う@6. かなりそう思う@7. 完全にそう思う	ロボットはこの情報に興味を持っている	1. 全くそう思わない@2. あまりそう思わない@3. ややそう思わない@4. どちらとも言えない@5. ややそう思う@6. かなりそう思う@7. 完全にそう思う	ロボットはこの情報に同意している	1. 全くそう思わない@2. あまりそう思わない@3. ややそう思わない@4. どちらとも言えない@5. ややそう思う@6. かなりそう思う@7. 完全にそう思う	
1	0							以下のURLの動画を見て各質問に回答してください。##https://taiga-mori.github.io/questionaire/10aa.html	動画が視聴できた	視聴できた@視聴できなかった	ロボットはこの情報をあらかじめ知っていた	知っていた@知らなかった	ロボットの反応は自然だった	1. 全くそう思わない@2. あまりそう思わない@3. ややそう思わない@4. どちらとも言えない@5. ややそう思う@6. かなりそう思う@7. 完全にそう思う	ロボットはこの情報に興味を持っている	1. 全くそう思わない@2. あまりそう思わない@3. ややそう思わない@4. どちらとも言えない@5. ややそう思う@6. かなりそう思う@7. 完全にそう思う	ロボットはこの情報に同意している	1. 全くそう思わない@2. あまりそう思わない@3. ややそう思わない@4. どちらとも言えない@5. ややそう思う@6. かなりそう思う@7. 完全にそう思う	
1	0							以下のURLの動画を見て各質問に回答してください。##https://taiga-mori.github.io/questionaire/23u.html	動画が視聴できた	視聴できた@視聴できなかった	ロボットはこの情報をあらかじめ知っていた	知っていた@知らなかった	ロボットの反応は自然だった	1. 全くそう思わない@2. あまりそう思わない@3. ややそう思わない@4. どちらとも言えない@5. ややそう思う@6. かなりそう思う@7. 完全にそう思う	ロボットはこの情報に興味を持っている	1. 全くそう思わない@2. あまりそう思わない@3. ややそう思わない@4. どちらとも言えない@5. ややそう思う@6. かなりそう思う@7. 完全にそう思う	ロボットはこの情報に同意している	1. 全くそう思わない@2. あまりそう思わない@3. ややそう思わない@4. どちらとも言えない@5. ややそう思う@6. かなりそう思う@7. 完全にそう思う	
1	0							以下のURLの動画を見て各質問に回答してください。##https://taiga-mori.github.io/questionaire/13uunun.html	動画が視聴できた	視聴できた@視聴できなかった	ロボットはこの情報をあらかじめ知っていた	知っていた@知らなかった	ロボットの反応は自然だった	1. 全くそう思わない@2. あまりそう思わない@3. ややそう思わない@4. どちらとも言えない@5. ややそう思う@6. かなりそう思う@7. 完全にそう思う	ロボットはこの情報に興味を持っている	1. 全くそう思わない@2. あまりそう思わない@3. ややそう思わない@4. どちらとも言えない@5. ややそう思う@6. かなりそう思う@7. 完全にそう思う	ロボットはこの情報に同意している	1. 全くそう思わない@2. あまりそう思わない@3. ややそう思わない@4. どちらとも言えない@5. ややそう思う@6. かなりそう思う@7. 完全にそう思う	
1	0							以下のURLの動画を見て各質問に回答してください。##https://taiga-mori.github.io/questionaire/20d.html	動画が視聴できた	視聴できた@視聴できなかった	ロボットはこの情報をあらかじめ知っていた	知っていた@知らなかった	ロボットの反応は自然だった	1. 全くそう思わない@2. あまりそう思わない@3. ややそう思わない@4. どちらとも言えない@5. ややそう思う@6. かなりそう思う@7. 完全にそう思う	ロボットはこの情報に興味を持っている	1. 全くそう思わない@2. あまりそう思わない@3. ややそう思わない@4. どちらとも言えない@5. ややそう思う@6. かなりそう思う@7. 完全にそう思う	ロボットはこの情報に同意している	1. 全くそう思わない@2. あまりそう思わない@3. ややそう思わない@4. どちらとも言えない@5. ややそう思う@6. かなりそう思う@7. 完全にそう思う	
1	0							以下のURLの動画を見て各質問に回答してください。##https://taiga-mori.github.io/questionaire/11daa.html	動画が視聴できた	視聴できた@視聴できなかった	ロボットはこの情報をあらかじめ知っていた	知っていた@知らなかった	ロボットの反応は自然だった	1. 全くそう思わない@2. あまりそう思わない@3. ややそう思わない@4. どちらとも言えない@5. ややそう思う@6. かなりそう思う@7. 完全にそう思う	ロボットはこの情報に興味を持っている	1. 全くそう思わない@2. あまりそう思わない@3. ややそう思わない@4. どちらとも言えない@5. ややそう思う@6. かなりそう思う@7. 完全にそう思う	ロボットはこの情報に同意している	1. 全くそう思わない@2. あまりそう思わない@3. ややそう思わない@4. どちらとも言えない@5. ややそう思う@6. かなりそう思う@7. 完全にそう思う	
1	0							以下のURLの動画を見て各質問に回答してください。##https://taiga-mori.github.io/questionaire/2uaa.html	動画が視聴できた	視聴できた@視聴できなかった	ロボットはこの情報をあらかじめ知っていた	知っていた@知らなかった	ロボットの反応は自然だった	1. 全くそう思わない@2. あまりそう思わない@3. ややそう思わない@4. どちらとも言えない@5. ややそう思う@6. かなりそう思う@7. 完全にそう思う	ロボットはこの情報に興味を持っている	1. 全くそう思わない@2. あまりそう思わない@3. ややそう思わない@4. どちらとも言えない@5. ややそう思う@6. かなりそう思う@7. 完全にそう思う	ロボットはこの情報に同意している	1. 全くそう思わない@2. あまりそう思わない@3. ややそう思わない@4. どちらとも言えない@5. ややそう思う@6. かなりそう思う@7. 完全にそう思う	
1	0							以下のURLの動画を見て各質問に回答してください。##https://taiga-mori.github.io/questionaire/18dunun.html	動画が視聴できた	視聴できた@視聴できなかった	ロボットはこの情報をあらかじめ知っていた	知っていた@知らなかった	ロボットの反応は自然だった	1. 全くそう思わない@2. あまりそう思わない@3. ややそう思わない@4. どちらとも言えない@5. ややそう思う@6. かなりそう思う@7. 完全にそう思う	ロボットはこの情報に興味を持っている	1. 全くそう思わない@2. あまりそう思わない@3. ややそう思わない@4. どちらとも言えない@5. ややそう思う@6. かなりそう思う@7. 完全にそう思う	ロボットはこの情報に同意している	1. 全くそう思わない@2. あまりそう思わない@3. ややそう思わない@4. どちらとも言えない@5. ややそう思う@6. かなりそう思う@7. 完全にそう思う	
1	0							以下のURLの動画を見て各質問に回答してください。##https://taiga-mori.github.io/questionaire/7d.html	動画が視聴できた	視聴できた@視聴できなかった	ロボットはこの情報をあらかじめ知っていた	知っていた@知らなかった	ロボットの反応は自然だった	1. 全くそう思わない@2. あまりそう思わない@3. ややそう思わない@4. どちらとも言えない@5. ややそう思う@6. かなりそう思う@7. 完全にそう思う	ロボットはこの情報に興味を持っている	1. 全くそう思わない@2. あまりそう思わない@3. ややそう思わない@4. どちらとも言えない@5. ややそう思う@6. かなりそう思う@7. 完全にそう思う	ロボットはこの情報に同意している	1. 全くそう思わない@2. あまりそう思わない@3. ややそう思わない@4. どちらとも言えない@5. ややそう思う@6. かなりそう思う@7. 完全にそう思う	
1	0							以下のURLの動画を見て各質問に回答してください。##https://taiga-mori.github.io/questionaire/9usoodane.html	動画が視聴できた	視聴できた@視聴できなかった	ロボットはこの情報をあらかじめ知っていた	知っていた@知らなかった	ロボットの反応は自然だった	1. 全くそう思わない@2. あまりそう思わない@3. ややそう思わない@4. どちらとも言えない@5. ややそう思う@6. かなりそう思う@7. 完全にそう思う	ロボットはこの情報に興味を持っている	1. 全くそう思わない@2. あまりそう思わない@3. ややそう思わない@4. どちらとも言えない@5. ややそう思う@6. かなりそう思う@7. 完全にそう思う	ロボットはこの情報に同意している	1. 全くそう思わない@2. あまりそう思わない@3. ややそう思わない@4. どちらとも言えない@5. ややそう思う@6. かなりそう思う@7. 完全にそう思う	
1	0							以下のURLの動画を見て各質問に回答してください。##https://taiga-mori.github.io/questionaire/17soodane.html	動画が視聴できた	視聴できた@視聴できなかった	ロボットはこの情報をあらかじめ知っていた	知っていた@知らなかった	ロボットの反応は自然だった	1. 全くそう思わない@2. あまりそう思わない@3. ややそう思わない@4. どちらとも言えない@5. ややそう思う@6. かなりそう思う@7. 完全にそう思う	ロボットはこの情報に興味を持っている	1. 全くそう思わない@2. あまりそう思わない@3. ややそう思わない@4. どちらとも言えない@5. ややそう思う@6. かなりそう思う@7. 完全にそう思う	ロボットはこの情報に同意している	1. 全くそう思わない@2. あまりそう思わない@3. ややそう思わない@4. どちらとも言えない@5. ややそう思う@6. かなりそう思う@7. 完全にそう思う	
1	0							以下のURLの動画を見て各質問に回答してください。##https://taiga-mori.github.io/questionaire/24uhee.html	動画が視聴できた	視聴できた@視聴できなかった	ロボットはこの情報をあらかじめ知っていた	知っていた@知らなかった	ロボットの反応は自然だった	1. 全くそう思わない@2. あまりそう思わない@3. ややそう思わない@4. どちらとも言えない@5. ややそう思う@6. かなりそう思う@7. 完全にそう思う	ロボットはこの情報に興味を持っている	1. 全くそう思わない@2. あまりそう思わない@3. ややそう思わない@4. どちらとも言えない@5. ややそう思う@6. かなりそう思う@7. 完全にそう思う	ロボットはこの情報に同意している	1. 全くそう思わない@2. あまりそう思わない@3. ややそう思わない@4. どちらとも言えない@5. ややそう思う@6. かなりそう思う@7. 完全にそう思う	
1	0							以下のURLの動画を見て各質問に回答してください。##https://taiga-mori.github.io/questionaire/19hee.html	動画が視聴できた	視聴できた@視聴できなかった	ロボットはこの情報をあらかじめ知っていた	知っていた@知らなかった	ロボットの反応は自然だった	1. 全くそう思わない@2. あまりそう思わない@3. ややそう思わない@4. どちらとも言えない@5. ややそう思う@6. かなりそう思う@7. 完全にそう思う	ロボットはこの情報に興味を持っている	1. 全くそう思わない@2. あまりそう思わない@3. ややそう思わない@4. どちらとも言えない@5. ややそう思う@6. かなりそう思う@7. 完全にそう思う	ロボットはこの情報に同意している	1. 全くそう思わない@2. あまりそう思わない@3. ややそう思わない@4. どちらとも言えない@5. ややそう思う@6. かなりそう思う@7. 完全にそう思う	
1	0							以下のURLの動画を見て各質問に回答してください。##https://taiga-mori.github.io/questionaire/6u.html	動画が視聴できた	視聴できた@視聴できなかった	ロボットはこの情報をあらかじめ知っていた	知っていた@知らなかった	ロボットの反応は自然だった	1. 全くそう思わない@2. あまりそう思わない@3. ややそう思わない@4. どちらとも言えない@5. ややそう思う@6. かなりそう思う@7. 完全にそう思う	ロボットはこの情報に興味を持っている	1. 全くそう思わない@2. あまりそう思わない@3. ややそう思わない@4. どちらとも言えない@5. ややそう思う@6. かなりそう思う@7. 完全にそう思う	ロボットはこの情報に同意している	1. 全くそう思わない@2. あまりそう思わない@3. ややそう思わない@4. どちらとも言えない@5. ややそう思う@6. かなりそう思う@7. 完全にそう思う	
1	0							以下のURLの動画を見て各質問に回答してください。##https://taiga-mori.github.io/questionaire/3dsoodane.html	動画が視聴できた	視聴できた@視聴できなかった	ロボットはこの情報をあらかじめ知っていた	知っていた@知らなかった	ロボットの反応は自然だった	1. 全くそう思わない@2. あまりそう思わない@3. ややそう思わない@4. どちらとも言えない@5. ややそう思う@6. かなりそう思う@7. 完全にそう思う	ロボットはこの情報に興味を持っている	1. 全くそう思わない@2. あまりそう思わない@3. ややそう思わない@4. どちらとも言えない@5. ややそう思う@6. かなりそう思う@7. 完全にそう思う	ロボットはこの情報に同意している	1. 全くそう思わない@2. あまりそう思わない@3. ややそう思わない@4. どちらとも言えない@5. ややそう思う@6. かなりそう思う@7. 完全にそう思う	
1	0							以下のURLの動画を見て各質問に回答してください。##https://taiga-mori.github.io/questionaire/21dhee.html	動画が視聴できた	視聴できた@視聴できなかった	ロボットはこの情報をあらかじめ知っていた	知っていた@知らなかった	ロボットの反応は自然だった	1. 全くそう思わない@2. あまりそう思わない@3. ややそう思わない@4. どちらとも言えない@5. ややそう思う@6. かなりそう思う@7. 完全にそう思う	ロボットはこの情報に興味を持っている	1. 全くそう思わない@2. あまりそう思わない@3. ややそう思わない@4. どちらとも言えない@5. ややそう思う@6. かなりそう思う@7. 完全にそう思う	ロボットはこの情報に同意している	1. 全くそう思わない@2. あまりそう思わない@3. ややそう思わない@4. どちらとも言えない@5. ややそう思う@6. かなりそう思う@7. 完全にそう思う	
1	0							あなたの年齢と性別を教えてください。	性別	男性@女性@その他@回答したくない	年齢	10代以下@20代@30代@40代@50代@60代@70代以上	質問はありません。「はい」を選択してください。	はい	質問はありません。「はい」を選択してください。	はい	質問はありません。「はい」を選択してください。	はい	
1	0							以下のURLの動画を見て各質問に回答してください。##https://taiga-mori.github.io/questionaire/15uhuun.html	動画が視聴できた	視聴できた@視聴できなかった	ロボットはこの情報をあらかじめ知っていた	知っていた@知らなかった	ロボットの反応は自然だった	1. 全くそう思わない@2. あまりそう思わない@3. ややそう思わない@4. どちらとも言えない@5. ややそう思う@6. かなりそう思う@7. 完全にそう思う	ロボットはこの情報に興味を持っている	1. 全くそう思わない@2. あまりそう思わない@3. ややそう思わない@4. どちらとも言えない@5. ややそう思う@6. かなりそう思う@7. 完全にそう思う	ロボットはこの情報に同意している	1. 全くそう思わない@2. あまりそう思わない@3. ややそう思わない@4. どちらとも言えない@5. ややそう思う@6. かなりそう思う@7. 完全にそう思う	
1	0							以下のURLの動画を見て各質問に回答してください。##https://taiga-mori.github.io/questionaire/18uunun.html	動画が視聴できた	視聴できた@視聴できなかった	ロボットはこの情報をあらかじめ知っていた	知っていた@知らなかった	ロボットの反応は自然だった	1. 全くそう思わない@2. あまりそう思わない@3. ややそう思わない@4. どちらとも言えない@5. ややそう思う@6. かなりそう思う@7. 完全にそう思う	ロボットはこの情報に興味を持っている	1. 全くそう思わない@2. あまりそう思わない@3. ややそう思わない@4. どちらとも言えない@5. ややそう思う@6. かなりそう思う@7. 完全にそう思う	ロボットはこの情報に同意している	1. 全くそう思わない@2. あまりそう思わない@3. ややそう思わない@4. どちらとも言えない@5. ややそう思う@6. かなりそう思う@7. 完全にそう思う	
1	0							以下のURLの動画を見て各質問に回答してください。##https://taiga-mori.github.io/questionaire/10d.html	動画が視聴できた	視聴できた@視聴できなかった	ロボットはこの情報をあらかじめ知っていた	知っていた@知らなかった	ロボットの反応は自然だった	1. 全くそう思わない@2. あまりそう思わない@3. ややそう思わない@4. どちらとも言えない@5. ややそう思う@6. かなりそう思う@7. 完全にそう思う	ロボットはこの情報に興味を持っている	1. 全くそう思わない@2. あまりそう思わない@3. ややそう思わない@4. どちらとも言えない@5. ややそう思う@6. かなりそう思う@7. 完全にそう思う	ロボットはこの情報に同意している	1. 全くそう思わない@2. あまりそう思わない@3. ややそう思わない@4. どちらとも言えない@5. ややそう思う@6. かなりそう思う@7. 完全にそう思う	
1	0							以下のURLの動画を見て各質問に回答してください。##https://taiga-mori.github.io/questionaire/1unun.html	動画が視聴できた	視聴できた@視聴できなかった	ロボットはこの情報をあらかじめ知っていた	知っていた@知らなかった	ロボットの反応は自然だった	1. 全くそう思わない@2. あまりそう思わない@3. ややそう思わない@4. どちらとも言えない@5. ややそう思う@6. かなりそう思う@7. 完全にそう思う	ロボットはこの情報に興味を持っている	1. 全くそう思わない@2. あまりそう思わない@3. ややそう思わない@4. どちらとも言えない@5. ややそう思う@6. かなりそう思う@7. 完全にそう思う	ロボットはこの情報に同意している	1. 全くそう思わない@2. あまりそう思わない@3. ややそう思わない@4. どちらとも言えない@5. ややそう思う@6. かなりそう思う@7. 完全にそう思う	
1	0							以下のURLの動画を見て各質問に回答してください。##https://taiga-mori.github.io/questionaire/6dunun.html	動画が視聴できた	視聴できた@視聴できなかった	ロボットはこの情報をあらかじめ知っていた	知っていた@知らなかった	ロボットの反応は自然だった	1. 全くそう思わない@2. あまりそう思わない@3. ややそう思わない@4. どちらとも言えない@5. ややそう思う@6. かなりそう思う@7. 完全にそう思う	ロボットはこの情報に興味を持っている	1. 全くそう思わない@2. あまりそう思わない@3. ややそう思わない@4. どちらとも言えない@5. ややそう思う@6. かなりそう思う@7. 完全にそう思う	ロボットはこの情報に同意している	1. 全くそう思わない@2. あまりそう思わない@3. ややそう思わない@4. どちらとも言えない@5. ややそう思う@6. かなりそう思う@7. 完全にそう思う	
1	0							以下のURLの動画を見て各質問に回答してください。##https://taiga-mori.github.io/questionaire/8huun.html	動画が視聴できた	視聴できた@視聴できなかった	ロボットはこの情報をあらかじめ知っていた	知っていた@知らなかった	ロボットの反応は自然だった	1. 全くそう思わない@2. あまりそう思わない@3. ややそう思わない@4. どちらとも言えない@5. ややそう思う@6. かなりそう思う@7. 完全にそう思う	ロボットはこの情報に興味を持っている	1. 全くそう思わない@2. あまりそう思わない@3. ややそう思わない@4. どちらとも言えない@5. ややそう思う@6. かなりそう思う@7. 完全にそう思う	ロボットはこの情報に同意している	1. 全くそう思わない@2. あまりそう思わない@3. ややそう思わない@4. どちらとも言えない@5. ややそう思う@6. かなりそう思う@7. 完全にそう思う	
1	0							以下のURLの動画を見て各質問に回答してください。##https://taiga-mori.github.io/questionaire/9u.html	動画が視聴できた	視聴できた@視聴できなかった	ロボットはこの情報をあらかじめ知っていた	知っていた@知らなかった	ロボットの反応は自然だった	1. 全くそう思わない@2. あまりそう思わない@3. ややそう思わない@4. どちらとも言えない@5. ややそう思う@6. かなりそう思う@7. 完全にそう思う	ロボットはこの情報に興味を持っている	1. 全くそう思わない@2. あまりそう思わない@3. ややそう思わない@4. どちらとも言えない@5. ややそう思う@6. かなりそう思う@7. 完全にそう思う	ロボットはこの情報に同意している	1. 全くそう思わない@2. あまりそう思わない@3. ややそう思わない@4. どちらとも言えない@5. ややそう思う@6. かなりそう思う@7. 完全にそう思う	
1	0							以下のURLの動画を見て各質問に回答してください。##https://taiga-mori.github.io/questionaire/24dhuun.html	動画が視聴できた	視聴できた@視聴できなかった	ロボットはこの情報をあらかじめ知っていた	知っていた@知らなかった	ロボットの反応は自然だった	1. 全くそう思わない@2. あまりそう思わない@3. ややそう思わない@4. どちらとも言えない@5. ややそう思う@6. かなりそう思う@7. 完全にそう思う	ロボットはこの情報に興味を持っている	1. 全くそう思わない@2. あまりそう思わない@3. ややそう思わない@4. どちらとも言えない@5. ややそう思う@6. かなりそう思う@7. 完全にそう思う	ロボットはこの情報に同意している	1. 全くそう思わない@2. あまりそう思わない@3. ややそう思わない@4. どちらとも言えない@5. ややそう思う@6. かなりそう思う@7. 完全にそう思う	
1	0							以下のURLの動画を見て各質問に回答してください。##https://taiga-mori.github.io/questionaire/19d.html	動画が視聴できた	視聴できた@視聴できなかった	ロボットはこの情報をあらかじめ知っていた	知っていた@知らなかった	ロボットの反応は自然だった	1. 全くそう思わない@2. あまりそう思わない@3. ややそう思わない@4. どちらとも言えない@5. ややそう思う@6. かなりそう思う@7. 完全にそう思う	ロボットはこの情報に興味を持っている	1. 全くそう思わない@2. あまりそう思わない@3. ややそう思わない@4. どちらとも言えない@5. ややそう思う@6. かなりそう思う@7. 完全にそう思う	ロボットはこの情報に同意している	1. 全くそう思わない@2. あまりそう思わない@3. ややそう思わない@4. どちらとも言えない@5. ややそう思う@6. かなりそう思う@7. 完全にそう思う	
1	0							以下のURLの動画を見て各質問に回答してください。##https://taiga-mori.github.io/questionaire/20u.html	動画が視聴できた	視聴できた@視聴できなかった	ロボットはこの情報をあらかじめ知っていた	知っていた@知らなかった	ロボットの反応は自然だった	1. 全くそう思わない@2. あまりそう思わない@3. ややそう思わない@4. どちらとも言えない@5. ややそう思う@6. かなりそう思う@7. 完全にそう思う	ロボットはこの情報に興味を持っている	1. 全くそう思わない@2. あまりそう思わない@3. ややそう思わない@4. どちらとも言えない@5. ややそう思う@6. かなりそう思う@7. 完全にそう思う	ロボットはこの情報に同意している	1. 全くそう思わない@2. あまりそう思わない@3. ややそう思わない@4. どちらとも言えない@5. ややそう思う@6. かなりそう思う@7. 完全にそう思う	
1	0							以下のURLの動画を見て各質問に回答してください。##https://taiga-mori.github.io/questionaire/14daa.html	動画が視聴できた	視聴できた@視聴できなかった	ロボットはこの情報をあらかじめ知っていた	知っていた@知らなかった	ロボットの反応は自然だった	1. 全くそう思わない@2. あまりそう思わない@3. ややそう思わない@4. どちらとも言えない@5. ややそう思う@6. かなりそう思う@7. 完全にそう思う	ロボットはこの情報に興味を持っている	1. 全くそう思わない@2. あまりそう思わない@3. ややそう思わない@4. どちらとも言えない@5. ややそう思う@6. かなりそう思う@7. 完全にそう思う	ロボットはこの情報に同意している	1. 全くそう思わない@2. あまりそう思わない@3. ややそう思わない@4. どちらとも言えない@5. ややそう思う@6. かなりそう思う@7. 完全にそう思う	
1	0							以下のURLの動画を見て各質問に回答してください。##https://taiga-mori.github.io/questionaire/17aa.html	動画が視聴できた	視聴できた@視聴できなかった	ロボットはこの情報をあらかじめ知っていた	知っていた@知らなかった	ロボットの反応は自然だった	1. 全くそう思わない@2. あまりそう思わない@3. ややそう思わない@4. どちらとも言えない@5. ややそう思う@6. かなりそう思う@7. 完全にそう思う	ロボットはこの情報に興味を持っている	1. 全くそう思わない@2. あまりそう思わない@3. ややそう思わない@4. どちらとも言えない@5. ややそう思う@6. かなりそう思う@7. 完全にそう思う	ロボットはこの情報に同意している	1. 全くそう思わない@2. あまりそう思わない@3. ややそう思わない@4. どちらとも言えない@5. ややそう思う@6. かなりそう思う@7. 完全にそう思う	
1	0							以下のURLの動画を見て各質問に回答してください。##https://taiga-mori.github.io/questionaire/5soosoo.html	動画が視聴できた	視聴できた@視聴できなかった	ロボットはこの情報をあらかじめ知っていた	知っていた@知らなかった	ロボットの反応は自然だった	1. 全くそう思わない@2. あまりそう思わない@3. ややそう思わない@4. どちらとも言えない@5. ややそう思う@6. かなりそう思う@7. 完全にそう思う	ロボットはこの情報に興味を持っている	1. 全くそう思わない@2. あまりそう思わない@3. ややそう思わない@4. どちらとも言えない@5. ややそう思う@6. かなりそう思う@7. 完全にそう思う	ロボットはこの情報に同意している	1. 全くそう思わない@2. あまりそう思わない@3. ややそう思わない@4. どちらとも言えない@5. ややそう思う@6. かなりそう思う@7. 完全にそう思う	
1	0							以下のURLの動画を見て各質問に回答してください。##https://taiga-mori.github.io/questionaire/2uaa.html	動画が視聴できた	視聴できた@視聴できなかった	ロボットはこの情報をあらかじめ知っていた	知っていた@知らなかった	ロボットの反応は自然だった	1. 全くそう思わない@2. あまりそう思わない@3. ややそう思わない@4. どちらとも言えない@5. ややそう思う@6. かなりそう思う@7. 完全にそう思う	ロボットはこの情報に興味を持っている	1. 全くそう思わない@2. あまりそう思わない@3. ややそう思わない@4. どちらとも言えない@5. ややそう思う@6. かなりそう思う@7. 完全にそう思う	ロボットはこの情報に同意している	1. 全くそう思わない@2. あまりそう思わない@3. ややそう思わない@4. どちらとも言えない@5. ややそう思う@6. かなりそう思う@7. 完全にそう思う	
1	0							以下のURLの動画を見て各質問に回答してください。##https://taiga-mori.github.io/questionaire/16dsoosoo.html	動画が視聴できた	視聴できた@視聴できなかった	ロボットはこの情報をあらかじめ知っていた	知っていた@知らなかった	ロボットの反応は自然だった	1. 全くそう思わない@2. あまりそう思わない@3. ややそう思わない@4. どちらとも言えない@5. ややそう思う@6. かなりそう思う@7. 完全にそう思う	ロボットはこの情報に興味を持っている	1. 全くそう思わない@2. あまりそう思わない@3. ややそう思わない@4. どちらとも言えない@5. ややそう思う@6. かなりそう思う@7. 完全にそう思う	ロボットはこの情報に同意している	1. 全くそう思わない@2. あまりそう思わない@3. ややそう思わない@4. どちらとも言えない@5. ややそう思う@6. かなりそう思う@7. 完全にそう思う	
1	0							以下のURLの動画を見て各質問に回答してください。##https://taiga-mori.github.io/questionaire/4usoosoo.html	動画が視聴できた	視聴できた@視聴できなかった	ロボットはこの情報をあらかじめ知っていた	知っていた@知らなかった	ロボットの反応は自然だった	1. 全くそう思わない@2. あまりそう思わない@3. ややそう思わない@4. どちらとも言えない@5. ややそう思う@6. かなりそう思う@7. 完全にそう思う	ロボットはこの情報に興味を持っている	1. 全くそう思わない@2. あまりそう思わない@3. ややそう思わない@4. どちらとも言えない@5. ややそう思う@6. かなりそう思う@7. 完全にそう思う	ロボットはこの情報に同意している	1. 全くそう思わない@2. あまりそう思わない@3. ややそう思わない@4. どちらとも言えない@5. ややそう思う@6. かなりそう思う@7. 完全にそう思う	
1	0							以下のURLの動画を見て各質問に回答してください。##https://taiga-mori.github.io/questionaire/23hee.html	動画が視聴できた	視聴できた@視聴できなかった	ロボットはこの情報をあらかじめ知っていた	知っていた@知らなかった	ロボットの反応は自然だった	1. 全くそう思わない@2. あまりそう思わない@3. ややそう思わない@4. どちらとも言えない@5. ややそう思う@6. かなりそう思う@7. 完全にそう思う	ロボットはこの情報に興味を持っている	1. 全くそう思わない@2. あまりそう思わない@3. ややそう思わない@4. どちらとも言えない@5. ややそう思う@6. かなりそう思う@7. 完全にそう思う	ロボットはこの情報に同意している	1. 全くそう思わない@2. あまりそう思わない@3. ややそう思わない@4. どちらとも言えない@5. ややそう思う@6. かなりそう思う@7. 完全にそう思う	
1	0							以下のURLの動画を見て各質問に回答してください。##https://taiga-mori.github.io/questionaire/22uhee.html	動画が視聴できた	視聴できた@視聴できなかった	ロボットはこの情報をあらかじめ知っていた	知っていた@知らなかった	ロボットの反応は自然だった	1. 全くそう思わない@2. あまりそう思わない@3. ややそう思わない@4. どちらとも言えない@5. ややそう思う@6. かなりそう思う@7. 完全にそう思う	ロボットはこの情報に興味を持っている	1. 全くそう思わない@2. あまりそう思わない@3. ややそう思わない@4. どちらとも言えない@5. ややそう思う@6. かなりそう思う@7. 完全にそう思う	ロボットはこの情報に同意している	1. 全くそう思わない@2. あまりそう思わない@3. ややそう思わない@4. どちらとも言えない@5. ややそう思う@6. かなりそう思う@7. 完全にそう思う	
1	0							以下のURLの動画を見て各質問に回答してください。##https://taiga-mori.github.io/questionaire/21u.html	動画が視聴できた	視聴できた@視聴できなかった	ロボットはこの情報をあらかじめ知っていた	知っていた@知らなかった	ロボットの反応は自然だった	1. 全くそう思わない@2. あまりそう思わない@3. ややそう思わない@4. どちらとも言えない@5. ややそう思う@6. かなりそう思う@7. 完全にそう思う	ロボットはこの情報に興味を持っている	1. 全くそう思わない@2. あまりそう思わない@3. ややそう思わない@4. どちらとも言えない@5. ややそう思う@6. かなりそう思う@7. 完全にそう思う	ロボットはこの情報に同意している	1. 全くそう思わない@2. あまりそう思わない@3. ややそう思わない@4. どちらとも言えない@5. ややそう思う@6. かなりそう思う@7. 完全にそう思う	
1	0							以下のURLの動画を見て各質問に回答してください。##https://taiga-mori.github.io/questionaire/3soodane.html	動画が視聴できた	視聴できた@視聴できなかった	ロボットはこの情報をあらかじめ知っていた	知っていた@知らなかった	ロボットの反応は自然だった	1. 全くそう思わない@2. あまりそう思わない@3. ややそう思わない@4. どちらとも言えない@5. ややそう思う@6. かなりそう思う@7. 完全にそう思う	ロボットはこの情報に興味を持っている	1. 全くそう思わない@2. あまりそう思わない@3. ややそう思わない@4. どちらとも言えない@5. ややそう思う@6. かなりそう思う@7. 完全にそう思う	ロボットはこの情報に同意している	1. 全くそう思わない@2. あまりそう思わない@3. ややそう思わない@4. どちらとも言えない@5. ややそう思う@6. かなりそう思う@7. 完全にそう思う	
1	0							以下のURLの動画を見て各質問に回答してください。##https://taiga-mori.github.io/questionaire/7d.html	動画が視聴できた	視聴できた@視聴できなかった	ロボットはこの情報をあらかじめ知っていた	知っていた@知らなかった	ロボットの反応は自然だった	1. 全くそう思わない@2. あまりそう思わない@3. ややそう思わない@4. どちらとも言えない@5. ややそう思う@6. かなりそう思う@7. 完全にそう思う	ロボットはこの情報に興味を持っている	1. 全くそう思わない@2. あまりそう思わない@3. ややそう思わない@4. どちらとも言えない@5. ややそう思う@6. かなりそう思う@7. 完全にそう思う	ロボットはこの情報に同意している	1. 全くそう思わない@2. あまりそう思わない@3. ややそう思わない@4. どちらとも言えない@5. ややそう思う@6. かなりそう思う@7. 完全にそう思う	
1	0							以下のURLの動画を見て各質問に回答してください。##https://taiga-mori.github.io/questionaire/12usoodane.html	動画が視聴できた	視聴できた@視聴できなかった	ロボットはこの情報をあらかじめ知っていた	知っていた@知らなかった	ロボットの反応は自然だった	1. 全くそう思わない@2. あまりそう思わない@3. ややそう思わない@4. どちらとも言えない@5. ややそう思う@6. かなりそう思う@7. 完全にそう思う	ロボットはこの情報に興味を持っている	1. 全くそう思わない@2. あまりそう思わない@3. ややそう思わない@4. どちらとも言えない@5. ややそう思う@6. かなりそう思う@7. 完全にそう思う	ロボットはこの情報に同意している	1. 全くそう思わない@2. あまりそう思わない@3. ややそう思わない@4. どちらとも言えない@5. ややそう思う@6. かなりそう思う@7. 完全にそう思う	
1	0							以下のURLの動画を見て各質問に回答してください。##https://taiga-mori.github.io/questionaire/11dsoodane.html	動画が視聴できた	視聴できた@視聴できなかった	ロボットはこの情報をあらかじめ知っていた	知っていた@知らなかった	ロボットの反応は自然だった	1. 全くそう思わない@2. あまりそう思わない@3. ややそう思わない@4. どちらとも言えない@5. ややそう思う@6. かなりそう思う@7. 完全にそう思う	ロボットはこの情報に興味を持っている	1. 全くそう思わない@2. あまりそう思わない@3. ややそう思わない@4. どちらとも言えない@5. ややそう思う@6. かなりそう思う@7. 完全にそう思う	ロボットはこの情報に同意している	1. 全くそう思わない@2. あまりそう思わない@3. ややそう思わない@4. どちらとも言えない@5. ややそう思う@6. かなりそう思う@7. 完全にそう思う	
1	0							以下のURLの動画を見て各質問に回答してください。##https://taiga-mori.github.io/questionaire/13dhee.html	動画が視聴できた	視聴できた@視聴できなかった	ロボットはこの情報をあらかじめ知っていた	知っていた@知らなかった	ロボットの反応は自然だった	1. 全くそう思わない@2. あまりそう思わない@3. ややそう思わない@4. どちらとも言えない@5. ややそう思う@6. かなりそう思う@7. 完全にそう思う	ロボットはこの情報に興味を持っている	1. 全くそう思わない@2. あまりそう思わない@3. ややそう思わない@4. どちらとも言えない@5. ややそう思う@6. かなりそう思う@7. 完全にそう思う	ロボットはこの情報に同意している	1. 全くそう思わない@2. あまりそう思わない@3. ややそう思わない@4. どちらとも言えない@5. ややそう思う@6. かなりそう思う@7. 完全にそう思う	
